Country Name,Year,GDP
Aruba,1986,405586592.2
Aruba,1987,487709497.2
Aruba,1988,596648044.7
Aruba,1989,695530726.3
Aruba,1990,764804469.3
Aruba,1991,872067039.1
Aruba,1992,958659217.9
Aruba,1993,1083240223
Aruba,1994,1245810056
Aruba,1995,1320670391
Aruba,1996,1379888268
Aruba,1997,1531843575
Aruba,1998,1665363128
Aruba,1999,1722905028
Aruba,2000,1873452514
Aruba,2001,1896456983
Aruba,2002,1961843575
Aruba,2003,2044111732
Aruba,2004,2254830726
Aruba,2005,2360017318
Aruba,2006,2469782682
Aruba,2007,2677641341
Aruba,2008,2843024581
Aruba,2009,2553793296
Aruba,2010,2453597207
Aruba,2011,2637859218
Aruba,2012,2615208380
Aruba,2013,2727849162
Aruba,2014,2790849721
Aruba,2015,2962906704
Aruba,2016,2983637430
Aruba,2017,3092427933
Aruba,2018,3276187709
Aruba,2019,3346623191
Aruba,2020,2471419182
Aruba,2021,2880902799
Aruba,2022,3324034443
Aruba,2023,3834729616
Aruba,2024,4265650673
Africa Eastern and Southern,1960,24205688712
Africa Eastern and Southern,1961,24958886027
Africa Eastern and Southern,1962,27073233857
Africa Eastern and Southern,1963,31769135009
Africa Eastern and Southern,1964,30279553207
Africa Eastern and Southern,1965,33806176717
Africa Eastern and Southern,1966,36927249593
Africa Eastern and Southern,1967,38444163574
Africa Eastern and Southern,1968,41742001495
Africa Eastern and Southern,1969,47048523179
Africa Eastern and Southern,1970,47593907820
Africa Eastern and Southern,1971,52188685167
Africa Eastern and Southern,1972,56726057494
Africa Eastern and Southern,1973,73083598129
Africa Eastern and Southern,1974,89535976340
Africa Eastern and Southern,1975,95295754527
Africa Eastern and Southern,1976,96006417140
Africa Eastern and Southern,1977,1.09208E+11
Africa Eastern and Southern,1978,1.24083E+11
Africa Eastern and Southern,1979,1.421E+11
Africa Eastern and Southern,1980,1.78472E+11
Africa Eastern and Southern,1981,1.85109E+11
Africa Eastern and Southern,1982,1.78356E+11
Africa Eastern and Southern,1983,1.85756E+11
Africa Eastern and Southern,1984,1.70039E+11
Africa Eastern and Southern,1985,1.49335E+11
Africa Eastern and Southern,1986,1.60554E+11
Africa Eastern and Southern,1987,1.90175E+11
Africa Eastern and Southern,1988,2.07369E+11
Africa Eastern and Southern,1989,2.20613E+11
Africa Eastern and Southern,1990,2.56383E+11
Africa Eastern and Southern,1991,2.76919E+11
Africa Eastern and Southern,1992,2.41188E+11
Africa Eastern and Southern,1993,2.39981E+11
Africa Eastern and Southern,1994,2.43478E+11
Africa Eastern and Southern,1995,2.73327E+11
Africa Eastern and Southern,1996,2.73428E+11
Africa Eastern and Southern,1997,2.88271E+11
Africa Eastern and Southern,1998,2.68728E+11
Africa Eastern and Southern,1999,2.65321E+11
Africa Eastern and Southern,2000,2.87042E+11
Africa Eastern and Southern,2001,2.6085E+11
Africa Eastern and Southern,2002,2.69746E+11
Africa Eastern and Southern,2003,3.58116E+11
Africa Eastern and Southern,2004,4.45975E+11
Africa Eastern and Southern,2005,5.21562E+11
Africa Eastern and Southern,2006,5.875E+11
Africa Eastern and Southern,2007,6.75E+11
Africa Eastern and Southern,2008,7.2677E+11
Africa Eastern and Southern,2009,7.26922E+11
Africa Eastern and Southern,2010,8.63822E+11
Africa Eastern and Southern,2011,9.59822E+11
Africa Eastern and Southern,2012,9.69266E+11
Africa Eastern and Southern,2013,9.81309E+11
Africa Eastern and Southern,2014,9.98836E+11
Africa Eastern and Southern,2015,9.10002E+11
Africa Eastern and Southern,2016,8.31868E+11
Africa Eastern and Southern,2017,9.78076E+11
Africa Eastern and Southern,2018,1.02096E+12
Africa Eastern and Southern,2019,1.01871E+12
Africa Eastern and Southern,2020,9.38608E+11
Africa Eastern and Southern,2021,1.11414E+12
Africa Eastern and Southern,2022,1.22897E+12
Africa Eastern and Southern,2023,1.17936E+12
Africa Eastern and Southern,2024,1.24269E+12
Afghanistan,2000,3521418060
Afghanistan,2001,2813571754
Afghanistan,2002,3825701439
Afghanistan,2003,4520946819
Afghanistan,2004,5224896719
Afghanistan,2005,6203256539
Afghanistan,2006,6971758282
Afghanistan,2007,9747886187
Afghanistan,2008,10109297048
Afghanistan,2009,12416152732
Afghanistan,2010,15856668556
Afghanistan,2011,17805098206
Afghanistan,2012,19907329778
Afghanistan,2013,20146416758
Afghanistan,2014,20497128556
Afghanistan,2015,19134221645
Afghanistan,2016,18116572395
Afghanistan,2017,18753456498
Afghanistan,2018,18053222687
Afghanistan,2019,18799444490
Afghanistan,2020,19955929052
Afghanistan,2021,14259995441
Afghanistan,2022,14497243872
Afghanistan,2023,17152234637
Africa Western and Central,1960,11904805742
Africa Western and Central,1961,12707719291
Africa Western and Central,1962,13630588814
Africa Western and Central,1963,14468913698
Africa Western and Central,1964,15803564796
Africa Western and Central,1965,16920876930
Africa Western and Central,1966,18033947667
Africa Western and Central,1967,16493541544
Africa Western and Central,1968,17022596884
Africa Western and Central,1969,19301191937
Africa Western and Central,1970,26696924214
Africa Western and Central,1971,24496786002
Africa Western and Central,1972,29489425516
Africa Western and Central,1973,36890633234
Africa Western and Central,1974,49687223643
Africa Western and Central,1975,57280116276
Africa Western and Central,1976,68385552348
Africa Western and Central,1977,71789497552
Africa Western and Central,1978,78778080490
Africa Western and Central,1979,96681064864
Africa Western and Central,1980,1.21446E+11
Africa Western and Central,1981,2.17607E+11
Africa Western and Central,1982,1.96265E+11
Africa Western and Central,1983,1.51421E+11
Africa Western and Central,1984,1.31373E+11
Africa Western and Central,1985,1.38005E+11
Africa Western and Central,1986,1.09518E+11
Africa Western and Central,1987,1.12641E+11
Africa Western and Central,1988,1.1177E+11
Africa Western and Central,1989,1.04577E+11
Africa Western and Central,1990,1.24278E+11
Africa Western and Central,1991,1.30794E+11
Africa Western and Central,1992,1.25449E+11
Africa Western and Central,1993,1.30547E+11
Africa Western and Central,1994,1.35351E+11
Africa Western and Central,1995,2.07844E+11
Africa Western and Central,1996,2.63564E+11
Africa Western and Central,1997,2.7646E+11
Africa Western and Central,1998,2.97127E+11
Africa Western and Central,1999,1.40119E+11
Africa Western and Central,2000,1.427E+11
Africa Western and Central,2001,1.50714E+11
Africa Western and Central,2002,1.80129E+11
Africa Western and Central,2003,2.08647E+11
Africa Western and Central,2004,2.57939E+11
Africa Western and Central,2005,3.16516E+11
Africa Western and Central,2006,4.02077E+11
Africa Western and Central,2007,4.70948E+11
Africa Western and Central,2008,5.7426E+11
Africa Western and Central,2009,5.15037E+11
Africa Western and Central,2010,6.05794E+11
Africa Western and Central,2011,6.91133E+11
Africa Western and Central,2012,7.4803E+11
Africa Western and Central,2013,8.4418E+11
Africa Western and Central,2014,9.04072E+11
Africa Western and Central,2015,7.78022E+11
Africa Western and Central,2016,7.00028E+11
Africa Western and Central,2017,6.94051E+11
Africa Western and Central,2018,7.7784E+11
Africa Western and Central,2019,1.027E+12
Africa Western and Central,2020,9.63785E+11
Africa Western and Central,2021,1.02665E+12
Africa Western and Central,2022,1.06365E+12
Africa Western and Central,2023,9.38238E+11
Africa Western and Central,2024,7.36385E+11
Angola,1980,5930503401
Angola,1981,5550483036
Angola,1982,5550483036
Angola,1983,5784341596
Angola,1984,6131475065
Angola,1985,7554065410
Angola,1986,7072536109
Angola,1987,8084412414
Angola,1988,8769836769
Angola,1989,10201780977
Angola,1990,11229515599
Angola,1991,10603784541
Angola,1992,8307810974
Angola,1993,5768720422
Angola,1994,4438321017
Angola,1995,5538749260
Angola,1996,7526421519
Angola,1997,7648380196
Angola,1998,6506221616
Angola,1999,6152923310
Angola,2000,9129594970
Angola,2001,8936079118
Angola,2002,17311512432
Angola,2003,20342128112
Angola,2004,26997977897
Angola,2005,41396636383
Angola,2006,58653659980
Angola,2007,73037821927
Angola,2008,98790432989
Angola,2009,81705175408
Angola,2010,95546919755
Angola,2011,1.25552E+11
Angola,2012,1.43573E+11
Angola,2013,1.48845E+11
Angola,2014,1.5345E+11
Angola,2015,1.02543E+11
Angola,2016,59878249719
Angola,2017,84376935689
Angola,2018,89512794227
Angola,2019,80734428593
Angola,2020,58852456454
Angola,2021,79559543805
Angola,2022,1.31212E+11
Angola,2023,1.07168E+11
Angola,2024,1.00999E+11
Albania,1980,1578102105
Albania,1981,1808177156
Albania,1982,1861163170
Albania,1983,1881412587
Albania,1984,1857337995
Albania,1985,1897050117
Albania,1986,2097326250
Albania,1987,2080796250
Albania,1988,2051236250
Albania,1989,2253090000
Albania,1990,2028553750
Albania,1991,1099559028
Albania,1992,652174990.8
Albania,1993,1185315468
Albania,1994,1880950864
Albania,1995,2905092799
Albania,1996,3234486232
Albania,1997,2293666030
Albania,1998,2600356999
Albania,1999,3283941510
Albania,2000,3584570165
Albania,2001,4059064033
Albania,2002,4515003117
Albania,2003,5801712040
Albania,2004,7406645793
Albania,2005,8256658250
Albania,2006,9150528132
Albania,2007,11116937870
Albania,2008,13258506375
Albania,2009,12335540656
Albania,2010,12086545641
Albania,2011,12973755875
Albania,2012,12246499748
Albania,2013,12796985886
Albania,2014,13296322588
Albania,2015,11470171827
Albania,2016,11988668785
Albania,2017,13258268436
Albania,2018,15379508330
Albania,2019,15585111614
Albania,2020,15241458745
Albania,2021,18031989573
Albania,2022,19017247014
Albania,2023,23491242727
Albania,2024,27046429297
Andorra,1970,78617711.1
Andorra,1971,89406608.15
Andorra,1972,113414397.4
Andorra,1973,150841639.3
Andorra,1974,186557082
Andorra,1975,220112572.2
Andorra,1976,227283850.8
Andorra,1977,253997897.2
Andorra,1978,308020261.2
Andorra,1979,411548748.4
Andorra,1980,446377776.8
Andorra,1981,388983266.2
Andorra,1982,375914743.6
Andorra,1983,327850042.5
Andorra,1984,330073080.6
Andorra,1985,346742714.7
Andorra,1986,481996012.9
Andorra,1987,611299924.5
Andorra,1988,721425939.2
Andorra,1989,795489582
Andorra,1990,1028989692
Andorra,1991,1106891362
Andorra,1992,1209992020
Andorra,1993,1007090270
Andorra,1994,1017544069
Andorra,1995,1178745283
Andorra,1996,1224024139
Andorra,1997,1180645572
Andorra,1998,1211953994
Andorra,1999,1240295199
Andorra,2000,1432606296
Andorra,2001,1548265927
Andorra,2002,1764279818
Andorra,2003,2366941614
Andorra,2004,2900244054
Andorra,2005,3161084847
Andorra,2006,3459336818
Andorra,2007,3957627537
Andorra,2008,4102317468
Andorra,2009,3688974807
Andorra,2010,3449925694
Andorra,2011,3629133063
Andorra,2012,3188653259
Andorra,2013,3193513470
Andorra,2014,3271686452
Andorra,2015,2789882569
Andorra,2016,2896611879
Andorra,2017,3000160415
Andorra,2018,3218418632
Andorra,2019,3155150256
Andorra,2020,2891002460
Andorra,2021,3324648076
Andorra,2022,3380611695
Andorra,2023,3785065525
Andorra,2024,4039842405
Arab World,1961,19998438485
Arab World,1962,20329047307
Arab World,1963,22364472061
Arab World,1964,24813307354
Arab World,1965,26771102387
Arab World,1966,28351046183
Arab World,1967,30600869635
Arab World,1968,34973045351
Arab World,1969,38563619624
Arab World,1970,43094140249
Arab World,1971,49930151659
Arab World,1972,59970718932
Arab World,1973,79130725987
Arab World,1974,1.52199E+11
Arab World,1975,1.6817E+11
Arab World,1976,2.10008E+11
Arab World,1977,2.42287E+11
Arab World,1978,2.65416E+11
Arab World,1979,3.58136E+11
Arab World,1980,4.86439E+11
Arab World,1981,4.94934E+11
Arab World,1982,4.631E+11
Arab World,1983,4.37477E+11
Arab World,1984,4.40187E+11
Arab World,1985,4.32864E+11
Arab World,1986,4.05452E+11
Arab World,1987,4.31233E+11
Arab World,1988,4.29363E+11
Arab World,1989,4.57356E+11
Arab World,1990,6.41684E+11
Arab World,1991,4.67929E+11
Arab World,1992,4.67773E+11
Arab World,1993,4.78902E+11
Arab World,1994,4.99876E+11
Arab World,1995,5.28475E+11
Arab World,1996,5.70906E+11
Arab World,1997,6.14595E+11
Arab World,1998,5.98783E+11
Arab World,1999,6.65405E+11
Arab World,2000,7.634E+11
Arab World,2001,7.44723E+11
Arab World,2002,7.46651E+11
Arab World,2003,8.30076E+11
Arab World,2004,9.87305E+11
Arab World,2005,1.21008E+12
Arab World,2006,1.43946E+12
Arab World,2007,1.67464E+12
Arab World,2008,2.11807E+12
Arab World,2009,1.82985E+12
Arab World,2010,2.1614E+12
Arab World,2011,2.57307E+12
Arab World,2012,2.81357E+12
Arab World,2013,2.88369E+12
Arab World,2014,2.93704E+12
Arab World,2015,2.58033E+12
Arab World,2016,2.53656E+12
Arab World,2017,2.61132E+12
Arab World,2018,2.92083E+12
Arab World,2019,2.96529E+12
Arab World,2020,2.6041E+12
Arab World,2021,3.08514E+12
Arab World,2022,3.74742E+12
Arab World,2023,3.6225E+12
Arab World,2024,3.73588E+12
United Arab Emirates,1970,685986701.3
United Arab Emirates,1971,939893599.6
United Arab Emirates,1972,1415086929
United Arab Emirates,1973,4231243616
United Arab Emirates,1974,11651505689
United Arab Emirates,1975,14720728249
United Arab Emirates,1976,19213158779
United Arab Emirates,1977,24871775165
United Arab Emirates,1978,23775764225
United Arab Emirates,1979,31225659621
United Arab Emirates,1980,43599160050
United Arab Emirates,1981,49333424135
United Arab Emirates,1982,46622718605
United Arab Emirates,1983,42803323345
United Arab Emirates,1984,41807954236
United Arab Emirates,1985,40603650232
United Arab Emirates,1986,33943612095
United Arab Emirates,1987,36384908744
United Arab Emirates,1988,36275674203
United Arab Emirates,1989,41464995914
United Arab Emirates,1990,50701443748
United Arab Emirates,1991,51552165622
United Arab Emirates,1992,54239171888
United Arab Emirates,1993,55625170253
United Arab Emirates,1994,59305093980
United Arab Emirates,1995,65743666576
United Arab Emirates,1996,73571233996
United Arab Emirates,1997,78839008445
United Arab Emirates,1998,75674336283
United Arab Emirates,1999,84445473111
United Arab Emirates,2000,1.04337E+11
United Arab Emirates,2001,1.03312E+11
United Arab Emirates,2002,1.09816E+11
United Arab Emirates,2003,1.24346E+11
United Arab Emirates,2004,1.47824E+11
United Arab Emirates,2005,1.80617E+11
United Arab Emirates,2006,2.22117E+11
United Arab Emirates,2007,2.57916E+11
United Arab Emirates,2008,3.15475E+11
United Arab Emirates,2009,2.53547E+11
United Arab Emirates,2010,3.07736E+11
United Arab Emirates,2011,3.68881E+11
United Arab Emirates,2012,3.92793E+11
United Arab Emirates,2013,4.09633E+11
United Arab Emirates,2014,4.24936E+11
United Arab Emirates,2015,3.81973E+11
United Arab Emirates,2016,3.81717E+11
United Arab Emirates,2017,4.03365E+11
United Arab Emirates,2018,4.4056E+11
United Arab Emirates,2019,4.33926E+11
United Arab Emirates,2020,3.57162E+11
United Arab Emirates,2021,4.22441E+11
United Arab Emirates,2022,5.11403E+11
United Arab Emirates,2023,5.22622E+11
United Arab Emirates,2024,5.52325E+11
Argentina,1960,15865474315
Argentina,1961,20132220375
Argentina,1962,18337691145
Argentina,1963,18272123664
Argentina,1964,25605249382
Argentina,1965,28344705967
Argentina,1966,28630474728
Argentina,1967,24256667553
Argentina,1968,26436857247
Argentina,1969,31256284544
Argentina,1970,31584210366
Argentina,1971,33293199095
Argentina,1972,34733000536
Argentina,1973,52544000117
Argentina,1974,72436777342
Argentina,1975,52438647922
Argentina,1976,51169499892
Argentina,1977,56781000101
Argentina,1978,89049453088
Argentina,1979,69252328952
Argentina,1980,76961923741
Argentina,1981,78676842367
Argentina,1982,84307486837
Argentina,1983,1.03979E+11
Argentina,1984,1.16915E+11
Argentina,1985,88150891728
Argentina,1986,1.05872E+11
Argentina,1987,1.08811E+11
Argentina,1988,1.2689E+11
Argentina,1989,76629728760
Argentina,1990,1.41353E+11
Argentina,1991,1.8972E+11
Argentina,1992,2.28779E+11
Argentina,1993,2.36742E+11
Argentina,1994,2.5744E+11
Argentina,1995,2.58032E+11
Argentina,1996,2.7215E+11
Argentina,1997,2.92859E+11
Argentina,1998,2.98948E+11
Argentina,1999,2.83523E+11
Argentina,2000,2.84204E+11
Argentina,2001,2.68697E+11
Argentina,2002,97724004252
Argentina,2003,1.27587E+11
Argentina,2004,1.64658E+11
Argentina,2005,1.98737E+11
Argentina,2006,2.32557E+11
Argentina,2007,2.87531E+11
Argentina,2008,3.61558E+11
Argentina,2009,3.32976E+11
Argentina,2010,4.23627E+11
Argentina,2011,5.30158E+11
Argentina,2012,5.45982E+11
Argentina,2013,5.52025E+11
Argentina,2014,5.2632E+11
Argentina,2015,5.94749E+11
Argentina,2016,5.57532E+11
Argentina,2017,6.43628E+11
Argentina,2018,5.2482E+11
Argentina,2019,4.47755E+11
Argentina,2020,3.85741E+11
Argentina,2021,4.86564E+11
Argentina,2022,6.33994E+11
Argentina,2023,6.49462E+11
Argentina,2024,6.38365E+11
Armenia,1990,2256863449
Armenia,1991,2069870130
Armenia,1992,1272835453
Armenia,1993,1201312829
Armenia,1994,1315158637
Armenia,1995,1468317435
Armenia,1996,1596968946
Armenia,1997,1639492445
Armenia,1998,1893726437
Armenia,1999,1845482173
Armenia,2000,1911563669
Armenia,2001,2118467913
Armenia,2002,2376335048
Armenia,2003,2807061009
Armenia,2004,3576615240
Armenia,2005,4900469511
Armenia,2006,6384452067
Armenia,2007,9206301270
Armenia,2008,11662040714
Armenia,2009,8647937081
Armenia,2010,9260285756
Armenia,2011,10142111825
Armenia,2012,10619320683
Armenia,2013,11121464437
Armenia,2014,11609513247
Armenia,2015,10553337518
Armenia,2016,10546136236
Armenia,2017,11527458709
Armenia,2018,12457940695
Armenia,2019,13619290539
Armenia,2020,12641698583
Armenia,2021,13878908629
Armenia,2022,19513506553
Armenia,2023,24185982216
Armenia,2024,25955275380
American Samoa,2002,512000000
American Samoa,2003,524000000
American Samoa,2004,509000000
American Samoa,2005,500000000
American Samoa,2006,493000000
American Samoa,2007,518000000
American Samoa,2008,560000000
American Samoa,2009,675000000
American Samoa,2010,573000000
American Samoa,2011,570000000
American Samoa,2012,640000000
American Samoa,2013,638000000
American Samoa,2014,643000000
American Samoa,2015,673000000
American Samoa,2016,671000000
American Samoa,2017,612000000
American Samoa,2018,639000000
American Samoa,2019,647000000
American Samoa,2020,721000000
American Samoa,2021,750000000
American Samoa,2022,871000000
Antigua and Barbuda,1977,77507407.41
Antigua and Barbuda,1978,88040740.74
Antigua and Barbuda,1979,109596296.3
Antigua and Barbuda,1980,132451851.9
Antigua and Barbuda,1981,149388888.9
Antigua and Barbuda,1982,166444444.4
Antigua and Barbuda,1983,184866666.7
Antigua and Barbuda,1984,212214814.8
Antigua and Barbuda,1985,246370370.4
Antigua and Barbuda,1986,297562963
Antigua and Barbuda,1987,346866666.7
Antigua and Barbuda,1988,411396296.3
Antigua and Barbuda,1989,455174074.1
Antigua and Barbuda,1990,478718518.5
Antigua and Barbuda,1991,504337037
Antigua and Barbuda,1992,525133333.3
Antigua and Barbuda,1993,565662963
Antigua and Barbuda,1994,625081481.5
Antigua and Barbuda,1995,616051851.9
Antigua and Barbuda,1996,679140740.7
Antigua and Barbuda,1997,734422222.2
Antigua and Barbuda,1998,789788888.9
Antigua and Barbuda,1999,835544444.4
Antigua and Barbuda,2000,901003703.7
Antigua and Barbuda,2001,877774074.1
Antigua and Barbuda,2002,898092592.6
Antigua and Barbuda,2003,948100000
Antigua and Barbuda,2004,1026329630
Antigua and Barbuda,2005,1143896296
Antigua and Barbuda,2006,1303674074
Antigua and Barbuda,2007,1487381481
Antigua and Barbuda,2008,1557640741
Antigua and Barbuda,2009,1386518519
Antigua and Barbuda,2010,1298348148
Antigua and Barbuda,2011,1287359259
Antigua and Barbuda,2012,1364729630
Antigua and Barbuda,2013,1325496296
Antigua and Barbuda,2014,1378707407
Antigua and Barbuda,2015,1437485185
Antigua and Barbuda,2016,1489603704
Antigua and Barbuda,2017,1534855556
Antigua and Barbuda,2018,1661529630
Antigua and Barbuda,2019,1726448148
Antigua and Barbuda,2020,1411637037
Antigua and Barbuda,2021,1602125926
Antigua and Barbuda,2022,1866566667
Antigua and Barbuda,2023,2005785185
Antigua and Barbuda,2024,2207622874
Australia,1960,18635682982
Australia,1961,19713123154
Australia,1962,19953923193
Australia,1963,21573443452
Australia,1964,23835843814
Australia,1965,26014244162
Australia,1966,27349284376
Australia,1967,30487524878
Australia,1968,32763365242
Australia,1969,36738245878
Australia,1970,41395206623
Australia,1971,45283847245
Australia,1972,52117990654
Australia,1973,63923126201
Australia,1974,89086219602
Australia,1975,97440939506
Australia,1976,1.05209E+11
Australia,1977,1.10505E+11
Australia,1978,1.18661E+11
Australia,1979,1.35094E+11
Australia,1980,1.50201E+11
Australia,1981,1.77152E+11
Australia,1982,1.94323E+11
Australia,1983,1.77524E+11
Australia,1984,1.9375E+11
Australia,1985,1.80861E+11
Australia,1986,1.82707E+11
Australia,1987,1.89727E+11
Australia,1988,2.36461E+11
Australia,1989,3.00264E+11
Australia,1990,3.11841E+11
Australia,1991,3.26416E+11
Australia,1992,3.25983E+11
Australia,1993,3.12569E+11
Australia,1994,3.23269E+11
Australia,1995,3.68725E+11
Australia,1996,4.01963E+11
Australia,1997,4.36322E+11
Australia,1998,4.00362E+11
Australia,1999,3.90348E+11
Australia,2000,4.16902E+11
Australia,2001,3.8036E+11
Australia,2002,3.96437E+11
Australia,2003,4.68517E+11
Australia,2004,6.15643E+11
Australia,2005,6.96811E+11
Australia,2006,7.49708E+11
Australia,2007,8.56604E+11
Australia,2008,1.05845E+12
Australia,2009,9.31762E+11
Australia,2010,1.15257E+12
Australia,2011,1.40294E+12
Australia,2012,1.55273E+12
Australia,2013,1.58374E+12
Australia,2014,1.47468E+12
Australia,2015,1.35681E+12
Australia,2016,1.21159E+12
Australia,2017,1.33089E+12
Australia,2018,1.43314E+12
Australia,2019,1.39835E+12
Australia,2020,1.33334E+12
Australia,2021,1.56062E+12
Australia,2022,1.69563E+12
Australia,2023,1.73445E+12
Australia,2024,1.75702E+12
Austria,1960,6624086313
Austria,1961,7346566038
Austria,1962,7793042529
Austria,1963,8414050621
Austria,1964,9213648656
Austria,1965,10041659445
Austria,1966,10939526219
Austria,1967,11634569522
Austria,1968,12499863917
Austria,1969,13647475854
Austria,1970,15312791744
Austria,1971,17788536733
Austria,1972,21973207929
Austria,1973,29399860145
Austria,1974,35051468640
Austria,1975,39902300703
Austria,1976,42791707448
Austria,1977,51343861460
Austria,1978,61809208756
Austria,1979,73647694287
Austria,1980,81737498405
Austria,1981,70755997062
Austria,1982,70996111963
Austria,1983,71838528420
Austria,1984,67719055773
Austria,1985,69114996010
Austria,1986,98648254169
Austria,1987,1.23682E+11
Austria,1988,1.32817E+11
Austria,1989,1.32584E+11
Austria,1990,1.65811E+11
Austria,1991,1.73113E+11
Austria,1992,1.94314E+11
Austria,1993,1.89634E+11
Austria,1994,2.02738E+11
Austria,1995,2.40094E+11
Austria,1996,2.35953E+11
Austria,1997,2.11725E+11
Austria,1998,2.17068E+11
Austria,1999,2.16422E+11
Austria,2000,1.96182E+11
Austria,2001,1.96477E+11
Austria,2002,2.12837E+11
Austria,2003,2.6078E+11
Austria,2004,2.9921E+11
Austria,2005,3.13952E+11
Austria,2006,3.33906E+11
Austria,2007,3.8676E+11
Austria,2008,4.29234E+11
Austria,2009,3.9929E+11
Austria,2010,3.89828E+11
Austria,2011,4.28955E+11
Austria,2012,4.0675E+11
Austria,2013,4.26581E+11
Austria,2014,4.38556E+11
Austria,2015,3.79546E+11
Austria,2016,3.93687E+11
Austria,2017,4.14926E+11
Austria,2018,4.52582E+11
Austria,2019,4.42984E+11
Austria,2020,4.34398E+11
Austria,2021,4.80466E+11
Austria,2022,4.73221E+11
Austria,2023,5.16671E+11
Austria,2024,5.34791E+11
Azerbaijan,1990,8884848485
Azerbaijan,1991,5344000000
Azerbaijan,1992,444658671.6
Azerbaijan,1993,1570392598
Azerbaijan,1994,1193141110
Azerbaijan,1995,2417331193
Azerbaijan,1996,3176507376
Azerbaijan,1997,3962362387
Azerbaijan,1998,4446368571
Azerbaijan,1999,4581248567
Azerbaijan,2000,5272615723
Azerbaijan,2001,5707616204
Azerbaijan,2002,6236087738
Azerbaijan,2003,7276413079
Azerbaijan,2004,8680405741
Azerbaijan,2005,13245421881
Azerbaijan,2006,20981929498
Azerbaijan,2007,33049419431
Azerbaijan,2008,48851293785
Azerbaijan,2009,44292427185
Azerbaijan,2010,52909294792
Azerbaijan,2011,65952796428
Azerbaijan,2012,69679944504
Azerbaijan,2013,74160560124
Azerbaijan,2014,75239785452
Azerbaijan,2015,53076235355
Azerbaijan,2016,37866996883
Azerbaijan,2017,40866627352
Azerbaijan,2018,47112470052
Azerbaijan,2019,48174235294
Azerbaijan,2020,42693000000
Azerbaijan,2021,54825411765
Azerbaijan,2022,78807470588
Azerbaijan,2023,72428470588
Azerbaijan,2024,74315882353
Burundi,1960,195999990
Burundi,1961,202999992
Burundi,1962,213500006
Burundi,1963,232749998
Burundi,1964,260750008
Burundi,1965,158994963
Burundi,1966,165444571.4
Burundi,1967,178297142.9
Burundi,1968,183200000
Burundi,1969,190205714.3
Burundi,1970,242732571.4
Burundi,1971,252842285.7
Burundi,1972,246804571.4
Burundi,1973,304339523.9
Burundi,1974,345263492.1
Burundi,1975,420986666.7
Burundi,1976,448412753.6
Burundi,1977,547535555.6
Burundi,1978,610225555.6
Burundi,1979,782496666.7
Burundi,1980,919726666.7
Burundi,1981,969046666.7
Burundi,1982,1013222222
Burundi,1983,1082926304
Burundi,1984,987143931.2
Burundi,1985,1149979286
Burundi,1986,1201725497
Burundi,1987,1131466494
Burundi,1988,1082403219
Burundi,1989,1113924130
Burundi,1990,1132101253
Burundi,1991,1167398478
Burundi,1992,1083037671
Burundi,1993,938632612
Burundi,1994,925030590.2
Burundi,1995,1000428394
Burundi,1996,869033856.3
Burundi,1997,972896267.9
Burundi,1998,893770740.2
Burundi,1999,808077223.4
Burundi,2000,870486065.9
Burundi,2001,876794723.1
Burundi,2002,825394519.4
Burundi,2003,784654423.6
Burundi,2004,915257323.4
Burundi,2005,1117113080
Burundi,2006,1273375078
Burundi,2007,1356199387
Burundi,2008,1611835857
Burundi,2009,1775495032
Burundi,2010,2032135192
Burundi,2011,2235812880
Burundi,2012,2327402363
Burundi,2013,2451624638
Burundi,2014,2705826648
Burundi,2015,2810532912
Burundi,2016,2618093125
Burundi,2017,2831362208
Burundi,2018,2913411408
Burundi,2019,2871555326
Burundi,2020,3227847281
Burundi,2021,3435598073
Burundi,2022,4036192553
Burundi,2023,3430949250
Burundi,2024,3082433067
Belgium,1960,11810619368
Belgium,1961,12561701694
Belgium,1962,13436827167
Belgium,1963,14445805381
Belgium,1964,16168044450
Belgium,1965,17597783297
Belgium,1966,18894891312
Belgium,1967,20252508995
Belgium,1968,21654856965
Belgium,1969,24019653475
Belgium,1970,26706196047
Belgium,1971,29821661870
Belgium,1972,37209418019
Belgium,1973,47743801490
Belgium,1974,56033077879
Belgium,1975,65678189097
Belgium,1976,71113882968
Belgium,1977,82839905459
Belgium,1978,1.01247E+11
Belgium,1979,1.16315E+11
Belgium,1980,1.26829E+11
Belgium,1981,1.0473E+11
Belgium,1982,92095926188
Belgium,1983,87184239053
Belgium,1984,83349530159
Belgium,1985,86268264148
Belgium,1986,1.20019E+11
Belgium,1987,1.49394E+11
Belgium,1988,1.62299E+11
Belgium,1989,1.64221E+11
Belgium,1990,2.05332E+11
Belgium,1991,2.10511E+11
Belgium,1992,2.34782E+11
Belgium,1993,2.24722E+11
Belgium,1994,2.44884E+11
Belgium,1995,2.88026E+11
Belgium,1996,2.79201E+11
Belgium,1997,2.52708E+11
Belgium,1998,2.58528E+11
Belgium,1999,2.58246E+11
Belgium,2000,2.36792E+11
Belgium,2001,2.36746E+11
Belgium,2002,2.58384E+11
Belgium,2003,3.18083E+11
Belgium,2004,3.69215E+11
Belgium,2005,3.85715E+11
Belgium,2006,4.0826E+11
Belgium,2007,4.70922E+11
Belgium,2008,5.17328E+11
Belgium,2009,4.85015E+11
Belgium,2010,4.81557E+11
Belgium,2011,5.27197E+11
Belgium,2012,4.98414E+11
Belgium,2013,5.24097E+11
Belgium,2014,5.37987E+11
Belgium,2015,4.61045E+11
Belgium,2016,4.74272E+11
Belgium,2017,5.00909E+11
Belgium,2018,5.42639E+11
Belgium,2019,5.36726E+11
Belgium,2020,5.29694E+11
Belgium,2021,5.98522E+11
Belgium,2022,5.91086E+11
Belgium,2023,6.51331E+11
Belgium,2024,6.7137E+11
Benin,1960,226195578.4
Benin,1961,235668220.5
Benin,1962,236434954
Benin,1963,253927697.3
Benin,1964,269819005.9
Benin,1965,289908680.4
Benin,1966,302925235.2
Benin,1967,306221953.1
Benin,1968,326323105.3
Benin,1969,330748244.5
Benin,1970,333627713.5
Benin,1971,335073027.5
Benin,1972,410331857
Benin,1973,504376074.2
Benin,1974,554654860.7
Benin,1975,676870140.3
Benin,1976,698408261.9
Benin,1977,750049778.8
Benin,1978,928843469.4
Benin,1979,1186231020
Benin,1980,1405251847
Benin,1981,1291120188
Benin,1982,1267778670
Benin,1983,1095348199
Benin,1984,1051134009
Benin,1985,1045712789
Benin,1986,1336102025
Benin,1987,1562412228
Benin,1988,1620246084
Benin,1989,1502294416
Benin,1990,1959965330
Benin,1991,1986437797
Benin,1992,1695315306
Benin,1993,2274558083
Benin,1994,1598075944
Benin,1995,2169627138
Benin,1996,2361116449
Benin,1997,2268301646
Benin,1998,2455092686
Benin,1999,3677393999
Benin,2000,3519991440
Benin,2001,3666222635
Benin,2002,4194342686
Benin,2003,5349258094
Benin,2004,6190270380
Benin,2005,6567654954
Benin,2006,7034111315
Benin,2007,8169048383
Benin,2008,9787734526
Benin,2009,9738626517
Benin,2010,9535345016
Benin,2011,10693321364
Benin,2012,11141358116
Benin,2013,12517845124
Benin,2014,13284527847
Benin,2015,11388160997
Benin,2016,11821065853
Benin,2017,12701655837
Benin,2018,14262408090
Benin,2019,14391686313
Benin,2020,15686741884
Benin,2021,17687623530
Benin,2022,17425405091
Benin,2023,19673291004
Benin,2024,21482643706
Burkina Faso,1960,330442815.8
Burkina Faso,1961,350247234.3
Burkina Faso,1962,379567099.2
Burkina Faso,1963,394040667.1
Burkina Faso,1964,410321645
Burkina Faso,1965,422916789.7
Burkina Faso,1966,433889766.2
Burkina Faso,1967,450753923.5
Burkina Faso,1968,460442689.4
Burkina Faso,1969,478298645.4
Burkina Faso,1970,458404268.8
Burkina Faso,1971,482411179.1
Burkina Faso,1972,578595522
Burkina Faso,1973,674773569.9
Burkina Faso,1974,751133430.4
Burkina Faso,1975,939972703.5
Burkina Faso,1976,976547188.1
Burkina Faso,1977,1131224878
Burkina Faso,1978,1475583645
Burkina Faso,1979,1748480621
Burkina Faso,1980,1928719888
Burkina Faso,1981,1775842334
Burkina Faso,1982,1754450096
Burkina Faso,1983,1600278605
Burkina Faso,1984,1459880132
Burkina Faso,1985,1552493196
Burkina Faso,1986,2036303358
Burkina Faso,1987,2369834950
Burkina Faso,1988,2616040479
Burkina Faso,1989,2615587734
Burkina Faso,1990,3101300779
Burkina Faso,1991,3135045584
Burkina Faso,1992,3356692505
Burkina Faso,1993,3199536465
Burkina Faso,1994,1895290637
Burkina Faso,1995,2379517975
Burkina Faso,1996,2586550595
Burkina Faso,1997,2447669102
Burkina Faso,1998,2804902367
Burkina Faso,1999,3389566713
Burkina Faso,2000,2968370088
Burkina Faso,2001,3190371081
Burkina Faso,2002,3622350063
Burkina Faso,2003,4740768143
Burkina Faso,2004,5451688538
Burkina Faso,2005,6146353173
Burkina Faso,2006,6547419820
Burkina Faso,2007,7625722837
Burkina Faso,2008,9451435490
Burkina Faso,2009,9450696873
Burkina Faso,2010,10109619741
Burkina Faso,2011,12080295978
Burkina Faso,2012,12561015157
Burkina Faso,2013,13444300486
Burkina Faso,2014,13943016077
Burkina Faso,2015,11832159316
Burkina Faso,2016,12833363045
Burkina Faso,2017,14106955615
Burkina Faso,2018,15890066221
Burkina Faso,2019,16032813503
Burkina Faso,2020,17725010533
Burkina Faso,2021,19697516284
Burkina Faso,2022,18622421395
Burkina Faso,2023,20112614449
Burkina Faso,2024,23124729853
Bangladesh,1960,4274894083
Bangladesh,1961,4817580375
Bangladesh,1962,5081413542
Bangladesh,1963,5319458563
Bangladesh,1964,5386054833
Bangladesh,1965,5906636792
Bangladesh,1966,6439687854
Bangladesh,1967,7253575688
Bangladesh,1968,7483685771
Bangladesh,1969,8471006438
Bangladesh,1970,8992722167
Bangladesh,1971,8751843188
Bangladesh,1972,6288245867
Bangladesh,1973,8086725729
Bangladesh,1974,12512460520
Bangladesh,1975,19448348073
Bangladesh,1976,10117113333
Bangladesh,1977,9651149302
Bangladesh,1978,13281767143
Bangladesh,1979,15565480322
Bangladesh,1980,18138049096
Bangladesh,1981,20249694002
Bangladesh,1982,18525399202
Bangladesh,1983,17609048822
Bangladesh,1984,18920840000
Bangladesh,1985,22278423077
Bangladesh,1986,21774033333
Bangladesh,1987,24298032258
Bangladesh,1988,26579005558
Bangladesh,1989,28781715189
Bangladesh,1990,31598340778
Bangladesh,1991,30957483950
Bangladesh,1992,31708874594
Bangladesh,1993,33166519418
Bangladesh,1994,33768660883
Bangladesh,1995,37939748769
Bangladesh,1996,46438484108
Bangladesh,1997,48244309133
Bangladesh,1998,49984559471
Bangladesh,1999,51270569884
Bangladesh,2000,53369787319
Bangladesh,2001,53991289844
Bangladesh,2002,54724081491
Bangladesh,2003,60158929188
Bangladesh,2004,65108544250
Bangladesh,2005,69476001239
Bangladesh,2006,71795736172
Bangladesh,2007,79611644975
Bangladesh,2008,91636997371
Bangladesh,2009,1.02475E+11
Bangladesh,2010,1.15276E+11
Bangladesh,2011,1.28607E+11
Bangladesh,2012,1.33311E+11
Bangladesh,2013,1.49999E+11
Bangladesh,2014,1.72887E+11
Bangladesh,2015,1.95147E+11
Bangladesh,2016,2.65225E+11
Bangladesh,2017,2.93732E+11
Bangladesh,2018,3.21363E+11
Bangladesh,2019,3.51232E+11
Bangladesh,2020,3.73979E+11
Bangladesh,2021,4.16272E+11
Bangladesh,2022,4.60132E+11
Bangladesh,2023,4.37415E+11
Bangladesh,2024,4.50119E+11
Bulgaria,1980,19839230769
Bulgaria,1981,19870000000
Bulgaria,1982,19342000000
Bulgaria,1983,16563666667
Bulgaria,1984,17594944444
Bulgaria,1985,17155421053
Bulgaria,1986,20249294118
Bulgaria,1987,28101000000
Bulgaria,1988,22555941176
Bulgaria,1989,21988444444
Bulgaria,1990,20632090909
Bulgaria,1991,7628738475
Bulgaria,1992,8602887623
Bulgaria,1993,10832064942
Bulgaria,1994,9709240034
Bulgaria,1995,18991484420
Bulgaria,1996,12294964838
Bulgaria,1997,11316127379
Bulgaria,1998,15031055047
Bulgaria,1999,13637098579
Bulgaria,2000,13245990274
Bulgaria,2001,14183446026
Bulgaria,2002,16403043850
Bulgaria,2003,21144957990
Bulgaria,2004,26157743369
Bulgaria,2005,29868657858
Bulgaria,2006,34380536496
Bulgaria,2007,44431257129
Bulgaria,2008,54480684188
Bulgaria,2009,52023801230
Bulgaria,2010,50689051382
Bulgaria,2011,57681293007
Bulgaria,2012,54297052002
Bulgaria,2013,55819262375
Bulgaria,2014,57080897012
Bulgaria,2015,50765918159
Bulgaria,2016,53929397039
Bulgaria,2017,59167647388
Bulgaria,2018,66097226262
Bulgaria,2019,68507731354
Bulgaria,2020,70486877546
Bulgaria,2021,84374613233
Bulgaria,2022,90506153294
Bulgaria,2023,1.02199E+11
Bulgaria,2024,1.13343E+11
Bahrain,1970,391577364.1
Bahrain,1971,422181562.2
Bahrain,1972,534081183.7
Bahrain,1973,761132545.1
Bahrain,1974,1042176884
Bahrain,1975,1099107601
Bahrain,1976,1581709519
Bahrain,1977,1989060283
Bahrain,1978,2272042965
Bahrain,1979,2710160739
Bahrain,1980,3493834468
Bahrain,1981,3943109532
Bahrain,1982,4145421080
Bahrain,1983,4247030468
Bahrain,1984,4440874566
Bahrain,1985,4152376484
Bahrain,1986,3470746843
Bahrain,1987,3856922694
Bahrain,1988,4209834173
Bahrain,1989,4393093963
Bahrain,1990,4809511005
Bahrain,1991,5248911170
Bahrain,1992,5402232447
Bahrain,1993,5913001064
Bahrain,1994,6330627926
Bahrain,1995,6651180851
Bahrain,1996,6938166755
Bahrain,1997,7219407713
Bahrain,1998,7031309043
Bahrain,1999,7528469149
Bahrain,2000,9062898936
Bahrain,2001,8976196809
Bahrain,2002,9593510638
Bahrain,2003,11074813830
Bahrain,2004,13150159574
Bahrain,2005,15968723404
Bahrain,2006,18504760638
Bahrain,2007,21730000000
Bahrain,2008,25710904255
Bahrain,2009,22938218085
Bahrain,2010,26805984043
Bahrain,2011,29914680851
Bahrain,2012,31963404255
Bahrain,2013,33823324468
Bahrain,2014,34772526596
Bahrain,2015,32523297872
Bahrain,2016,33884680851
Bahrain,2017,37204813830
Bahrain,2018,39567978723
Bahrain,2019,40446808511
Bahrain,2020,35837632979
Bahrain,2021,40840212766
Bahrain,2022,46458191489
Bahrain,2023,46192260638
Bahrain,2024,47109734309
"Bahamas, The",1960,169736027.2
"Bahamas, The",1961,190022030.4
"Bahamas, The",1962,212170033.9
"Bahamas, The",1963,237650038
"Bahamas, The",1964,266560042.6
"Bahamas, The",1965,300272048
"Bahamas, The",1966,346800000
"Bahamas, The",1967,398000000
"Bahamas, The",1968,453800000
"Bahamas, The",1969,538700000
"Bahamas, The",1970,539500000
"Bahamas, The",1971,573400000
"Bahamas, The",1972,590900000
"Bahamas, The",1973,670900000
"Bahamas, The",1974,632400000
"Bahamas, The",1975,596200000
"Bahamas, The",1976,642100000
"Bahamas, The",1977,713000000
"Bahamas, The",1978,832400000
"Bahamas, The",1979,1139800100
"Bahamas, The",1980,1335300000
"Bahamas, The",1981,1426500000
"Bahamas, The",1982,1578300000
"Bahamas, The",1983,1732800000
"Bahamas, The",1984,2041100000
"Bahamas, The",1985,2320699900
"Bahamas, The",1986,2472500000
"Bahamas, The",1987,2713999900
"Bahamas, The",1988,2817900000
"Bahamas, The",1989,3062000000
"Bahamas, The",1990,3166000000
"Bahamas, The",1991,3111160000
"Bahamas, The",1992,3109000000
"Bahamas, The",1993,3092000000
"Bahamas, The",1994,3259000000
"Bahamas, The",1995,3429000000
"Bahamas, The",1996,3609000000
"Bahamas, The",1997,6332360000
"Bahamas, The",1998,6833220000
"Bahamas, The",1999,7683870000
"Bahamas, The",2000,8076470000
"Bahamas, The",2001,8317830000
"Bahamas, The",2002,8881160000
"Bahamas, The",2003,8870090000
"Bahamas, The",2004,9055290000
"Bahamas, The",2005,9836200000
"Bahamas, The",2006,10167250000
"Bahamas, The",2007,10618340000
"Bahamas, The",2008,10526000000
"Bahamas, The",2009,9981960000
"Bahamas, The",2010,10095760000
"Bahamas, The",2011,10070450000
"Bahamas, The",2012,10720400000
"Bahamas, The",2013,10475300000
"Bahamas, The",2014,11139100000
"Bahamas, The",2015,11837600000
"Bahamas, The",2016,11880900000
"Bahamas, The",2017,12446900000
"Bahamas, The",2018,12819200000
"Bahamas, The",2019,13277000000
"Bahamas, The",2020,10363200000
"Bahamas, The",2021,12037000000
"Bahamas, The",2022,13896800000
"Bahamas, The",2023,15271300000
"Bahamas, The",2024,15832800000
Bosnia and Herzegovina,1990,7753478261
Bosnia and Herzegovina,1991,6122959184
Bosnia and Herzegovina,1992,4735044707
Bosnia and Herzegovina,1993,3630668950
Bosnia and Herzegovina,1994,1255802469
Bosnia and Herzegovina,1995,1866572954
Bosnia and Herzegovina,1996,2786045322
Bosnia and Herzegovina,1997,3671909673
Bosnia and Herzegovina,1998,4116774301
Bosnia and Herzegovina,1999,4686256363
Bosnia and Herzegovina,2000,5567772769
Bosnia and Herzegovina,2001,5800615375
Bosnia and Herzegovina,2002,6728220983
Bosnia and Herzegovina,2003,8498894359
Bosnia and Herzegovina,2004,10156541221
Bosnia and Herzegovina,2005,11222796337
Bosnia and Herzegovina,2006,12864841906
Bosnia and Herzegovina,2007,15778734264
Bosnia and Herzegovina,2008,19112796623
Bosnia and Herzegovina,2009,17613949091
Bosnia and Herzegovina,2010,17176315804
Bosnia and Herzegovina,2011,18644233537
Bosnia and Herzegovina,2012,17226735996
Bosnia and Herzegovina,2013,18179109209
Bosnia and Herzegovina,2014,18558734107
Bosnia and Herzegovina,2015,16404348361
Bosnia and Herzegovina,2016,17116926554
Bosnia and Herzegovina,2017,18326373136
Bosnia and Herzegovina,2018,20484058033
Bosnia and Herzegovina,2019,20482608984
Bosnia and Herzegovina,2020,20226038370
Bosnia and Herzegovina,2021,23672712121
Bosnia and Herzegovina,2022,24534663636
Bosnia and Herzegovina,2023,27592361498
Bosnia and Herzegovina,2024,29613572023
Belarus,1990,17389558233
Belarus,1991,18404907975
Belarus,1992,16939790094
Belarus,1993,16275073527
Belarus,1994,14931435232
Belarus,1995,13972683274
Belarus,1996,14500437520
Belarus,1997,14128408566
Belarus,1998,15222012660
Belarus,1999,12138486532
Belarus,2000,12736856828
Belarus,2001,12354820144
Belarus,2002,14594900945
Belarus,2003,17825444724
Belarus,2004,23141566293
Belarus,2005,30210091837
Belarus,2006,36961894281
Belarus,2007,45275711996
Belarus,2008,60752106347
Belarus,2009,50873167326
Belarus,2010,57231904543
Belarus,2011,61762382328
Belarus,2012,65685890439
Belarus,2013,75527558966
Belarus,2014,78813069121
Belarus,2015,56454769845
Belarus,2016,47723545321
Belarus,2017,54725405751
Belarus,2018,60031026576
Belarus,2019,64410170653
Belarus,2020,61371673345
Belarus,2021,69673747132
Belarus,2022,73775179925
Belarus,2023,72478760370
Belarus,2024,75961865472
Belize,1960,28072478.07
Belize,1961,29964999.97
Belize,1962,31857591.86
Belize,1963,33750113.75
Belize,1964,36194586.19
Belize,1965,40110040.11
Belize,1966,44450044.45
Belize,1967,47431255.75
Belize,1968,44999910
Belize,1969,47399905.2
Belize,1970,53339893.32
Belize,1971,59074687.2
Belize,1972,65998069.38
Belize,1973,78214767.83
Belize,1974,103160450.4
Belize,1975,118194026.3
Belize,1976,97094227.23
Belize,1977,117650000
Belize,1978,136300000
Belize,1979,151800000
Belize,1980,257400000
Belize,1981,260750000
Belize,1982,248550000
Belize,1983,262150000
Belize,1984,290350000
Belize,1985,287300000
Belize,1986,311500000
Belize,1987,371100000
Belize,1988,421450000
Belize,1989,491100000
Belize,1990,546750912.3
Belize,1991,596682100
Belize,1992,695741150
Belize,1993,752255150
Belize,1994,771838000
Belize,1995,818590250
Belize,1996,850339100
Belize,1997,872916050
Belize,1998,929047000
Belize,1999,999713050
Belize,2000,1138138100
Belize,2001,1172045150
Belize,2002,1243912050
Belize,2003,1308280250
Belize,2004,1400202000
Belize,2005,1474298400
Belize,2006,1590463100
Belize,2007,1706190450
Belize,2008,1738453600
Belize,2009,1688012750
Belize,2010,1748988400
Belize,2011,1831576700
Belize,2012,1917083500
Belize,2013,2035191450
Belize,2014,2138242200
Belize,2015,2193095150
Belize,2016,2239604950
Belize,2017,2266028250
Belize,2018,2285915050
Belize,2019,2381187850
Belize,2020,2047284600
Belize,2021,2428606250
Belize,2022,2846604350
Belize,2023,3052362650
Belize,2024,3203631800
Bermuda,1960,72400000
Bermuda,1961,76500000
Bermuda,1962,80700000
Bermuda,1963,82600000
Bermuda,1964,92200000
Bermuda,1965,98000000
Bermuda,1966,115000000
Bermuda,1967,134800000
Bermuda,1968,150000000
Bermuda,1969,164900000
Bermuda,1970,186300000
Bermuda,1971,211100000
Bermuda,1972,235400000
Bermuda,1973,269500000
Bermuda,1974,312600000
Bermuda,1975,345000000
Bermuda,1976,386300000
Bermuda,1977,447000000
Bermuda,1978,475800000
Bermuda,1979,517200000
Bermuda,1980,613299968
Bermuda,1981,739100032
Bermuda,1982,785500032
Bermuda,1983,889400000
Bermuda,1984,985699968
Bermuda,1985,1039500032
Bermuda,1986,1173500032
Bermuda,1987,1296499968
Bermuda,1988,1415100032
Bermuda,1989,1501500032
Bermuda,1990,1592400000
Bermuda,1991,1634900000
Bermuda,1992,1679900000
Bermuda,1993,1820359900
Bermuda,1994,1867160100
Bermuda,1995,2030750000
Bermuda,1996,2695390000
Bermuda,1997,2932827000
Bermuda,1998,3130748000
Bermuda,1999,3324433000
Bermuda,2000,3480219000
Bermuda,2001,3680483000
Bermuda,2002,3937228000
Bermuda,2003,4186525000
Bermuda,2004,4484703000
Bermuda,2005,4868136000
Bermuda,2006,6144000000
Bermuda,2007,6767000000
Bermuda,2008,6980000000
Bermuda,2009,6656000000
Bermuda,2010,6634526000
Bermuda,2011,6312691000
Bermuda,2012,6378188000
Bermuda,2013,6465756000
Bermuda,2014,6413988000
Bermuda,2015,6654541000
Bermuda,2016,6899911000
Bermuda,2017,7142316000
Bermuda,2018,7225977000
Bermuda,2019,7423465000
Bermuda,2020,6887364000
Bermuda,2021,7290037000
Bermuda,2022,7874381000
Bermuda,2023,8579242000
Bermuda,2024,9233600000
Bolivia,1960,377020202
Bolivia,1961,410101010.1
Bolivia,1962,448400673.4
Bolivia,1963,482828282.8
Bolivia,1964,544023569
Bolivia,1965,604377104.4
Bolivia,1966,669191919.2
Bolivia,1967,755808080.8
Bolivia,1968,857912457.9
Bolivia,1969,929629629.6
Bolivia,1970,1017003367
Bolivia,1971,1095622896
Bolivia,1972,1257615645
Bolivia,1973,1262968516
Bolivia,1974,2100249875
Bolivia,1975,2404697651
Bolivia,1976,2731984008
Bolivia,1977,3227436282
Bolivia,1978,3758220890
Bolivia,1979,4421336383
Bolivia,1980,4537479608
Bolivia,1981,5891598695
Bolivia,1982,5594126369
Bolivia,1983,5422656823
Bolivia,1984,6169483225
Bolivia,1985,5377276555
Bolivia,1986,3959382833
Bolivia,1987,4347956338
Bolivia,1988,4597612362
Bolivia,1989,4715973437
Bolivia,1990,4867582598
Bolivia,1991,5343262457
Bolivia,1992,5643868749
Bolivia,1993,5734699489
Bolivia,1994,5981222859
Bolivia,1995,6715161732
Bolivia,1996,7396949126
Bolivia,1997,7925736821
Bolivia,1998,8497494652
Bolivia,1999,8285064435
Bolivia,2000,8397855485
Bolivia,2001,8141516928
Bolivia,2002,7905485146
Bolivia,2003,8082399640
Bolivia,2004,8773451752
Bolivia,2005,9549122905
Bolivia,2006,11451844902
Bolivia,2007,13120108008
Bolivia,2008,16674276286
Bolivia,2009,17339992194
Bolivia,2010,19649723722
Bolivia,2011,23963164697
Bolivia,2012,27084497482
Bolivia,2013,30659338886
Bolivia,2014,32996188017
Bolivia,2015,33000198249
Bolivia,2016,33941126194
Bolivia,2017,45927439595
Bolivia,2018,48414038842
Bolivia,2019,49056643589
Bolivia,2020,42313784081
Bolivia,2021,47877892402
Bolivia,2022,50959081954
Bolivia,2023,52340206946
Bolivia,2024,54881327453
Brazil,1960,17030465539
Brazil,1961,17275940449
Brazil,1962,19231747852
Brazil,1963,23287712878
Brazil,1964,20963733695
Brazil,1965,22465522884
Brazil,1966,28283323733
Brazil,1967,31086389195
Brazil,1968,33930457425
Brazil,1969,37171640819
Brazil,1970,42327664794
Brazil,1971,48869830902
Brazil,1972,58434858375
Brazil,1973,83592275863
Brazil,1974,1.09795E+11
Brazil,1975,1.29204E+11
Brazil,1976,1.53169E+11
Brazil,1977,1.76344E+11
Brazil,1978,2.00279E+11
Brazil,1979,2.21338E+11
Brazil,1980,2.37393E+11
Brazil,1981,2.58015E+11
Brazil,1982,2.71314E+11
Brazil,1983,1.89657E+11
Brazil,1984,1.8834E+11
Brazil,1985,2.1088E+11
Brazil,1986,2.56481E+11
Brazil,1987,2.83057E+11
Brazil,1988,3.07882E+11
Brazil,1989,4.12991E+11
Brazil,1990,3.90726E+11
Brazil,1991,3.42609E+11
Brazil,1992,3.28188E+11
Brazil,1993,3.68296E+11
Brazil,1994,5.2537E+11
Brazil,1995,7.69333E+11
Brazil,1996,8.50426E+11
Brazil,1997,8.83206E+11
Brazil,1998,8.63711E+11
Brazil,1999,5.99642E+11
Brazil,2000,6.55448E+11
Brazil,2001,5.59984E+11
Brazil,2002,5.09795E+11
Brazil,2003,5.58234E+11
Brazil,2004,6.69289E+11
Brazil,2005,8.91634E+11
Brazil,2006,1.10763E+12
Brazil,2007,1.39711E+12
Brazil,2008,1.69586E+12
Brazil,2009,1.667E+12
Brazil,2010,2.20884E+12
Brazil,2011,2.61616E+12
Brazil,2012,2.46523E+12
Brazil,2013,2.47282E+12
Brazil,2014,2.45604E+12
Brazil,2015,1.80221E+12
Brazil,2016,1.79569E+12
Brazil,2017,2.06351E+12
Brazil,2018,1.91693E+12
Brazil,2019,1.87329E+12
Brazil,2020,1.47611E+12
Brazil,2021,1.67065E+12
Brazil,2022,1.95192E+12
Brazil,2023,2.19113E+12
Brazil,2024,2.18582E+12
Barbados,1960,80021846.95
Barbados,1961,85363759.34
Barbados,1962,88782583.46
Barbados,1963,99893761.27
Barbados,1964,99252731.45
Barbados,1965,105021996.9
Barbados,1966,113195122.8
Barbados,1967,125554008.7
Barbados,1968,125733668.5
Barbados,1969,141393142
Barbados,1970,166210203
Barbados,1971,186826503
Barbados,1972,213725216.7
Barbados,1973,260767827.6
Barbados,1974,311804629.9
Barbados,1975,402178605
Barbados,1976,435911268.6
Barbados,1977,495097667.9
Barbados,1978,552883707.1
Barbados,1979,670362452.1
Barbados,1980,1012280615
Barbados,1981,1114204743
Barbados,1982,1163923830
Barbados,1983,1236016507
Barbados,1984,1346890071
Barbados,1985,1409536121
Barbados,1986,1547755183
Barbados,1987,1704370308
Barbados,1988,1812757918
Barbados,1989,2006165167
Barbados,1990,2012131457
Barbados,1991,2020583702
Barbados,1992,1957000000
Barbados,1993,2063342117
Barbados,1994,2151344901
Barbados,1995,2216974096
Barbados,1996,2363645403
Barbados,1997,2498384130
Barbados,1998,2817083478
Barbados,1999,2951822205
Barbados,2000,3059500000
Barbados,2001,3054500000
Barbados,2002,3106500000
Barbados,2003,3209500000
Barbados,2004,3444500000
Barbados,2005,3819500000
Barbados,2006,4217323400
Barbados,2007,4675767950
Barbados,2008,4790410400
Barbados,2009,4466809600
Barbados,2010,5672900000
Barbados,2011,5663100000
Barbados,2012,5761450000
Barbados,2013,5667200000
Barbados,2014,5620600000
Barbados,2015,5698150000
Barbados,2016,5674600000
Barbados,2017,5683150000
Barbados,2018,6001950000
Barbados,2019,6161850000
Barbados,2020,5407050000
Barbados,2021,5947550000
Barbados,2022,6884900000
Barbados,2023,7223250000
Barbados,2024,7498050000
Brunei Darussalam,1965,114039500.6
Brunei Darussalam,1966,132757528
Brunei Darussalam,1967,139029537.2
Brunei Darussalam,1968,160818235.9
Brunei Darussalam,1969,161210236.4
Brunei Darussalam,1970,179078929.3
Brunei Darussalam,1971,197525767.8
Brunei Darussalam,1972,270822782
Brunei Darussalam,1973,433095526.7
Brunei Darussalam,1974,2319576214
Brunei Darussalam,1975,2496420258
Brunei Darussalam,1976,3054765590
Brunei Darussalam,1977,3681242528
Brunei Darussalam,1978,4100423674
Brunei Darussalam,1979,6044367628
Brunei Darussalam,1980,10795432294
Brunei Darussalam,1981,9367218664
Brunei Darussalam,1982,8932198186
Brunei Darussalam,1983,7927590750
Brunei Darussalam,1984,7632788075
Brunei Darussalam,1985,6967623884
Brunei Darussalam,1986,4190280003
Brunei Darussalam,1987,4918010080
Brunei Darussalam,1988,4535130305
Brunei Darussalam,1989,4983622881
Brunei Darussalam,1990,6039881087
Brunei Darussalam,1991,6284497294
Brunei Darussalam,1992,6327966435
Brunei Darussalam,1993,6203339912
Brunei Darussalam,1994,6467782518
Brunei Darussalam,1995,7700144069
Brunei Darussalam,1996,7663377306
Brunei Darussalam,1997,7793034376
Brunei Darussalam,1998,5550846020
Brunei Darussalam,1999,6309070378
Brunei Darussalam,2000,6570999088
Brunei Darussalam,2001,6096155767
Brunei Darussalam,2002,6333082876
Brunei Darussalam,2003,7167725262
Brunei Darussalam,2004,8619178774
Brunei Darussalam,2005,10547202621
Brunei Darussalam,2006,12644616419
Brunei Darussalam,2007,13432029484
Brunei Darussalam,2008,15926456515
Brunei Darussalam,2009,11912904510
Brunei Darussalam,2010,13707121038
Brunei Darussalam,2011,18524791063
Brunei Darussalam,2012,19048443341
Brunei Darussalam,2013,18094148099
Brunei Darussalam,2014,17097797386
Brunei Darussalam,2015,12930296870
Brunei Darussalam,2016,11400266045
Brunei Darussalam,2017,12128168045
Brunei Darussalam,2018,13566908391
Brunei Darussalam,2019,13469235365
Brunei Darussalam,2020,12005799654
Brunei Darussalam,2021,14006496617
Brunei Darussalam,2022,16681536467
Brunei Darussalam,2023,15095084656
Brunei Darussalam,2024,15340808592
Bhutan,1970,61812113.07
Bhutan,1971,66289450.33
Bhutan,1972,70139866.81
Bhutan,1973,78900289.32
Bhutan,1974,92901784.5
Bhutan,1975,86820762.49
Bhutan,1976,88461262.78
Bhutan,1977,97884433.8
Bhutan,1978,94086227.61
Bhutan,1979,105377995.2
Bhutan,1980,128669200.9
Bhutan,1981,139174178.1
Bhutan,1982,141439317.4
Bhutan,1983,156704289.9
Bhutan,1984,160423493.9
Bhutan,1985,163288815.4
Bhutan,1986,191218115.5
Bhutan,1987,242742766.3
Bhutan,1988,272298066.6
Bhutan,1989,264798626.2
Bhutan,1990,287765007.1
Bhutan,1991,240294286
Bhutan,1992,240233531.2
Bhutan,1993,225973692.8
Bhutan,1994,258954708
Bhutan,1995,290490983.8
Bhutan,1996,303408345.6
Bhutan,1997,352229076.7
Bhutan,1998,363458380.9
Bhutan,1999,399311199.5
Bhutan,2000,460733418.4
Bhutan,2001,496110225.7
Bhutan,2002,559345263.7
Bhutan,2003,651935430.3
Bhutan,2004,735348490.4
Bhutan,2005,860391000.2
Bhutan,2006,942879878.5
Bhutan,2007,1255767964
Bhutan,2008,1317517835
Bhutan,2009,1331343798
Bhutan,2010,1708880730
Bhutan,2011,1977728659
Bhutan,2012,1973387228
Bhutan,2013,1943696952
Bhutan,2014,2089079571
Bhutan,2015,2187815803
Bhutan,2016,2357504761
Bhutan,2017,2591358009
Bhutan,2018,2583335722
Bhutan,2019,2735683570
Bhutan,2020,2457604334
Bhutan,2021,2768802960
Bhutan,2022,2898227744
Bhutan,2023,3012896789
Botswana,1960,30411413.66
Botswana,1961,32902612.87
Botswana,1962,35644956.64
Botswana,1963,38091842.85
Botswana,1964,41616347.79
Botswana,1965,45788696.33
Botswana,1966,51465655.39
Botswana,1967,58642354.09
Botswana,1968,66248441.42
Botswana,1969,77361546.51
Botswana,1970,96243233.66
Botswana,1971,127448613.5
Botswana,1972,164460915
Botswana,1973,244124164
Botswana,1974,306044207.5
Botswana,1975,355168571.5
Botswana,1976,372025093
Botswana,1977,451624780.3
Botswana,1978,590407374.4
Botswana,1979,819870258.8
Botswana,1980,1060889704
Botswana,1981,1073812830
Botswana,1982,1014945696
Botswana,1983,1172230397
Botswana,1984,1240822167
Botswana,1985,1114783343
Botswana,1986,1392602164
Botswana,1987,1965226890
Botswana,1988,2644554159
Botswana,1989,3083822112
Botswana,1990,3790636324
Botswana,1991,3942876703
Botswana,1992,4146464587
Botswana,1993,4160129175
Botswana,1994,4259259604
Botswana,1995,4730599122
Botswana,1996,4847757218
Botswana,1997,5020265627
Botswana,1998,4790481509
Botswana,1999,5484263347
Botswana,2000,5788329609
Botswana,2001,5489608300
Botswana,2002,5438863983
Botswana,2003,7511582173
Botswana,2004,8957467707
Botswana,2005,9918907108
Botswana,2006,9919158482
Botswana,2007,10567270656
Botswana,2008,10730829116
Botswana,2009,10118459242
Botswana,2010,12637273429
Botswana,2011,15110643612
Botswana,2012,13907464500
Botswana,2013,14271738933
Botswana,2014,15470088501
Botswana,2015,13530748845
Botswana,2016,15082637184
Botswana,2017,16105155857
Botswana,2018,17031943186
Botswana,2019,16725908149
Botswana,2020,14960251608
Botswana,2021,18750182236
Botswana,2022,20321150599
Botswana,2023,19411266967
Botswana,2024,19402063513
Central African Republic,1960,112155598.5
Central African Republic,1961,123134583.5
Central African Republic,1962,124482773.8
Central African Republic,1963,129379123.8
Central African Republic,1964,142025078.7
Central African Republic,1965,150574795.4
Central African Republic,1966,157930018.1
Central African Republic,1967,163820513.6
Central African Republic,1968,191767441.6
Central African Republic,1969,188039210.1
Central African Republic,1970,189106529.2
Central African Republic,1971,201450799.8
Central African Republic,1972,230317883.4
Central African Republic,1973,271183082
Central African Republic,1974,281398705.6
Central African Republic,1975,378660016.3
Central African Republic,1976,451152461.3
Central African Republic,1977,507298147.5
Central African Republic,1978,610578632
Central African Republic,1979,700764747.8
Central African Republic,1980,797048198.5
Central African Republic,1981,694803622.9
Central African Republic,1982,748312390.8
Central African Republic,1983,658679332.7
Central African Republic,1984,637820670.3
Central African Republic,1985,864849836.3
Central African Republic,1986,1122265013
Central African Republic,1987,1200991978
Central African Republic,1988,1264899288
Central African Republic,1989,1233930281
Central African Republic,1990,1440711459
Central African Republic,1991,1377374987
Central African Republic,1992,1411917553
Central African Republic,1993,1278781262
Central African Republic,1994,851174356.8
Central African Republic,1995,1115389674
Central African Republic,1996,1007791127
Central African Republic,1997,937741513
Central African Republic,1998,967338389.7
Central African Republic,1999,999477510.7
Central African Republic,2000,916777282.7
Central African Republic,2001,932648604.8
Central African Republic,2002,996068144.9
Central African Republic,2003,1142315523
Central African Republic,2004,1272360517
Central African Republic,2005,1337894379
Central African Republic,2006,1461859762
Central African Republic,2007,1699811295
Central African Republic,2008,1993407888
Central African Republic,2009,2067381665
Central African Republic,2010,2142591540
Central African Republic,2011,2437982705
Central African Republic,2012,2510126512
Central African Republic,2013,1691544110
Central African Republic,2014,1894813389
Central African Republic,2015,1695825714
Central African Republic,2016,1825018145
Central African Republic,2017,2072349973
Central African Republic,2018,2220979146
Central African Republic,2019,2221301351
Central African Republic,2020,2326720900
Central African Republic,2021,2516498412
Central African Republic,2022,2382618615
Central African Republic,2023,2555492086
Central African Republic,2024,2751494281
Canada,1960,40563768947
Canada,1961,41038192838
Canada,1962,42336211556
Canada,1963,45140337827
Canada,1964,49503663836
Canada,1965,54649410479
Canada,1966,61252415405
Canada,1967,65856924424
Canada,1968,72048833006
Canada,1969,79405011125
Canada,1970,88192257632
Canada,1971,99606454744
Canada,1972,1.13464E+11
Canada,1973,1.31764E+11
Canada,1974,1.60949E+11
Canada,1975,1.7442E+11
Canada,1976,2.07272E+11
Canada,1977,2.12325E+11
Canada,1978,2.1937E+11
Canada,1979,2.43891E+11
Canada,1980,2.74777E+11
Canada,1981,3.07247E+11
Canada,1982,3.14648E+11
Canada,1983,3.41866E+11
Canada,1984,3.56718E+11
Canada,1985,3.66186E+11
Canada,1986,3.79007E+11
Canada,1987,4.33134E+11
Canada,1988,5.0938E+11
Canada,1989,5.67212E+11
Canada,1990,5.96076E+11
Canada,1991,6.12528E+11
Canada,1992,5.94387E+11
Canada,1993,5.79054E+11
Canada,1994,5.79944E+11
Canada,1995,6.05961E+11
Canada,1996,6.30608E+11
Canada,1997,6.54987E+11
Canada,1998,6.34E+11
Canada,1999,6.78412E+11
Canada,2000,7.44773E+11
Canada,2001,7.38982E+11
Canada,2002,7.60649E+11
Canada,2003,8.95541E+11
Canada,2004,1.02669E+12
Canada,2005,1.17311E+12
Canada,2006,1.31926E+12
Canada,2007,1.46882E+12
Canada,2008,1.55299E+12
Canada,2009,1.37463E+12
Canada,2010,1.61734E+12
Canada,2011,1.79333E+12
Canada,2012,1.82837E+12
Canada,2013,1.8466E+12
Canada,2014,1.80575E+12
Canada,2015,1.55651E+12
Canada,2016,1.52799E+12
Canada,2017,1.64927E+12
Canada,2018,1.72533E+12
Canada,2019,1.74373E+12
Canada,2020,1.65568E+12
Canada,2021,2.02238E+12
Canada,2022,2.19041E+12
Canada,2023,2.17334E+12
Canada,2024,2.24364E+12
Central Europe and the Baltics,1990,2.72115E+11
Central Europe and the Baltics,1991,2.46711E+11
Central Europe and the Baltics,1992,2.55097E+11
Central Europe and the Baltics,1993,2.70375E+11
Central Europe and the Baltics,1994,3.08676E+11
Central Europe and the Baltics,1995,3.94762E+11
Central Europe and the Baltics,1996,4.17518E+11
Central Europe and the Baltics,1997,4.11143E+11
Central Europe and the Baltics,1998,4.49843E+11
Central Europe and the Baltics,1999,4.36028E+11
Central Europe and the Baltics,2000,4.29413E+11
Central Europe and the Baltics,2001,4.69501E+11
Central Europe and the Baltics,2002,5.28525E+11
Central Europe and the Baltics,2003,6.34291E+11
Central Europe and the Baltics,2004,7.6349E+11
Central Europe and the Baltics,2005,8.85716E+11
Central Europe and the Baltics,2006,1.00131E+12
Central Europe and the Baltics,2007,1.26426E+12
Central Europe and the Baltics,2008,1.53026E+12
Central Europe and the Baltics,2009,1.28926E+12
Central Europe and the Baltics,2010,1.31944E+12
Central Europe and the Baltics,2011,1.45816E+12
Central Europe and the Baltics,2012,1.3619E+12
Central Europe and the Baltics,2013,1.42022E+12
Central Europe and the Baltics,2014,1.46745E+12
Central Europe and the Baltics,2015,1.29714E+12
Central Europe and the Baltics,2016,1.32156E+12
Central Europe and the Baltics,2017,1.4675E+12
Central Europe and the Baltics,2018,1.65638E+12
Central Europe and the Baltics,2019,1.68432E+12
Central Europe and the Baltics,2020,1.67829E+12
Central Europe and the Baltics,2021,1.92635E+12
Central Europe and the Baltics,2022,1.95442E+12
Central Europe and the Baltics,2023,2.27321E+12
Central Europe and the Baltics,2024,2.46201E+12
Switzerland,1960,10412232621
Switzerland,1961,11713348834
Switzerland,1962,12989649694
Switzerland,1963,14283872299
Switzerland,1964,15833133858
Switzerland,1965,16780226225
Switzerland,1966,18019402374
Switzerland,1967,19397044714
Switzerland,1968,20712102794
Switzerland,1969,22442043274
Switzerland,1970,24998066773
Switzerland,1971,30040171751
Switzerland,1972,36844318854
Switzerland,1973,49550006320
Switzerland,1974,57103011446
Switzerland,1975,65466081819
Switzerland,1976,68476524644
Switzerland,1977,73135771167
Switzerland,1978,1.0228E+11
Switzerland,1979,1.1497E+11
Switzerland,1980,1.22558E+11
Switzerland,1981,1.12245E+11
Switzerland,1982,1.15043E+11
Switzerland,1983,1.14634E+11
Switzerland,1984,1.09455E+11
Switzerland,1985,1.1098E+11
Switzerland,1986,1.5909E+11
Switzerland,1987,1.99236E+11
Switzerland,1988,2.15541E+11
Switzerland,1989,2.08106E+11
Switzerland,1990,2.65764E+11
Switzerland,1991,2.68902E+11
Switzerland,1992,2.79921E+11
Switzerland,1993,2.72238E+11
Switzerland,1994,3.01375E+11
Switzerland,1995,3.52836E+11
Switzerland,1996,3.40104E+11
Switzerland,1997,2.94788E+11
Switzerland,1998,3.03459E+11
Switzerland,1999,2.97874E+11
Switzerland,2000,2.79216E+11
Switzerland,2001,2.86583E+11
Switzerland,2002,3.09301E+11
Switzerland,2003,3.62075E+11
Switzerland,2004,4.03913E+11
Switzerland,2005,4.18285E+11
Switzerland,2006,4.41635E+11
Switzerland,2007,4.90741E+11
Switzerland,2008,5.67268E+11
Switzerland,2009,5.54213E+11
Switzerland,2010,5.98851E+11
Switzerland,2011,7.15888E+11
Switzerland,2012,6.8642E+11
Switzerland,2013,7.06235E+11
Switzerland,2014,7.26538E+11
Switzerland,2015,6.94118E+11
Switzerland,2016,6.87895E+11
Switzerland,2017,6.95201E+11
Switzerland,2018,7.25569E+11
Switzerland,2019,7.21369E+11
Switzerland,2020,7.41999E+11
Switzerland,2021,8.15309E+11
Switzerland,2022,8.28509E+11
Switzerland,2023,8.94425E+11
Switzerland,2024,9.36564E+11
Channel Islands,1998,5945677377
Channel Islands,1999,6262740657
Channel Islands,2000,6439703435
Channel Islands,2001,6232906290
Channel Islands,2002,6663669065
Channel Islands,2003,7332244898
Channel Islands,2004,8553643354
Channel Islands,2005,8827272727
Channel Islands,2006,9676172953
Channel Islands,2007,11514605842
Channel Islands,2009,9100755725
Channel Islands,2010,8902359316
Channel Islands,2011,9648680026
Channel Islands,2012,9454638123
Channel Islands,2013,9594745811
Channel Islands,2014,10527973278
Channel Islands,2015,10109273770
Channel Islands,2016,9168857222
Channel Islands,2017,9170044517
Channel Islands,2018,10026394044
Channel Islands,2019,10031864649
Channel Islands,2020,9439810769
Channel Islands,2021,11157540110
Channel Islands,2022,11308272505
Channel Islands,2023,12507320838
Chile,1960,4211103677
Chile,1961,4948564551
Chile,1962,5765971144
Chile,1963,5702520146
Chile,1964,6065708668
Chile,1965,6183988944
Chile,1966,7256882086
Chile,1967,7145068068
Chile,1968,7286820526
Chile,1969,8456519044
Chile,1970,9261006540
Chile,1971,10999807567
Chile,1972,12057501635
Chile,1973,17237336173
Chile,1974,16584311220
Chile,1975,7812161793
Chile,1976,10523479089
Chile,1977,14272711437
Chile,1978,16373093554
Chile,1979,22249574628
Chile,1980,29586676576
Chile,1981,35180322211
Chile,1982,19710229067
Chile,1983,20629678694
Chile,1984,19974595028
Chile,1985,17933557360
Chile,1986,19197818085
Chile,1987,22605488851
Chile,1988,26174858614
Chile,1989,30101767991
Chile,1990,33428580448
Chile,1991,38232330917
Chile,1992,46538895686
Chile,1993,49934943321
Chile,1994,57438273591
Chile,1995,73820425702
Chile,1996,78584098984
Chile,1997,85741415285
Chile,1998,81990010704
Chile,1999,75578685736
Chile,2000,78339750721
Chile,2001,71574739561
Chile,2002,70264045939
Chile,2003,76492579644
Chile,2004,99075985774
Chile,2005,1.22294E+11
Chile,2006,1.53844E+11
Chile,2007,1.72491E+11
Chile,2008,1.79895E+11
Chile,2009,1.71778E+11
Chile,2010,2.17051E+11
Chile,2011,2.51383E+11
Chile,2012,2.67025E+11
Chile,2013,2.77395E+11
Chile,2014,2.59561E+11
Chile,2015,2.4245E+11
Chile,2016,2.49345E+11
Chile,2017,2.76154E+11
Chile,2018,2.95858E+11
Chile,2019,2.78285E+11
Chile,2020,2.54042E+11
Chile,2021,3.15326E+11
Chile,2022,3.01227E+11
Chile,2023,3.35518E+11
Chile,2024,3.30267E+11
China,1960,59846235025
China,1961,50162299350
China,1962,47310737754
China,1963,50812227919
China,1964,59821862703
China,1965,70565994356
China,1966,76854053259
China,1967,73011350596
China,1968,70980323819
China,1969,79847786729
China,1970,92752930873
China,1971,99959013880
China,1972,1.13872E+11
China,1973,1.38764E+11
China,1974,1.44418E+11
China,1975,1.63688E+11
China,1976,1.54197E+11
China,1977,1.75227E+11
China,1978,1.49789E+11
China,1979,1.78574E+11
China,1980,1.91488E+11
China,1981,1.96218E+11
China,1982,2.05481E+11
China,1983,2.3113E+11
China,1984,2.60443E+11
China,1985,3.10065E+11
China,1986,3.0131E+11
China,1987,2.73455E+11
China,1988,3.12889E+11
China,1989,3.48381E+11
China,1990,3.6156E+11
China,1991,3.8451E+11
China,1992,4.28502E+11
China,1993,4.46557E+11
China,1994,5.6693E+11
China,1995,7.38191E+11
China,1996,8.68524E+11
China,1997,9.67754E+11
China,1998,1.03713E+12
China,1999,1.10384E+12
China,2000,1.22375E+12
China,2001,1.35504E+12
China,2002,1.48982E+12
China,2003,1.6839E+12
China,2004,1.9842E+12
China,2005,2.31755E+12
China,2006,2.7915E+12
China,2007,3.60406E+12
China,2008,4.66735E+12
China,2009,5.18958E+12
China,2010,6.19256E+12
China,2011,7.67176E+12
China,2012,8.67366E+12
China,2013,9.74312E+12
China,2014,1.06745E+13
China,2015,1.12808E+13
China,2016,1.1456E+13
China,2017,1.25376E+13
China,2018,1.41478E+13
China,2019,1.45602E+13
China,2020,1.49964E+13
China,2021,1.82017E+13
China,2022,1.83168E+13
China,2023,1.82704E+13
China,2024,1.87438E+13
Cote d'Ivoire,1960,546203559.3
Cote d'Ivoire,1961,618245634.2
Cote d'Ivoire,1962,645284473.7
Cote d'Ivoire,1963,761047198
Cote d'Ivoire,1964,921063326.6
Cote d'Ivoire,1965,919771228.8
Cote d'Ivoire,1966,1024102880
Cote d'Ivoire,1967,1082922725
Cote d'Ivoire,1968,1281281277
Cote d'Ivoire,1969,1361360293
Cote d'Ivoire,1970,1455482795
Cote d'Ivoire,1971,1584128509
Cote d'Ivoire,1972,1849400402
Cote d'Ivoire,1973,2508421426
Cote d'Ivoire,1974,3070152309
Cote d'Ivoire,1975,3893839190
Cote d'Ivoire,1976,4662053825
Cote d'Ivoire,1977,6265068189
Cote d'Ivoire,1978,7900526298
Cote d'Ivoire,1979,9142933967
Cote d'Ivoire,1980,10175617609
Cote d'Ivoire,1981,8432589942
Cote d'Ivoire,1982,7567110849
Cote d'Ivoire,1983,6838184773
Cote d'Ivoire,1984,6841639247
Cote d'Ivoire,1985,6977650644
Cote d'Ivoire,1986,9158302100
Cote d'Ivoire,1987,10087654465
Cote d'Ivoire,1988,10255169806
Cote d'Ivoire,1989,9757410645
Cote d'Ivoire,1990,10795850583
Cote d'Ivoire,1991,10492628581
Cote d'Ivoire,1992,11152971274
Cote d'Ivoire,1993,11045760288
Cote d'Ivoire,1994,8313557510
Cote d'Ivoire,1995,11000146267
Cote d'Ivoire,1996,18071152831
Cote d'Ivoire,1997,18047558038
Cote d'Ivoire,1998,19619654756
Cote d'Ivoire,1999,18870992456
Cote d'Ivoire,2000,16577533892
Cote d'Ivoire,2001,16810537044
Cote d'Ivoire,2002,18054383321
Cote d'Ivoire,2003,21251754340
Cote d'Ivoire,2004,23510575681
Cote d'Ivoire,2005,24036918703
Cote d'Ivoire,2006,25281413263
Cote d'Ivoire,2007,28760090953
Cote d'Ivoire,2008,34078240293
Cote d'Ivoire,2009,33886813250
Cote d'Ivoire,2010,34936307980
Cote d'Ivoire,2011,36693710801
Cote d'Ivoire,2012,36302302877
Cote d'Ivoire,2013,42760235485
Cote d'Ivoire,2014,48843005614
Cote d'Ivoire,2015,45815005169
Cote d'Ivoire,2016,48407761037
Cote d'Ivoire,2017,52512343997
Cote d'Ivoire,2018,58522477787
Cote d'Ivoire,2019,60382894697
Cote d'Ivoire,2020,63027852805
Cote d'Ivoire,2021,72794636654
Cote d'Ivoire,2022,70922824814
Cote d'Ivoire,2023,80780312569
Cote d'Ivoire,2024,87113179149
Cameroon,1960,614206068.5
Cameroon,1961,652777608.3
Cameroon,1962,694247864.4
Cameroon,1963,718320845
Cameroon,1964,776650176.9
Cameroon,1965,814083265.5
Cameroon,1966,851112534.6
Cameroon,1967,936175260
Cameroon,1968,1046191218
Cameroon,1969,1100551489
Cameroon,1970,1151216993
Cameroon,1971,1236941394
Cameroon,1972,1498251890
Cameroon,1973,1901393361
Cameroon,1974,2157415533
Cameroon,1975,2857037371
Cameroon,1976,2898090002
Cameroon,1977,3394664024
Cameroon,1978,4662852583
Cameroon,1979,5919002983
Cameroon,1980,6674569047
Cameroon,1981,6610938617
Cameroon,1982,6611255964
Cameroon,1983,6870200010
Cameroon,1984,7311938026
Cameroon,1985,8544810498
Cameroon,1986,11857056199
Cameroon,1987,13049659981
Cameroon,1988,12236057362
Cameroon,1989,11012566195
Cameroon,1990,12314482628
Cameroon,1991,11840192296
Cameroon,1992,12071775335
Cameroon,1993,16181814713
Cameroon,1994,8902446252
Cameroon,1995,10864772471
Cameroon,1996,11093538846
Cameroon,1997,10789458433
Cameroon,1998,11298144990
Cameroon,1999,11565826465
Cameroon,2000,10566579295
Cameroon,2001,10953485349
Cameroon,2002,12417251350
Cameroon,2003,15970315035
Cameroon,2004,18826214136
Cameroon,2005,19509852207
Cameroon,2006,20910512975
Cameroon,2007,23928250433
Cameroon,2008,27715142033
Cameroon,2009,27932970317
Cameroon,2010,27507501821
Cameroon,2011,30630910495
Cameroon,2012,30155062329
Cameroon,2013,33728621180
Cameroon,2014,36386544706
Cameroon,2015,32210233020
Cameroon,2016,33814337044
Cameroon,2017,36098547033
Cameroon,2018,39955552190
Cameroon,2019,39667757528
Cameroon,2020,40773241177
Cameroon,2021,45011937347
Cameroon,2022,44347206073
Cameroon,2023,48814501547
Cameroon,2024,53296694320
"Congo, Dem. Rep.",1960,3359404118
"Congo, Dem. Rep.",1961,3086746857
"Congo, Dem. Rep.",1962,3779841429
"Congo, Dem. Rep.",1963,6213185743
"Congo, Dem. Rep.",1964,2881545273
"Congo, Dem. Rep.",1965,4043901818
"Congo, Dem. Rep.",1966,4532660182
"Congo, Dem. Rep.",1967,3384063372
"Congo, Dem. Rep.",1968,3909780539
"Congo, Dem. Rep.",1969,5032434970
"Congo, Dem. Rep.",1970,4877684910
"Congo, Dem. Rep.",1971,5594770359
"Congo, Dem. Rep.",1972,6173712814
"Congo, Dem. Rep.",1973,7870239461
"Congo, Dem. Rep.",1974,9596960180
"Congo, Dem. Rep.",1975,10237343174
"Congo, Dem. Rep.",1976,9648583225
"Congo, Dem. Rep.",1977,12344424764
"Congo, Dem. Rep.",1978,15372608002
"Congo, Dem. Rep.",1979,15068422236
"Congo, Dem. Rep.",1980,14394927495
"Congo, Dem. Rep.",1981,12537821038
"Congo, Dem. Rep.",1982,13651667371
"Congo, Dem. Rep.",1983,11006712650
"Congo, Dem. Rep.",1984,7857729193
"Congo, Dem. Rep.",1985,7195042616
"Congo, Dem. Rep.",1986,8095367168
"Congo, Dem. Rep.",1987,7661625473
"Congo, Dem. Rep.",1988,8861299977
"Congo, Dem. Rep.",1989,9021862775
"Congo, Dem. Rep.",1990,9349764580
"Congo, Dem. Rep.",1991,9625436873
"Congo, Dem. Rep.",1992,8227343907
"Congo, Dem. Rep.",1993,10706259937
"Congo, Dem. Rep.",1994,5820382248
"Congo, Dem. Rep.",1995,5643439376
"Congo, Dem. Rep.",1996,5771456952
"Congo, Dem. Rep.",1997,6090838693
"Congo, Dem. Rep.",1998,6217805821
"Congo, Dem. Rep.",1999,4711259427
"Congo, Dem. Rep.",2000,19088046306
"Congo, Dem. Rep.",2001,7438189100
"Congo, Dem. Rep.",2002,8728038525
"Congo, Dem. Rep.",2003,8937567060
"Congo, Dem. Rep.",2004,10297483481
"Congo, Dem. Rep.",2005,12609728573
"Congo, Dem. Rep.",2006,15484044535
"Congo, Dem. Rep.",2007,18374807773
"Congo, Dem. Rep.",2008,22723488723
"Congo, Dem. Rep.",2009,18607259481
"Congo, Dem. Rep.",2010,24161641931
"Congo, Dem. Rep.",2011,26392379642
"Congo, Dem. Rep.",2012,30029369929
"Congo, Dem. Rep.",2013,34891189160
"Congo, Dem. Rep.",2014,38352980553
"Congo, Dem. Rep.",2015,40179574490
"Congo, Dem. Rep.",2016,38600224214
"Congo, Dem. Rep.",2017,37537521566
"Congo, Dem. Rep.",2018,46659954092
"Congo, Dem. Rep.",2019,46845900350
"Congo, Dem. Rep.",2020,46691989749
"Congo, Dem. Rep.",2021,59067289574
"Congo, Dem. Rep.",2022,70422346142
"Congo, Dem. Rep.",2023,69843655425
"Congo, Dem. Rep.",2024,70962185791
"Congo, Rep.",1960,131731862.8
"Congo, Rep.",1961,151675738.9
"Congo, Rep.",1962,166521239.7
"Congo, Rep.",1963,172233430.7
"Congo, Rep.",1964,185693724.9
"Congo, Rep.",1965,198318064
"Congo, Rep.",1966,220613582
"Congo, Rep.",1967,237397428.1
"Congo, Rep.",1968,251247457.8
"Congo, Rep.",1969,265040036.4
"Congo, Rep.",1970,274960699.9
"Congo, Rep.",1971,322128019
"Congo, Rep.",1972,410669263.7
"Congo, Rep.",1973,541973362.6
"Congo, Rep.",1974,585364634.5
"Congo, Rep.",1975,767102680.2
"Congo, Rep.",1976,754549601.4
"Congo, Rep.",1977,765224029.3
"Congo, Rep.",1978,878771772.2
"Congo, Rep.",1979,1198749667
"Congo, Rep.",1980,1705796853
"Congo, Rep.",1981,1993512323
"Congo, Rep.",1982,2160640565
"Congo, Rep.",1983,2097274290
"Congo, Rep.",1984,2193581365
"Congo, Rep.",1985,2160872540
"Congo, Rep.",1986,1849268212
"Congo, Rep.",1987,2297753652
"Congo, Rep.",1988,2212536312
"Congo, Rep.",1989,2389593026
"Congo, Rep.",1990,2798746050
"Congo, Rep.",1991,2724853506
"Congo, Rep.",1992,2933222703
"Congo, Rep.",1993,2684323623
"Congo, Rep.",1994,1769365438
"Congo, Rep.",1995,2116003868
"Congo, Rep.",1996,2540697539
"Congo, Rep.",1997,2322719103
"Congo, Rep.",1998,1949481379
"Congo, Rep.",1999,2354772960
"Congo, Rep.",2000,3227927698
"Congo, Rep.",2001,2796704604
"Congo, Rep.",2002,3034250924
"Congo, Rep.",2003,3503723088
"Congo, Rep.",2004,4656974940
"Congo, Rep.",2005,6650001680
"Congo, Rep.",2006,8072305029
"Congo, Rep.",2007,8782703437
"Congo, Rep.",2008,11649857673
"Congo, Rep.",2009,9723299915
"Congo, Rep.",2010,13148396212
"Congo, Rep.",2011,15655383577
"Congo, Rep.",2012,17692911296
"Congo, Rep.",2013,17958720699
"Congo, Rep.",2014,17919321078
"Congo, Rep.",2015,12434793867
"Congo, Rep.",2016,10931328151
"Congo, Rep.",2017,11834473039
"Congo, Rep.",2018,14773900289
"Congo, Rep.",2019,13976637780
"Congo, Rep.",2020,11468687464
"Congo, Rep.",2021,14825690211
"Congo, Rep.",2022,15817030155
"Congo, Rep.",2023,15321055823
"Congo, Rep.",2024,15719986077
Colombia,1960,4031152977
Colombia,1961,4540447761
Colombia,1962,4955543963
Colombia,1963,4836166667
Colombia,1964,5973366667
Colombia,1965,5760761905
Colombia,1966,5428518519
Colombia,1967,5825170438
Colombia,1968,5960212869
Colombia,1969,6450175214
Colombia,1970,7198360460
Colombia,1971,7820380971
Colombia,1972,8671358733
Colombia,1973,10315760000
Colombia,1974,12370029584
Colombia,1975,13098633902
Colombia,1976,15341403660
Colombia,1977,19470960619
Colombia,1978,23263511958
Colombia,1979,27940411250
Colombia,1980,33400735644
Colombia,1981,36388366869
Colombia,1982,38968039722
Colombia,1983,38729822782
Colombia,1984,38253120738
Colombia,1985,34894411352
Colombia,1986,34942489684
Colombia,1987,36373307085
Colombia,1988,39212550050
Colombia,1989,39540080200
Colombia,1990,47844090710
Colombia,1991,49175565911
Colombia,1992,58418985443
Colombia,1993,66446804803
Colombia,1994,81703500846
Colombia,1995,92507279383
Colombia,1996,97160109278
Colombia,1997,1.0666E+11
Colombia,1998,98443739941
Colombia,1999,86186158685
Colombia,2000,99875074951
Colombia,2001,98200641203
Colombia,2002,97945812803
Colombia,2003,94644969157
Colombia,2004,1.17092E+11
Colombia,2005,1.45601E+11
Colombia,2006,1.61793E+11
Colombia,2007,2.0623E+11
Colombia,2008,2.42504E+11
Colombia,2009,2.32469E+11
Colombia,2010,2.86499E+11
Colombia,2011,3.34966E+11
Colombia,2012,3.70691E+11
Colombia,2013,3.82094E+11
Colombia,2014,3.81241E+11
Colombia,2015,2.93492E+11
Colombia,2016,2.8272E+11
Colombia,2017,3.11867E+11
Colombia,2018,3.34198E+11
Colombia,2019,3.23032E+11
Colombia,2020,2.70348E+11
Colombia,2021,3.18525E+11
Colombia,2022,3.45632E+11
Colombia,2023,3.66292E+11
Colombia,2024,4.18818E+11
Comoros,1980,243390495.9
Comoros,1981,212958381.5
Comoros,1982,202152461.8
Comoros,1983,196193379.7
Comoros,1984,189102734.2
Comoros,1985,191944891.6
Comoros,1986,258143902.9
Comoros,1987,313292323
Comoros,1988,336422522.4
Comoros,1989,328665080.8
Comoros,1990,401561021.5
Comoros,1991,400592662.6
Comoros,1992,436552922.1
Comoros,1993,427750822.9
Comoros,1994,314789556
Comoros,1995,392774713.6
Comoros,1996,392488148.7
Comoros,1997,362816806.1
Comoros,1998,363932160.2
Comoros,1999,371921712.5
Comoros,2000,339504306.3
Comoros,2001,372746486.2
Comoros,2002,427360070.3
Comoros,2003,546830040.5
Comoros,2004,622679660.4
Comoros,2005,655375095.9
Comoros,2006,688498641.5
Comoros,2007,795673152.9
Comoros,2008,915659108
Comoros,2009,905341172.7
Comoros,2010,907978730.9
Comoros,2011,1023086274
Comoros,2012,1015843491
Comoros,2013,1116224107
Comoros,2014,1149587661
Comoros,2015,966029600.9
Comoros,2016,1012835493
Comoros,2017,1077439757
Comoros,2018,1178530633
Comoros,2019,1187915409
Comoros,2020,1218763671
Comoros,2021,1272238391
Comoros,2022,1222485532
Comoros,2023,1326836543
Comoros,2024,1440991455
Cabo Verde,1980,142246815.3
Cabo Verde,1981,139468209.1
Cabo Verde,1982,140630679
Cabo Verde,1983,138476175.6
Cabo Verde,1984,132019038.6
Cabo Verde,1985,137728204.8
Cabo Verde,1986,190651167.6
Cabo Verde,1987,235253064.7
Cabo Verde,1988,264308140.3
Cabo Verde,1989,267448571.4
Cabo Verde,1990,306890962.6
Cabo Verde,1991,319827058.6
Cabo Verde,1992,357160985.3
Cabo Verde,1993,490417389.7
Cabo Verde,1994,406580652.3
Cabo Verde,1995,487148993.5
Cabo Verde,1996,501979269.8
Cabo Verde,1997,490608657.9
Cabo Verde,1998,521910560.5
Cabo Verde,1999,592416703.1
Cabo Verde,2000,539227277.6
Cabo Verde,2001,563090490.4
Cabo Verde,2002,620507387.5
Cabo Verde,2003,813260468.9
Cabo Verde,2004,924940011.8
Cabo Verde,2005,972241676.9
Cabo Verde,2006,1107571458
Cabo Verde,2007,1649621739
Cabo Verde,2008,1959620648
Cabo Verde,2009,1852334575
Cabo Verde,2010,1824751468
Cabo Verde,2011,2046817987
Cabo Verde,2012,1913081210
Cabo Verde,2013,2028910915
Cabo Verde,2014,2041930125
Cabo Verde,2015,1749857620
Cabo Verde,2016,1849789986
Cabo Verde,2017,1996741540
Cabo Verde,2018,2205099507
Cabo Verde,2019,2252177124
Cabo Verde,2020,1821565614
Cabo Verde,2021,2051842619
Cabo Verde,2022,2247003344
Cabo Verde,2023,2504525549
Cabo Verde,2024,2725414151
Costa Rica,1960,507513830
Costa Rica,1961,490325181.6
Costa Rica,1962,479180824.3
Costa Rica,1963,511902136.8
Costa Rica,1964,542578367.2
Costa Rica,1965,592981162.3
Costa Rica,1966,647305630.2
Costa Rica,1967,699456618.9
Costa Rica,1968,773841494.3
Costa Rica,1969,853630203.8
Costa Rica,1970,984830158.5
Costa Rica,1971,1077147538
Costa Rica,1972,1238251696
Costa Rica,1973,1528925846
Costa Rica,1974,1666544754
Costa Rica,1975,1960863466
Costa Rica,1976,2412555426
Costa Rica,1977,3072427013
Costa Rica,1978,3523208810
Costa Rica,1979,4035519323
Costa Rica,1980,4831447001
Costa Rica,1981,2623803096
Costa Rica,1982,2606623555
Costa Rica,1983,3146772631
Costa Rica,1984,3660477856
Costa Rica,1985,3919203960
Costa Rica,1986,4418983871
Costa Rica,1987,4532952047
Costa Rica,1988,4614629898
Costa Rica,1989,5251025767
Costa Rica,1990,5711687787
Costa Rica,1991,7215725487
Costa Rica,1992,8579754758
Costa Rica,1993,9564815975
Costa Rica,1994,10489903725
Costa Rica,1995,11578594260
Costa Rica,1996,11678424507
Costa Rica,1997,12614602382
Costa Rica,1998,13684255947
Costa Rica,1999,14254866285
Costa Rica,2000,15013629662
Costa Rica,2001,15976174337
Costa Rica,2002,16578820687
Costa Rica,2003,17271760507
Costa Rica,2004,18610594846
Costa Rica,2005,20040642477
Costa Rica,2006,22715540324
Costa Rica,2007,26884700709
Costa Rica,2008,30801745700
Costa Rica,2009,30745714313
Costa Rica,2010,37658616952
Costa Rica,2011,42762613699
Costa Rica,2012,47231655432
Costa Rica,2013,50949668842
Costa Rica,2014,52016408854
Costa Rica,2015,56441920821
Costa Rica,2016,58847019610
Costa Rica,2017,60516044657
Costa Rica,2018,62420164992
Costa Rica,2019,64417670521
Costa Rica,2020,62395610760
Costa Rica,2021,64960725734
Costa Rica,2022,69243626029
Costa Rica,2023,86497941439
Costa Rica,2024,95350423177
Caribbean small states,1960,1165303060
Caribbean small states,1961,1272022469
Caribbean small states,1962,1356047350
Caribbean small states,1963,1447988752
Caribbean small states,1964,1546223258
Caribbean small states,1965,1658476311
Caribbean small states,1966,1763304085
Caribbean small states,1967,1929997389
Caribbean small states,1968,1980508886
Caribbean small states,1969,2152507805
Caribbean small states,1970,2268330542
Caribbean small states,1971,2457968135
Caribbean small states,1972,2734457345
Caribbean small states,1973,3173389132
Caribbean small states,1974,4201310615
Caribbean small states,1975,4819825581
Caribbean small states,1976,4937767513
Caribbean small states,1977,5937525886
Caribbean small states,1978,6776416499
Caribbean small states,1979,8405785521
Caribbean small states,1980,10876340879
Caribbean small states,1981,11977463255
Caribbean small states,1982,13292712867
Caribbean small states,1983,13189051711
Caribbean small states,1984,13689070379
Caribbean small states,1985,13794627076
Caribbean small states,1986,11773697053
Caribbean small states,1987,12334469174
Caribbean small states,1988,12745727416
Caribbean small states,1989,12606272527
Caribbean small states,1990,13573367100
Caribbean small states,1991,13946896742
Caribbean small states,1992,14242986936
Caribbean small states,1993,13815833342
Caribbean small states,1994,14788599389
Caribbean small states,1995,15732201525
Caribbean small states,1996,16941993240
Caribbean small states,1997,20074931520
Caribbean small states,1998,21643804665
Caribbean small states,1999,23393912390
Caribbean small states,2000,25625542926
Caribbean small states,2001,26504661126
Caribbean small states,2002,27742046925
Caribbean small states,2003,30589389406
Caribbean small states,2004,33597817092
Caribbean small states,2005,38224293959
Caribbean small states,2006,44325879983
Caribbean small states,2007,49739222993
Caribbean small states,2008,57296315262
Caribbean small states,2009,47913515379
Caribbean small states,2010,53047626322
Caribbean small states,2011,56828150706
Caribbean small states,2012,60427163825
Caribbean small states,2013,62064949752
Caribbean small states,2014,64075043973
Caribbean small states,2015,62545153672
Caribbean small states,2016,58073168350
Caribbean small states,2017,59690101434
Caribbean small states,2018,61252081220
Caribbean small states,2019,62185458483
Caribbean small states,2020,53320869431
Caribbean small states,2021,62687149265
Caribbean small states,2022,78506430711
Caribbean small states,2023,79534673453
Caribbean small states,2024,90344593407
Cuba,1970,5693005200
Cuba,1971,6914658400
Cuba,1972,8135150892
Cuba,1973,9987709650
Cuba,1974,11405957317
Cuba,1975,13027415244
Cuba,1976,13789579903
Cuba,1977,14206158675
Cuba,1978,17844705325
Cuba,1979,19584443288
Cuba,1980,19912889861
Cuba,1981,20150254096
Cuba,1982,20953510235
Cuba,1983,22204940512
Cuba,1984,24039383608
Cuba,1985,22920490774
Cuba,1986,24226574634
Cuba,1987,25213935012
Cuba,1988,27458999472
Cuba,1989,27023468666
Cuba,1990,28645436569
Cuba,1991,24316556026
Cuba,1992,22085858243
Cuba,1993,22367254865
Cuba,1994,28448326757
Cuba,1995,30429803651
Cuba,1996,25017368700
Cuba,1997,25365908100
Cuba,1998,25736331200
Cuba,1999,28364615200
Cuba,2000,30565400000
Cuba,2001,31682400000
Cuba,2002,33590500000
Cuba,2003,35901200000
Cuba,2004,38203000000
Cuba,2005,42643836100
Cuba,2006,48835925926
Cuba,2007,54262870370
Cuba,2008,56302129630
Cuba,2009,57481481481
Cuba,2010,59562962963
Cuba,2011,68990000000
Cuba,2012,73141000000
Cuba,2013,77148000000
Cuba,2014,80656100000
Cuba,2015,87132800000
Cuba,2016,91370407900
Cuba,2017,96850649700
Cuba,2018,1.0005E+11
Cuba,2019,1.03428E+11
Cuba,2020,1.07352E+11
Curacao,2000,2120511229
Curacao,2001,2143450726
Curacao,2002,2160784693
Curacao,2003,2202117374
Curacao,2004,2237160503
Curacao,2005,2344637263
Curacao,2006,2457581732
Curacao,2007,2593831508
Curacao,2008,2833476145
Curacao,2009,2869153184
Curacao,2010,2951342793
Curacao,2011,2930092237
Curacao,2012,3012836257
Curacao,2013,3033568606
Curacao,2014,3059406995
Curacao,2015,3058779212
Curacao,2016,3024690188
Curacao,2017,3033433248
Curacao,2018,3046364820
Curacao,2019,3026124116
Curacao,2020,2534327592
Curacao,2021,2739594360
Curacao,2022,3075180835
Curacao,2023,3281419347
Curacao,2024,3561178196
Cayman Islands,2006,4200288282
Cayman Islands,2007,4466278031
Cayman Islands,2008,4585948969
Cayman Islands,2009,4281714618
Cayman Islands,2010,4156841164
Cayman Islands,2011,4186073160
Cayman Islands,2012,4291004486
Cayman Islands,2013,4405796081
Cayman Islands,2014,4562853582
Cayman Islands,2015,4708167255
Cayman Islands,2016,4909322200
Cayman Islands,2017,5166281293
Cayman Islands,2018,5530178499
Cayman Islands,2019,5941896600
Cayman Islands,2020,5655357984
Cayman Islands,2021,6060813808
Cayman Islands,2022,6660161212
Cayman Islands,2023,7241244269
Cyprus,1975,489912574.3
Cyprus,1976,576090073.7
Cyprus,1977,734876021.1
Cyprus,1978,964024364.4
Cyprus,1979,1288699776
Cyprus,1980,2154311277
Cyprus,1981,2087496374
Cyprus,1982,2159242417
Cyprus,1983,2160364071
Cyprus,1984,2278248953
Cyprus,1985,2430411900
Cyprus,1986,3090734463
Cyprus,1987,3704813886
Cyprus,1988,4278792597
Cyprus,1989,4563482604
Cyprus,1990,5591130218
Cyprus,1991,5770197348
Cyprus,1992,6912150456
Cyprus,1993,6590291048
Cyprus,1994,7425703929
Cyprus,1995,9933137128
Cyprus,1996,10011914680
Cyprus,1997,9547816420
Cyprus,1998,10248618778
Cyprus,1999,10497907228
Cyprus,2000,9985847314
Cyprus,2001,10397898907
Cyprus,2002,11420228846
Cyprus,2003,14547329558
Cyprus,2004,17320551250
Cyprus,2005,18433412511
Cyprus,2006,20072754987
Cyprus,2007,23968727074
Cyprus,2008,27844646258
Cyprus,2009,26048179949
Cyprus,2010,25799940078
Cyprus,2011,27641549302
Cyprus,2012,25047436975
Cyprus,2013,23959712861
Cyprus,2014,23225918260
Cyprus,2015,19909278417
Cyprus,2016,21046462281
Cyprus,2017,22946570629
Cyprus,2018,25754001368
Cyprus,2019,26196667100
Cyprus,2020,25555093854
Cyprus,2021,30372642502
Cyprus,2022,31218038929
Cyprus,2023,35075423857
Cyprus,2024,37634533332
Czechia,1990,41016881802
Czechia,1991,30071014282
Czechia,1992,35051065440
Czechia,1993,41155654032
Czechia,1994,48188478339
Czechia,1995,60572381311
Czechia,1996,67804105330
Czechia,1997,62539765163
Czechia,1998,67187217328
Czechia,1999,65586562605
Czechia,2000,62175642238
Czechia,2001,68135304464
Czechia,2002,82607869610
Czechia,2003,1.00436E+11
Czechia,2004,1.20148E+11
Czechia,2005,1.37264E+11
Czechia,2006,1.56236E+11
Czechia,2007,1.90041E+11
Czechia,2008,2.36506E+11
Czechia,2009,2.06972E+11
Czechia,2010,2.11169E+11
Czechia,2011,2.31429E+11
Czechia,2012,2.10363E+11
Czechia,2013,2.13024E+11
Czechia,2014,2.10911E+11
Czechia,2015,1.89108E+11
Czechia,2016,1.98161E+11
Czechia,2017,2.21564E+11
Czechia,2018,2.51992E+11
Czechia,2019,2.56794E+11
Czechia,2020,2.5111E+11
Czechia,2021,2.90973E+11
Czechia,2022,3.01831E+11
Czechia,2023,3.45059E+11
Czechia,2024,3.47034E+11
Germany,1960,84619845881
Germany,1961,96558204043
Germany,1962,1.05895E+11
Germany,1963,1.12233E+11
Germany,1964,1.2333E+11
Germany,1965,1.34775E+11
Germany,1966,1.43304E+11
Germany,1967,1.45101E+11
Germany,1968,1.56527E+11
Germany,1969,1.77733E+11
Germany,1970,2.16629E+11
Germany,1971,2.50901E+11
Germany,1972,3.009E+11
Germany,1973,3.99834E+11
Germany,1974,4.46935E+11
Germany,1975,4.92434E+11
Germany,1976,5.21659E+11
Germany,1977,6.02698E+11
Germany,1978,7.43183E+11
Germany,1979,8.84574E+11
Germany,1980,9.53772E+11
Germany,1981,8.03405E+11
Germany,1982,7.79422E+11
Germany,1983,7.73508E+11
Germany,1984,7.27768E+11
Germany,1985,7.35219E+11
Germany,1986,1.05009E+12
Germany,1987,1.30293E+12
Germany,1988,1.40637E+12
Germany,1989,1.40409E+12
Germany,1990,1.77816E+12
Germany,1991,1.87579E+12
Germany,1992,2.14138E+12
Germany,1993,2.07895E+12
Germany,1994,2.21528E+12
Germany,1995,2.59305E+12
Germany,1996,2.50658E+12
Germany,1997,2.21879E+12
Germany,1998,2.24776E+12
Germany,1999,2.21387E+12
Germany,2000,1.96698E+12
Germany,2001,1.96638E+12
Germany,2002,2.10235E+12
Germany,2003,2.53472E+12
Germany,2004,2.85232E+12
Germany,2005,2.89339E+12
Germany,2006,3.04631E+12
Germany,2007,3.48406E+12
Germany,2008,3.8082E+12
Germany,2009,3.47855E+12
Germany,2010,3.46709E+12
Germany,2011,3.82358E+12
Germany,2012,3.59648E+12
Germany,2013,3.80702E+12
Germany,2014,3.96487E+12
Germany,2015,3.4251E+12
Germany,2016,3.53679E+12
Germany,2017,3.76535E+12
Germany,2018,4.05543E+12
Germany,2019,3.95989E+12
Germany,2020,3.9414E+12
Germany,2021,4.35525E+12
Germany,2022,4.20102E+12
Germany,2023,4.56221E+12
Germany,2024,4.68559E+12
Djibouti,1985,340989528
Djibouti,1987,373371738.3
Djibouti,1988,395794538.6
Djibouti,1989,409220087.1
Djibouti,1990,452328087.3
Djibouti,1991,462421998.5
Djibouti,1992,478058304.9
Djibouti,1993,466048469.2
Djibouti,1994,491689220.7
Djibouti,1995,497723960.6
Djibouti,1996,494004647.7
Djibouti,1997,502675542
Djibouti,1998,514267869.3
Djibouti,1999,536080148.1
Djibouti,2000,551230861.9
Djibouti,2001,572417440.8
Djibouti,2002,591122039.6
Djibouti,2003,622044665.5
Djibouti,2004,666072101.8
Djibouti,2005,708633194.7
Djibouti,2006,768873684
Djibouti,2007,847918929.1
Djibouti,2008,999105339.3
Djibouti,2009,1049110685
Djibouti,2010,1128611700
Djibouti,2011,1239144502
Djibouti,2012,1353632942
Djibouti,2013,2044440443
Djibouti,2014,2220637966
Djibouti,2015,2424391785
Djibouti,2016,2604955229
Djibouti,2017,2762581334
Djibouti,2018,2913464658
Djibouti,2019,3088851450
Djibouti,2020,3144136197
Djibouti,2021,3392796953
Djibouti,2022,3562814909
Djibouti,2023,3898447007
Djibouti,2024,4152145940
Dominica,1977,45872947.41
Dominica,1978,57130215.56
Dominica,1979,55017758.89
Dominica,1980,72804653.33
Dominica,1981,82107391.11
Dominica,1982,89527576.67
Dominica,1983,98665191.48
Dominica,1984,109157070.7
Dominica,1985,119491933
Dominica,1986,135161958.5
Dominica,1987,151868754.4
Dominica,1988,171106184.1
Dominica,1989,185137243
Dominica,1990,201429629.6
Dominica,1991,219762963
Dominica,1992,234059259.3
Dominica,1993,245525925.9
Dominica,1994,264374074.1
Dominica,1995,274522222.2
Dominica,1996,292285185.2
Dominica,1997,302988888.9
Dominica,1998,322411111.1
Dominica,1999,331759259.3
Dominica,2000,333470370.4
Dominica,2001,377462963
Dominica,2002,375200000
Dominica,2003,373318518.5
Dominica,2004,396711111.1
Dominica,2005,391455555.6
Dominica,2006,416674074.1
Dominica,2007,444685185.2
Dominica,2008,480003703.7
Dominica,2009,515618518.5
Dominica,2010,519859259.3
Dominica,2011,532081481.5
Dominica,2012,520355555.6
Dominica,2013,545325925.9
Dominica,2014,572255555.6
Dominica,2015,583177777.8
Dominica,2016,612711111.1
Dominica,2017,563355555.6
Dominica,2018,628244444.4
Dominica,2019,644259259.3
Dominica,2020,528944444.4
Dominica,2021,562911111.1
Dominica,2022,623062963
Dominica,2023,659311111.1
Dominica,2024,688881481.5
Denmark,1960,6361166545
Denmark,1961,7058361229
Denmark,1962,7953274741
Denmark,1963,8466044980
Denmark,1964,9677401337
Denmark,1965,10870670865
Denmark,1966,11931740293
Denmark,1967,13059064806
Denmark,1968,13505574133
Denmark,1969,15414902667
Denmark,1970,17075457733
Denmark,1971,19086192720
Denmark,1972,23230667549
Denmark,1973,30718181337
Denmark,1974,34125712481
Denmark,1975,40418967666
Denmark,1976,44503607444
Denmark,1977,49711709588
Denmark,1978,60320089218
Denmark,1979,70393030603
Denmark,1980,70811287816
Denmark,1981,61459941461
Denmark,1982,60084214872
Denmark,1983,60331158447
Denmark,1984,58868891335
Denmark,1985,62452421011
Denmark,1986,87748695217
Denmark,1987,1.09183E+11
Denmark,1988,1.1554E+11
Denmark,1989,1.12312E+11
Denmark,1990,1.38218E+11
Denmark,1991,1.39181E+11
Denmark,1992,1.52966E+11
Denmark,1993,1.43111E+11
Denmark,1994,1.56018E+11
Denmark,1995,1.84848E+11
Denmark,1996,1.87481E+11
Denmark,1997,1.73241E+11
Denmark,1998,1.76877E+11
Denmark,1999,1.77888E+11
Denmark,2000,1.64044E+11
Denmark,2001,1.64882E+11
Denmark,2002,1.78788E+11
Denmark,2003,2.18421E+11
Denmark,2004,2.51986E+11
Denmark,2005,2.6515E+11
Denmark,2006,2.83386E+11
Denmark,2007,3.20213E+11
Denmark,2008,3.54979E+11
Denmark,2009,3.22619E+11
Denmark,2010,3.22346E+11
Denmark,2011,3.44316E+11
Denmark,2012,3.26793E+11
Denmark,2013,3.44631E+11
Denmark,2014,3.52833E+11
Denmark,2015,3.01759E+11
Denmark,2016,3.12182E+11
Denmark,2017,3.31611E+11
Denmark,2018,3.55293E+11
Denmark,2019,3.45401E+11
Denmark,2020,3.55631E+11
Denmark,2021,4.0611E+11
Denmark,2022,4.00114E+11
Denmark,2023,4.04652E+11
Denmark,2024,4.24525E+11
Dominican Republic,1960,672399700
Dominican Republic,1961,654100200
Dominican Republic,1962,824100000
Dominican Republic,1963,940799900
Dominican Republic,1964,1025599900
Dominican Republic,1965,888100000
Dominican Republic,1966,983900000
Dominican Republic,1967,1034800000
Dominican Republic,1968,1079100000
Dominican Republic,1969,1230500000
Dominican Republic,1970,1485500000
Dominican Republic,1971,1666500000
Dominican Republic,1972,1987400000
Dominican Republic,1973,2344800000
Dominican Republic,1974,2925700000
Dominican Republic,1975,3599200000
Dominican Republic,1976,3951500000
Dominican Republic,1977,4587100000
Dominican Republic,1978,4734400000
Dominican Republic,1979,5498800000
Dominican Republic,1980,6761300000
Dominican Republic,1981,7561300000
Dominican Republic,1982,8267400000
Dominican Republic,1983,9220600000
Dominican Republic,1984,11594000000
Dominican Republic,1985,5044579979
Dominican Republic,1986,6122128558
Dominican Republic,1987,5827050753
Dominican Republic,1988,5374299981
Dominican Republic,1989,6686593060
Dominican Republic,1990,7073675545
Dominican Republic,1991,9824483340
Dominican Republic,1992,11605382504
Dominican Republic,1993,13081042400
Dominican Republic,1994,14644734599
Dominican Republic,1995,16637370839
Dominican Republic,1996,18241622548
Dominican Republic,1997,20017450041
Dominican Republic,1998,21672215547
Dominican Republic,1999,22136579397
Dominican Republic,2000,24305780629
Dominican Republic,2001,25601823688
Dominican Republic,2002,27137440786
Dominican Republic,2003,21403167848
Dominican Republic,2004,22322387382
Dominican Republic,2005,35777560684
Dominican Republic,2006,37879830084
Dominican Republic,2007,43965458509
Dominican Republic,2008,48091433554
Dominican Republic,2009,48223781477
Dominican Republic,2010,53801053353
Dominican Republic,2011,57948261616
Dominican Republic,2012,60561635556
Dominican Republic,2013,62555417415
Dominican Republic,2014,67014329100
Dominican Republic,2015,70966782572
Dominican Republic,2016,75552902636
Dominican Republic,2017,79070274743
Dominican Republic,2018,84994732049
Dominican Republic,2019,89146130745
Dominican Republic,2020,78546672407
Dominican Republic,2021,94850719517
Dominican Republic,2022,1.13478E+11
Dominican Republic,2023,1.20456E+11
Dominican Republic,2024,1.24282E+11
Algeria,1960,2723615451
Algeria,1961,2434747056
Algeria,1962,2001444544
Algeria,1963,2702982018
Algeria,1964,2909316435
Algeria,1965,3136284307
Algeria,1966,3039859187
Algeria,1967,3370870376
Algeria,1968,3852147027
Algeria,1969,4257253264
Algeria,1970,4863526897
Algeria,1971,5077183094
Algeria,1972,6766743957
Algeria,1973,8707858912
Algeria,1974,13209871626
Algeria,1975,15557902754
Algeria,1976,17728240932
Algeria,1977,20972113685
Algeria,1978,26364491313
Algeria,1979,33243706860
Algeria,1980,42345829079
Algeria,1981,44348590461
Algeria,1982,45207167470
Algeria,1983,48801369800
Algeria,1984,53698548293
Algeria,1985,57937868670
Algeria,1986,63692007897
Algeria,1987,66745818375
Algeria,1988,59089396860
Algeria,1989,55634721573
Algeria,1990,62048507531
Algeria,1991,45715676428
Algeria,1992,48003133347
Algeria,1993,49945584453
Algeria,1994,42543176829
Algeria,1995,41764291672
Algeria,1996,46941554225
Algeria,1997,48177612042
Algeria,1998,48187781984
Algeria,1999,48640671735
Algeria,2000,54790398570
Algeria,2001,59413400924
Algeria,2002,61516103406
Algeria,2003,73482264191
Algeria,2004,91913680985
Algeria,2005,1.07047E+11
Algeria,2006,1.23084E+11
Algeria,2007,1.42483E+11
Algeria,2008,1.80384E+11
Algeria,2009,1.50317E+11
Algeria,2010,1.77785E+11
Algeria,2011,2.18332E+11
Algeria,2012,2.27144E+11
Algeria,2013,2.29701E+11
Algeria,2014,2.38943E+11
Algeria,2015,1.87494E+11
Algeria,2016,1.80764E+11
Algeria,2017,1.89881E+11
Algeria,2018,1.94554E+11
Algeria,2019,1.9346E+11
Algeria,2020,1.64873E+11
Algeria,2021,1.86231E+11
Algeria,2022,2.25582E+11
Algeria,2023,2.47924E+11
Algeria,2024,2.69322E+11
East Asia & Pacific (excluding high income),1960,80886065110
East Asia & Pacific (excluding high income),1961,71247395333
East Asia & Pacific (excluding high income),1962,64989160573
East Asia & Pacific (excluding high income),1963,70288432261
East Asia & Pacific (excluding high income),1964,81184317666
East Asia & Pacific (excluding high income),1965,94594887800
East Asia & Pacific (excluding high income),1966,1.03483E+11
East Asia & Pacific (excluding high income),1967,1.00475E+11
East Asia & Pacific (excluding high income),1968,1.01581E+11
East Asia & Pacific (excluding high income),1969,1.14218E+11
East Asia & Pacific (excluding high income),1970,1.27183E+11
East Asia & Pacific (excluding high income),1971,1.3658E+11
East Asia & Pacific (excluding high income),1972,1.55518E+11
East Asia & Pacific (excluding high income),1973,1.95617E+11
East Asia & Pacific (excluding high income),1974,2.21666E+11
East Asia & Pacific (excluding high income),1975,2.48773E+11
East Asia & Pacific (excluding high income),1976,2.52943E+11
East Asia & Pacific (excluding high income),1977,2.91533E+11
East Asia & Pacific (excluding high income),1978,2.82919E+11
East Asia & Pacific (excluding high income),1979,3.27589E+11
East Asia & Pacific (excluding high income),1980,3.77947E+11
East Asia & Pacific (excluding high income),1981,4.03551E+11
East Asia & Pacific (excluding high income),1982,4.23851E+11
East Asia & Pacific (excluding high income),1983,4.4384E+11
East Asia & Pacific (excluding high income),1984,4.80915E+11
East Asia & Pacific (excluding high income),1985,5.26601E+11
East Asia & Pacific (excluding high income),1986,5.25183E+11
East Asia & Pacific (excluding high income),1987,5.19033E+11
East Asia & Pacific (excluding high income),1988,5.76127E+11
East Asia & Pacific (excluding high income),1989,6.22836E+11
East Asia & Pacific (excluding high income),1990,6.6741E+11
East Asia & Pacific (excluding high income),1991,7.24655E+11
East Asia & Pacific (excluding high income),1992,8.12995E+11
East Asia & Pacific (excluding high income),1993,8.92446E+11
East Asia & Pacific (excluding high income),1994,1.07448E+12
East Asia & Pacific (excluding high income),1995,1.32574E+12
East Asia & Pacific (excluding high income),1996,1.52311E+12
East Asia & Pacific (excluding high income),1997,1.57677E+12
East Asia & Pacific (excluding high income),1998,1.44128E+12
East Asia & Pacific (excluding high income),1999,1.58777E+12
East Asia & Pacific (excluding high income),2000,1.74862E+12
East Asia & Pacific (excluding high income),2001,1.86293E+12
East Asia & Pacific (excluding high income),2002,2.06386E+12
East Asia & Pacific (excluding high income),2003,2.3379E+12
East Asia & Pacific (excluding high income),2004,2.71236E+12
East Asia & Pacific (excluding high income),2005,3.14009E+12
East Asia & Pacific (excluding high income),2006,3.78328E+12
East Asia & Pacific (excluding high income),2007,4.78705E+12
East Asia & Pacific (excluding high income),2008,6.06202E+12
East Asia & Pacific (excluding high income),2009,6.58135E+12
East Asia & Pacific (excluding high income),2010,8.00861E+12
East Asia & Pacific (excluding high income),2011,9.77426E+12
East Asia & Pacific (excluding high income),2012,1.09053E+13
East Asia & Pacific (excluding high income),2013,1.20475E+13
East Asia & Pacific (excluding high income),2014,1.30047E+13
East Asia & Pacific (excluding high income),2015,1.35489E+13
East Asia & Pacific (excluding high income),2016,1.38441E+13
East Asia & Pacific (excluding high income),2017,1.51156E+13
East Asia & Pacific (excluding high income),2018,1.69021E+13
East Asia & Pacific (excluding high income),2019,1.75033E+13
East Asia & Pacific (excluding high income),2020,1.78052E+13
East Asia & Pacific (excluding high income),2021,2.12314E+13
East Asia & Pacific (excluding high income),2022,2.15639E+13
East Asia & Pacific (excluding high income),2023,2.16444E+13
East Asia & Pacific (excluding high income),2024,2.22608E+13
Early-demographic dividend,1960,1.44722E+11
Early-demographic dividend,1961,1.57593E+11
Early-demographic dividend,1962,1.59436E+11
Early-demographic dividend,1963,1.75994E+11
Early-demographic dividend,1964,2.01822E+11
Early-demographic dividend,1965,2.18952E+11
Early-demographic dividend,1966,2.16878E+11
Early-demographic dividend,1967,2.28982E+11
Early-demographic dividend,1968,2.49635E+11
Early-demographic dividend,1969,2.78946E+11
Early-demographic dividend,1970,2.96902E+11
Early-demographic dividend,1971,3.19667E+11
Early-demographic dividend,1972,3.5271E+11
Early-demographic dividend,1973,4.5133E+11
Early-demographic dividend,1974,6.32678E+11
Early-demographic dividend,1975,6.77326E+11
Early-demographic dividend,1976,7.4E+11
Early-demographic dividend,1977,8.27432E+11
Early-demographic dividend,1978,9.44726E+11
Early-demographic dividend,1979,1.11184E+12
Early-demographic dividend,1980,1.3825E+12
Early-demographic dividend,1981,1.53191E+12
Early-demographic dividend,1982,1.46054E+12
Early-demographic dividend,1983,1.47401E+12
Early-demographic dividend,1984,1.49471E+12
Early-demographic dividend,1985,1.49048E+12
Early-demographic dividend,1986,1.49803E+12
Early-demographic dividend,1987,1.52191E+12
Early-demographic dividend,1988,1.60657E+12
Early-demographic dividend,1989,1.63426E+12
Early-demographic dividend,1990,1.91543E+12
Early-demographic dividend,1991,2.0321E+12
Early-demographic dividend,1992,2.20797E+12
Early-demographic dividend,1993,2.38195E+12
Early-demographic dividend,1994,2.50211E+12
Early-demographic dividend,1995,2.61683E+12
Early-demographic dividend,1996,2.83634E+12
Early-demographic dividend,1997,3.02997E+12
Early-demographic dividend,1998,2.92128E+12
Early-demographic dividend,1999,3.09086E+12
Early-demographic dividend,2000,3.3783E+12
Early-demographic dividend,2001,3.35182E+12
Early-demographic dividend,2002,3.25579E+12
Early-demographic dividend,2003,3.62251E+12
Early-demographic dividend,2004,4.20973E+12
Early-demographic dividend,2005,4.89783E+12
Early-demographic dividend,2006,5.60039E+12
Early-demographic dividend,2007,6.63105E+12
Early-demographic dividend,2008,7.4618E+12
Early-demographic dividend,2009,7.17912E+12
Early-demographic dividend,2010,8.71972E+12
Early-demographic dividend,2011,9.8327E+12
Early-demographic dividend,2012,1.02751E+13
Early-demographic dividend,2013,1.03303E+13
Early-demographic dividend,2014,1.05334E+13
Early-demographic dividend,2015,1.01273E+13
Early-demographic dividend,2016,1.04232E+13
Early-demographic dividend,2017,1.13206E+13
Early-demographic dividend,2018,1.14789E+13
Early-demographic dividend,2019,1.16866E+13
Early-demographic dividend,2020,1.08233E+13
Early-demographic dividend,2021,1.2695E+13
Early-demographic dividend,2022,1.40347E+13
Early-demographic dividend,2023,1.49335E+13
Early-demographic dividend,2024,1.58083E+13
East Asia & Pacific,1960,1.57319E+11
East Asia & Pacific,1961,1.58551E+11
East Asia & Pacific,1962,1.62277E+11
East Asia & Pacific,1963,1.8111E+11
East Asia & Pacific,1964,2.07928E+11
East Asia & Pacific,1965,2.31441E+11
East Asia & Pacific,1966,2.58962E+11
East Asia & Pacific,1967,2.81428E+11
East Asia & Pacific,1968,3.10918E+11
East Asia & Pacific,1969,3.58521E+11
East Asia & Pacific,1970,4.12911E+11
East Asia & Pacific,1971,4.58861E+11
East Asia & Pacific,1972,5.70489E+11
East Asia & Pacific,1973,7.51994E+11
East Asia & Pacific,1974,8.67697E+11
East Asia & Pacific,1975,9.49601E+11
East Asia & Pacific,1976,1.04459E+12
East Asia & Pacific,1977,1.24484E+12
East Asia & Pacific,1978,1.57247E+12
East Asia & Pacific,1979,1.70794E+12
East Asia & Pacific,1980,1.84768E+12
East Asia & Pacific,1981,2.03524E+12
East Asia & Pacific,1982,1.9938E+12
East Asia & Pacific,1983,2.12225E+12
East Asia & Pacific,1984,2.2704E+12
East Asia & Pacific,1985,2.39479E+12
East Asia & Pacific,1986,3.12949E+12
East Asia & Pacific,1987,3.67466E+12
East Asia & Pacific,1988,4.41768E+12
East Asia & Pacific,1989,4.60103E+12
East Asia & Pacific,1990,4.80329E+12
East Asia & Pacific,1991,5.4272E+12
East Asia & Pacific,1992,5.93283E+12
East Asia & Pacific,1993,6.63685E+12
East Asia & Pacific,1994,7.42541E+12
East Asia & Pacific,1995,8.43454E+12
East Asia & Pacific,1996,8.13048E+12
East Asia & Pacific,1997,7.77269E+12
East Asia & Pacific,1998,6.95595E+12
East Asia & Pacific,1999,7.77384E+12
East Asia & Pacific,2000,8.41245E+12
East Asia & Pacific,2001,7.82646E+12
East Asia & Pacific,2002,7.95617E+12
East Asia & Pacific,2003,8.75345E+12
East Asia & Pacific,2004,9.81968E+12
East Asia & Pacific,2005,1.04827E+13
East Asia & Pacific,2006,1.11197E+13
East Asia & Pacific,2007,1.24375E+13
East Asia & Pacific,2008,1.43435E+13
East Asia & Pacific,2009,1.47643E+13
East Asia & Pacific,2010,1.72393E+13
East Asia & Pacific,2011,1.99787E+13
East Asia & Pacific,2012,2.13823E+13
East Asia & Pacific,2013,2.16593E+13
East Asia & Pacific,2014,2.23722E+13
East Asia & Pacific,2015,2.22991E+13
East Asia & Pacific,2016,2.30897E+13
East Asia & Pacific,2017,2.46562E+13
East Asia & Pacific,2018,2.68536E+13
East Asia & Pacific,2019,2.74273E+13
East Asia & Pacific,2020,2.75788E+13
East Asia & Pacific,2021,3.16757E+13
East Asia & Pacific,2022,3.12663E+13
East Asia & Pacific,2023,3.14178E+13
East Asia & Pacific,2024,3.20172E+13
Europe & Central Asia (excluding high income),1987,2.35133E+11
Europe & Central Asia (excluding high income),1988,2.60715E+11
Europe & Central Asia (excluding high income),1989,2.96012E+11
Europe & Central Asia (excluding high income),1990,3.54157E+11
Europe & Central Asia (excluding high income),1991,3.41086E+11
Europe & Central Asia (excluding high income),1992,3.28451E+11
Europe & Central Asia (excluding high income),1993,3.39236E+11
Europe & Central Asia (excluding high income),1994,2.65717E+11
Europe & Central Asia (excluding high income),1995,3.73845E+11
Europe & Central Asia (excluding high income),1996,3.95413E+11
Europe & Central Asia (excluding high income),1997,4.20615E+11
Europe & Central Asia (excluding high income),1998,4.21386E+11
Europe & Central Asia (excluding high income),1999,3.84488E+11
Europe & Central Asia (excluding high income),2000,3.91259E+11
Europe & Central Asia (excluding high income),2001,3.35649E+11
Europe & Central Asia (excluding high income),2002,3.90532E+11
Europe & Central Asia (excluding high income),2003,4.98092E+11
Europe & Central Asia (excluding high income),2004,6.41341E+11
Europe & Central Asia (excluding high income),2005,7.98897E+11
Europe & Central Asia (excluding high income),2006,9.29638E+11
Europe & Central Asia (excluding high income),2007,1.17154E+12
Europe & Central Asia (excluding high income),2008,1.40243E+12
Europe & Central Asia (excluding high income),2009,1.16981E+12
Europe & Central Asia (excluding high income),2010,1.38508E+12
Europe & Central Asia (excluding high income),2011,1.57424E+12
Europe & Central Asia (excluding high income),2012,1.65898E+12
Europe & Central Asia (excluding high income),2013,1.80869E+12
Europe & Central Asia (excluding high income),2014,1.73523E+12
Europe & Central Asia (excluding high income),2015,1.51047E+12
Europe & Central Asia (excluding high income),2016,1.45017E+12
Europe & Central Asia (excluding high income),2017,1.4996E+12
Europe & Central Asia (excluding high income),2018,1.47749E+12
Europe & Central Asia (excluding high income),2019,1.50868E+12
Europe & Central Asia (excluding high income),2020,1.44608E+12
Europe & Central Asia (excluding high income),2021,1.68096E+12
Europe & Central Asia (excluding high income),2022,1.82024E+12
Europe & Central Asia (excluding high income),2023,2.14324E+12
Europe & Central Asia (excluding high income),2024,2.45118E+12
Europe & Central Asia,1960,4.26666E+11
Europe & Central Asia,1961,4.69525E+11
Europe & Central Asia,1962,5.13406E+11
Europe & Central Asia,1963,5.61373E+11
Europe & Central Asia,1964,6.20449E+11
Europe & Central Asia,1965,6.76604E+11
Europe & Central Asia,1966,7.317E+11
Europe & Central Asia,1967,7.77321E+11
Europe & Central Asia,1968,8.18734E+11
Europe & Central Asia,1969,9.07972E+11
Europe & Central Asia,1970,1.02081E+12
Europe & Central Asia,1971,1.15205E+12
Europe & Central Asia,1972,1.38132E+12
Europe & Central Asia,1973,1.75715E+12
Europe & Central Asia,1974,1.98579E+12
Europe & Central Asia,1975,2.31953E+12
Europe & Central Asia,1976,2.41137E+12
Europe & Central Asia,1977,2.728E+12
Europe & Central Asia,1978,3.3443E+12
Europe & Central Asia,1979,4.07759E+12
Europe & Central Asia,1980,4.60926E+12
Europe & Central Asia,1981,4.10576E+12
Europe & Central Asia,1982,3.95725E+12
Europe & Central Asia,1983,3.83793E+12
Europe & Central Asia,1984,3.68952E+12
Europe & Central Asia,1985,3.81757E+12
Europe & Central Asia,1986,5.20754E+12
Europe & Central Asia,1987,6.43175E+12
Europe & Central Asia,1988,7.16182E+12
Europe & Central Asia,1989,7.2577E+12
Europe & Central Asia,1990,8.87088E+12
Europe & Central Asia,1991,9.13725E+12
Europe & Central Asia,1992,9.78784E+12
Europe & Central Asia,1993,8.995E+12
Europe & Central Asia,1994,9.40865E+12
Europe & Central Asia,1995,1.09422E+13
Europe & Central Asia,1996,1.11708E+13
Europe & Central Asia,1997,1.06069E+13
Europe & Central Asia,1998,1.08026E+13
Europe & Central Asia,1999,1.06931E+13
Europe & Central Asia,2000,1.00844E+13
Europe & Central Asia,2001,1.0189E+13
Europe & Central Asia,2002,1.11566E+13
Europe & Central Asia,2003,1.35671E+13
Europe & Central Asia,2004,1.58148E+13
Europe & Central Asia,2005,1.6835E+13
Europe & Central Asia,2006,1.82368E+13
Europe & Central Asia,2007,2.13083E+13
Europe & Central Asia,2008,2.34536E+13
Europe & Central Asia,2009,2.06484E+13
Europe & Central Asia,2010,2.11187E+13
Europe & Central Asia,2011,2.3432E+13
Europe & Central Asia,2012,2.25606E+13
Europe & Central Asia,2013,2.35741E+13
Europe & Central Asia,2014,2.39205E+13
Europe & Central Asia,2015,2.06034E+13
Europe & Central Asia,2016,2.05284E+13
Europe & Central Asia,2017,2.17915E+13
Europe & Central Asia,2018,2.33426E+13
Europe & Central Asia,2019,2.30675E+13
Europe & Central Asia,2020,2.23225E+13
Europe & Central Asia,2021,2.55729E+13
Europe & Central Asia,2022,2.57987E+13
Europe & Central Asia,2023,2.77329E+13
Europe & Central Asia,2024,2.92918E+13
Ecuador,1960,2069464937
Ecuador,1961,1753850955
Ecuador,1962,1518207703
Ecuador,1963,1824343871
Ecuador,1964,2244146103
Ecuador,1965,2387047396
Ecuador,1966,2429308639
Ecuador,1967,2553595172
Ecuador,1968,2582179864
Ecuador,1969,3112165727
Ecuador,1970,2862503139
Ecuador,1971,2754219271
Ecuador,1972,3185986087
Ecuador,1973,3891754150
Ecuador,1974,6599257044
Ecuador,1975,7731674472
Ecuador,1976,9091921030
Ecuador,1977,11026342618
Ecuador,1978,11922497876
Ecuador,1979,14175160902
Ecuador,1980,17881508242
Ecuador,1981,21810759354
Ecuador,1982,19929846396
Ecuador,1983,17152477037
Ecuador,1984,16912509092
Ecuador,1985,17149088413
Ecuador,1986,15314138472
Ecuador,1987,13945426859
Ecuador,1988,13051881851
Ecuador,1989,13890823705
Ecuador,1990,15239272612
Ecuador,1991,16988535268
Ecuador,1992,18094238119
Ecuador,1993,18938717359
Ecuador,1994,22708673337
Ecuador,1995,24432884442
Ecuador,1996,25226393197
Ecuador,1997,28162053027
Ecuador,1998,27981896948
Ecuador,1999,19645272636
Ecuador,2000,17539454727
Ecuador,2001,23127055000
Ecuador,2002,27054197000
Ecuador,2003,30965208000
Ecuador,2004,35194947000
Ecuador,2005,40278849000
Ecuador,2006,45690762000
Ecuador,2007,49848725000
Ecuador,2008,61139438000
Ecuador,2009,60094978000
Ecuador,2010,68151329000
Ecuador,2011,78986648000
Ecuador,2012,87735048000
Ecuador,2013,96570334000
Ecuador,2014,1.02718E+11
Ecuador,2015,97209558000
Ecuador,2016,97671433000
Ecuador,2017,1.04467E+11
Ecuador,2018,1.07479E+11
Ecuador,2019,1.07596E+11
Ecuador,2020,95865473000
Ecuador,2021,1.07179E+11
Ecuador,2022,1.16133E+11
Ecuador,2023,1.21147E+11
Ecuador,2024,1.24676E+11
"Egypt, Arab Rep.",1960,4206270352
"Egypt, Arab Rep.",1961,4494575611
"Egypt, Arab Rep.",1962,4035462027
"Egypt, Arab Rep.",1963,4187146232
"Egypt, Arab Rep.",1964,4709245762
"Egypt, Arab Rep.",1965,4948667540
"Egypt, Arab Rep.",1966,5278005612
"Egypt, Arab Rep.",1967,5605484299
"Egypt, Arab Rep.",1968,5932242991
"Egypt, Arab Rep.",1969,6524455206
"Egypt, Arab Rep.",1970,8042200452
"Egypt, Arab Rep.",1971,8609283346
"Egypt, Arab Rep.",1972,9299638056
"Egypt, Arab Rep.",1973,10098534613
"Egypt, Arab Rep.",1974,9228963225
"Egypt, Arab Rep.",1975,11632178869
"Egypt, Arab Rep.",1976,13315988083
"Egypt, Arab Rep.",1977,14400806876
"Egypt, Arab Rep.",1978,14811704063
"Egypt, Arab Rep.",1979,18020571429
"Egypt, Arab Rep.",1980,21669908176
"Egypt, Arab Rep.",1981,22136081081
"Egypt, Arab Rep.",1982,27655172414
"Egypt, Arab Rep.",1983,30966239814
"Egypt, Arab Rep.",1984,33971188992
"Egypt, Arab Rep.",1985,39053502251
"Egypt, Arab Rep.",1986,41253507951
"Egypt, Arab Rep.",1987,40455616654
"Egypt, Arab Rep.",1988,34980124929
"Egypt, Arab Rep.",1989,39756299050
"Egypt, Arab Rep.",1990,42978914311
"Egypt, Arab Rep.",1991,37387836491
"Egypt, Arab Rep.",1992,41855986519
"Egypt, Arab Rep.",1993,46578631453
"Egypt, Arab Rep.",1994,51897983393
"Egypt, Arab Rep.",1995,60159245060
"Egypt, Arab Rep.",1996,67629716981
"Egypt, Arab Rep.",1997,78436578171
"Egypt, Arab Rep.",1998,84828807556
"Egypt, Arab Rep.",1999,90710704807
"Egypt, Arab Rep.",2000,99838543960
"Egypt, Arab Rep.",2001,96684636119
"Egypt, Arab Rep.",2002,85146067416
"Egypt, Arab Rep.",2003,80288461538
"Egypt, Arab Rep.",2004,78782467532
"Egypt, Arab Rep.",2005,89660339660
"Egypt, Arab Rep.",2006,1.07426E+11
"Egypt, Arab Rep.",2007,1.30438E+11
"Egypt, Arab Rep.",2008,1.62818E+11
"Egypt, Arab Rep.",2009,1.89147E+11
"Egypt, Arab Rep.",2010,2.18984E+11
"Egypt, Arab Rep.",2011,2.3599E+11
"Egypt, Arab Rep.",2012,2.79117E+11
"Egypt, Arab Rep.",2013,2.88434E+11
"Egypt, Arab Rep.",2014,3.05595E+11
"Egypt, Arab Rep.",2015,3.29367E+11
"Egypt, Arab Rep.",2016,3.32442E+11
"Egypt, Arab Rep.",2017,2.48363E+11
"Egypt, Arab Rep.",2018,2.62589E+11
"Egypt, Arab Rep.",2019,3.18679E+11
"Egypt, Arab Rep.",2020,3.83818E+11
"Egypt, Arab Rep.",2021,4.24672E+11
"Egypt, Arab Rep.",2022,4.76748E+11
"Egypt, Arab Rep.",2023,3.95926E+11
"Egypt, Arab Rep.",2024,3.8906E+11
Euro area,1960,2.51618E+11
Euro area,1961,2.80078E+11
Euro area,1962,3.09695E+11
Euro area,1963,3.40786E+11
Euro area,1964,3.77599E+11
Euro area,1965,4.12775E+11
Euro area,1966,4.46518E+11
Euro area,1967,4.74429E+11
Euro area,1968,5.09989E+11
Euro area,1969,5.69735E+11
Euro area,1970,6.45501E+11
Euro area,1971,7.31657E+11
Euro area,1972,8.83627E+11
Euro area,1973,1.14693E+12
Euro area,1974,1.30064E+12
Euro area,1975,1.50777E+12
Euro area,1976,1.5732E+12
Euro area,1977,1.79012E+12
Euro area,1978,2.19188E+12
Euro area,1979,2.65541E+12
Euro area,1980,2.97369E+12
Euro area,1981,2.58376E+12
Euro area,1982,2.50098E+12
Euro area,1983,2.4401E+12
Euro area,1984,2.34111E+12
Euro area,1985,2.40499E+12
Euro area,1986,3.3773E+12
Euro area,1987,4.17753E+12
Euro area,1988,4.5949E+12
Euro area,1989,4.69311E+12
Euro area,1990,5.90562E+12
Euro area,1991,6.12771E+12
Euro area,1992,6.75051E+12
Euro area,1993,6.18049E+12
Euro area,1994,6.53116E+12
Euro area,1995,7.54004E+12
Euro area,1996,7.6295E+12
Euro area,1997,6.97767E+12
Euro area,1998,7.17436E+12
Euro area,1999,7.14886E+12
Euro area,2000,6.52863E+12
Euro area,2001,6.6319E+12
Euro area,2002,7.24186E+12
Euro area,2003,8.92123E+12
Euro area,2004,1.0231E+13
Euro area,2005,1.06118E+13
Euro area,2006,1.12883E+13
Euro area,2007,1.30003E+13
Euro area,2008,1.42957E+13
Euro area,2009,1.30831E+13
Euro area,2010,1.27847E+13
Euro area,2011,1.38086E+13
Euro area,2012,1.27849E+13
Euro area,2013,1.33573E+13
Euro area,2014,1.36821E+13
Euro area,2015,1.18298E+13
Euro area,2016,1.21233E+13
Euro area,2017,1.2842E+13
Euro area,2018,1.38718E+13
Euro area,2019,1.35898E+13
Euro area,2020,1.32676E+13
Euro area,2021,1.49246E+13
Euro area,2022,1.44882E+13
Euro area,2023,1.58548E+13
Euro area,2024,1.64854E+13
Eritrea,1992,477101651.6
Eritrea,1993,467872714.8
Eritrea,1994,531688311.7
Eritrea,1995,578015625
Eritrea,1996,693535954.2
Eritrea,1997,686490090.1
Eritrea,1998,745523116.9
Eritrea,1999,688918537.1
Eritrea,2000,706370815.6
Eritrea,2001,752371688.7
Eritrea,2002,729321680.2
Eritrea,2003,870248267.6
Eritrea,2004,1109054005
Eritrea,2005,1098424686
Eritrea,2006,1211161880
Eritrea,2007,1317974491
Eritrea,2008,1380188800
Eritrea,2009,1856695551
Eritrea,2010,1589515447
Eritrea,2011,2065001626
Spain,1960,12424514014
Spain,1961,14238126760
Spain,1962,16609632791
Spain,1963,19631714760
Spain,1964,21966876027
Spain,1965,25479619607
Spain,1966,29559436183
Spain,1967,32570905397
Spain,1968,32394326464
Spain,1969,37090689288
Spain,1970,40963715237
Spain,1971,46586119760
Spain,1972,59090176029
Spain,1973,78583355226
Spain,1974,97204522642
Spain,1975,1.14695E+11
Spain,1976,1.18423E+11
Spain,1977,1.32355E+11
Spain,1978,1.60485E+11
Spain,1979,2.14449E+11
Spain,1980,2.32601E+11
Spain,1981,2.02663E+11
Spain,1982,1.95857E+11
Spain,1983,1.70829E+11
Spain,1984,1.7198E+11
Spain,1985,1.80664E+11
Spain,1986,2.51142E+11
Spain,1987,3.1852E+11
Spain,1988,3.75892E+11
Spain,1989,4.14461E+11
Spain,1990,5.36175E+11
Spain,1991,5.76754E+11
Spain,1992,6.30465E+11
Spain,1993,5.24701E+11
Spain,1994,5.30184E+11
Spain,1995,6.1417E+11
Spain,1996,6.42251E+11
Spain,1997,5.8974E+11
Spain,1998,6.18731E+11
Spain,1999,6.34395E+11
Spain,2000,5.98103E+11
Spain,2001,6.27799E+11
Spain,2002,7.08938E+11
Spain,2003,9.07963E+11
Spain,2004,1.06983E+12
Spain,2005,1.15467E+12
Spain,2006,1.26185E+12
Spain,2007,1.47675E+12
Spain,2008,1.63612E+12
Spain,2009,1.49659E+12
Spain,2010,1.42799E+12
Spain,2011,1.48757E+12
Spain,2012,1.33099E+12
Spain,2013,1.36219E+12
Spain,2014,1.38024E+12
Spain,2015,1.20616E+12
Spain,2016,1.24302E+12
Spain,2017,1.32175E+12
Spain,2018,1.43164E+12
Spain,2019,1.4035E+12
Spain,2020,1.28978E+12
Spain,2021,1.46124E+12
Spain,2022,1.44885E+12
Spain,2023,1.61948E+12
Spain,2024,1.72567E+12
Estonia,1993,4013091682
Estonia,1994,4123011420
Estonia,1995,4502970889
Estonia,1996,4786018988
Estonia,1997,5154420649
Estonia,1998,5674080543
Estonia,1999,5756912266
Estonia,2000,5686579748
Estonia,2001,6250218423
Estonia,2002,7370119619
Estonia,2003,9876595528
Estonia,2004,12148595031
Estonia,2005,14109491357
Estonia,2006,17025671810
Estonia,2007,22450264166
Estonia,2008,24342935404
Estonia,2009,19633984440
Estonia,2010,19524355419
Estonia,2011,23303915795
Estonia,2012,23237406116
Estonia,2013,25451032781
Estonia,2014,27055689003
Estonia,2015,23311847751
Estonia,2016,24561027788
Estonia,2017,27469461919
Estonia,2018,31222632741
Estonia,2019,31873748770
Estonia,2020,31820771494
Estonia,2021,37201101171
Estonia,2022,38226641740
Estonia,2023,41470344395
Estonia,2024,43130419829
Ethiopia,1960,1610511694
Ethiopia,1961,1680859514
Ethiopia,1962,1747566307
Ethiopia,1963,1825058828
Ethiopia,1964,1984129186
Ethiopia,1965,2159998591
Ethiopia,1966,2324466416
Ethiopia,1967,2461762003
Ethiopia,1968,2619948865
Ethiopia,1969,2768987372
Ethiopia,1970,3045354455
Ethiopia,1971,3224280835
Ethiopia,1972,3520252938
Ethiopia,1973,4070570550
Ethiopia,1974,4577209966
Ethiopia,1975,4577047854
Ethiopia,1976,4943806093
Ethiopia,1977,5651840585
Ethiopia,1978,6014961435
Ethiopia,1979,6586048398
Ethiopia,1980,7012585454
Ethiopia,1981,7507663567
Ethiopia,1982,7899988841
Ethiopia,1983,8781664427
Ethiopia,1984,8298309581
Ethiopia,1985,9717392687
Ethiopia,1986,10094328898
Ethiopia,1987,10790001558
Ethiopia,1988,11181119718
Ethiopia,1989,11762932007
Ethiopia,1990,12478943895
Ethiopia,1991,13799799324
Ethiopia,1992,10754799037
Ethiopia,1993,9051043870
Ethiopia,1994,7100806754
Ethiopia,1995,7855205207
Ethiopia,1996,8761215548
Ethiopia,1997,8803539988
Ethiopia,1998,8013274132
Ethiopia,1999,7892973532
Ethiopia,2000,8242349618
Ethiopia,2001,8231326016
Ethiopia,2002,7850809498
Ethiopia,2003,8623691300
Ethiopia,2004,10131187261
Ethiopia,2005,12401139454
Ethiopia,2006,15280861835
Ethiopia,2007,19707616773
Ethiopia,2008,27066912635
Ethiopia,2009,32437389116
Ethiopia,2010,29933790334
Ethiopia,2011,31952763089
Ethiopia,2012,43310721414
Ethiopia,2013,47648276605
Ethiopia,2014,55612228234
Ethiopia,2015,62103418182
Ethiopia,2016,68475871210
Ethiopia,2017,76366081767
Ethiopia,2018,83337901072
Ethiopia,2019,91834517113
Ethiopia,2020,98676811061
Ethiopia,2021,1.09071E+11
Ethiopia,2022,1.2314E+11
Ethiopia,2023,1.35874E+11
Ethiopia,2024,1.4974E+11
European Union,1960,2.85152E+11
European Union,1961,3.16957E+11
European Union,1962,3.50242E+11
European Union,1963,3.84747E+11
European Union,1964,4.26775E+11
European Union,1965,4.67013E+11
European Union,1966,5.05529E+11
European Union,1967,5.38187E+11
European Union,1968,5.77537E+11
European Union,1969,6.4449E+11
European Union,1970,7.28936E+11
European Union,1971,8.23998E+11
European Union,1972,9.93808E+11
European Union,1973,1.28576E+12
European Union,1974,1.45556E+12
European Union,1975,1.69469E+12
European Union,1976,1.77505E+12
European Union,1977,2.01102E+12
European Union,1978,2.44923E+12
European Union,1979,2.96009E+12
European Union,1980,3.3114E+12
European Union,1981,2.89005E+12
European Union,1982,2.78787E+12
European Union,1983,2.71086E+12
European Union,1984,2.61266E+12
European Union,1985,2.68673E+12
European Union,1986,3.75327E+12
European Union,1987,4.63961E+12
European Union,1988,5.09408E+12
European Union,1989,5.20288E+12
European Union,1990,6.5057E+12
European Union,1991,6.72763E+12
European Union,1992,7.3893E+12
European Union,1993,6.75081E+12
European Union,1994,7.15791E+12
European Union,1995,8.29835E+12
European Union,1996,8.43361E+12
European Union,1997,7.73589E+12
European Union,1998,7.9701E+12
European Union,1999,7.93611E+12
European Union,2000,7.28848E+12
European Union,2001,7.40762E+12
European Union,2002,8.10043E+12
European Union,2003,9.95686E+12
European Union,2004,1.14491E+13
European Union,2005,1.19543E+13
European Union,2006,1.27684E+13
European Union,2007,1.47895E+13
European Union,2008,1.63645E+13
European Union,2009,1.48448E+13
European Union,2010,1.46418E+13
European Union,2011,1.58747E+13
European Union,2012,1.47319E+13
European Union,2013,1.53985E+13
European Union,2014,1.57636E+13
European Union,2015,1.36563E+13
European Union,2016,1.39881E+13
European Union,2017,1.48713E+13
European Union,2018,1.60924E+13
European Union,2019,1.58091E+13
European Union,2020,1.55041E+13
European Union,2021,1.74952E+13
European Union,2022,1.70236E+13
European Union,2023,1.86591E+13
European Union,2024,1.94971E+13
Fragile and conflict affected situations,1960,34029503593
Fragile and conflict affected situations,1961,35534363197
Fragile and conflict affected situations,1962,39268957405
Fragile and conflict affected situations,1963,44880094682
Fragile and conflict affected situations,1964,40614223625
Fragile and conflict affected situations,1965,44620716060
Fragile and conflict affected situations,1966,47607568997
Fragile and conflict affected situations,1967,46953517459
Fragile and conflict affected situations,1968,51877513130
Fragile and conflict affected situations,1969,58222824529
Fragile and conflict affected situations,1970,69337148734
Fragile and conflict affected situations,1971,71407461835
Fragile and conflict affected situations,1972,82669328911
Fragile and conflict affected situations,1973,1.02252E+11
Fragile and conflict affected situations,1974,1.53919E+11
Fragile and conflict affected situations,1975,1.68821E+11
Fragile and conflict affected situations,1976,2.0051E+11
Fragile and conflict affected situations,1977,2.21371E+11
Fragile and conflict affected situations,1978,2.42768E+11
Fragile and conflict affected situations,1979,3.05997E+11
Fragile and conflict affected situations,1980,3.8823E+11
Fragile and conflict affected situations,1981,5.10372E+11
Fragile and conflict affected situations,1982,4.86769E+11
Fragile and conflict affected situations,1983,4.20187E+11
Fragile and conflict affected situations,1984,3.78001E+11
Fragile and conflict affected situations,1985,3.84378E+11
Fragile and conflict affected situations,1986,3.54356E+11
Fragile and conflict affected situations,1987,3.56313E+11
Fragile and conflict affected situations,1988,3.8702E+11
Fragile and conflict affected situations,1989,3.83036E+11
Fragile and conflict affected situations,1990,5.46007E+11
Fragile and conflict affected situations,1991,3.86414E+11
Fragile and conflict affected situations,1992,3.44196E+11
Fragile and conflict affected situations,1993,3.50712E+11
Fragile and conflict affected situations,1994,3.52567E+11
Fragile and conflict affected situations,1995,4.30902E+11
Fragile and conflict affected situations,1996,4.65761E+11
Fragile and conflict affected situations,1997,5.212E+11
Fragile and conflict affected situations,1998,5.3518E+11
Fragile and conflict affected situations,1999,3.994E+11
Fragile and conflict affected situations,2000,4.66929E+11
Fragile and conflict affected situations,2001,4.57048E+11
Fragile and conflict affected situations,2002,4.46089E+11
Fragile and conflict affected situations,2003,4.69848E+11
Fragile and conflict affected situations,2004,5.95876E+11
Fragile and conflict affected situations,2005,7.56354E+11
Fragile and conflict affected situations,2006,9.47253E+11
Fragile and conflict affected situations,2007,1.16067E+12
Fragile and conflict affected situations,2008,1.48431E+12
Fragile and conflict affected situations,2009,1.34262E+12
Fragile and conflict affected situations,2010,1.59665E+12
Fragile and conflict affected situations,2011,1.66551E+12
Fragile and conflict affected situations,2012,1.85587E+12
Fragile and conflict affected situations,2013,1.8256E+12
Fragile and conflict affected situations,2014,1.78761E+12
Fragile and conflict affected situations,2015,1.48166E+12
Fragile and conflict affected situations,2016,1.35813E+12
Fragile and conflict affected situations,2017,1.44303E+12
Fragile and conflict affected situations,2018,1.55621E+12
Fragile and conflict affected situations,2019,1.81145E+12
Fragile and conflict affected situations,2020,1.61023E+12
Fragile and conflict affected situations,2021,1.74034E+12
Fragile and conflict affected situations,2022,1.91827E+12
Fragile and conflict affected situations,2023,1.77872E+12
Fragile and conflict affected situations,2024,1.6529E+12
Finland,1960,5279481824
Finland,1961,5984433774
Finland,1962,6407796043
Finland,1963,6958916548
Finland,1964,7848987793
Finland,1965,8680393839
Finland,1966,9306142172
Finland,1967,9468272357
Finland,1968,8916565041
Finland,1969,10177524839
Finland,1970,11358529162
Finland,1971,12528522307
Finland,1972,14744499570
Finland,1973,19474098335
Finland,1974,24851036710
Finland,1975,29475251333
Finland,1976,31852352670
Finland,1977,33502784418
Finland,1978,36259392058
Finland,1979,44469218440
Finland,1980,53649984061
Finland,1981,52440066134
Finland,1982,52784013815
Finland,1983,50956447481
Finland,1984,52870993273
Finland,1985,55856676899
Finland,1986,73511611541
Finland,1987,91564993913
Finland,1988,1.09039E+11
Finland,1989,1.18991E+11
Finland,1990,1.41446E+11
Finland,1991,1.27794E+11
Finland,1992,1.12538E+11
Finland,1993,89112105756
Finland,1994,1.03183E+11
Finland,1995,1.3406E+11
Finland,1996,1.31992E+11
Finland,1997,1.26863E+11
Finland,1998,1.33991E+11
Finland,1999,1.35234E+11
Finland,2000,1.25968E+11
Finland,2001,1.2952E+11
Finland,2002,1.40361E+11
Finland,2003,1.71613E+11
Finland,2004,1.97458E+11
Finland,2005,2.04859E+11
Finland,2006,2.17044E+11
Finland,2007,2.5636E+11
Finland,2008,2.85699E+11
Finland,2009,2.53481E+11
Finland,2010,2.4943E+11
Finland,2011,2.75127E+11
Finland,2012,2.57443E+11
Finland,2013,2.70268E+11
Finland,2014,2.73479E+11
Finland,2015,2.33211E+11
Finland,2016,2.38778E+11
Finland,2017,2.53846E+11
Finland,2018,2.73869E+11
Finland,2019,2.67015E+11
Finland,2020,2.7E+11
Finland,2021,2.94223E+11
Finland,2022,2.80253E+11
Finland,2023,2.95022E+11
Finland,2024,2.98697E+11
Fiji,1960,112328422.1
Fiji,1961,116987784.9
Fiji,1962,122906435
Fiji,1963,129454728.6
Fiji,1964,140032741.5
Fiji,1965,147084750
Fiji,1966,150603925.5
Fiji,1967,162625885.9
Fiji,1968,166952937.1
Fiji,1969,182182067.7
Fiji,1970,219878482.2
Fiji,1971,247749327.7
Fiji,1972,316656648.7
Fiji,1973,425950487.5
Fiji,1974,558587097.4
Fiji,1975,684282434.4
Fiji,1976,694540806.4
Fiji,1977,719501765.8
Fiji,1978,829267889.4
Fiji,1979,1019691460
Fiji,1980,1202618816
Fiji,1981,1235626771
Fiji,1982,1194059943
Fiji,1983,1123085190
Fiji,1984,1178000678
Fiji,1985,1141168944
Fiji,1986,1290267340
Fiji,1987,1177947965
Fiji,1988,1110009523
Fiji,1989,1182660266
Fiji,1990,1337017559
Fiji,1991,1383883250
Fiji,1992,1532411039
Fiji,1993,1636101247
Fiji,1994,1825732093
Fiji,1995,1970301486
Fiji,1996,2128696644
Fiji,1997,2090221137
Fiji,1998,1653146717
Fiji,1999,1936459986
Fiji,2000,1678219508
Fiji,2001,1652462023
Fiji,2002,1833279985
Fiji,2003,2300492465
Fiji,2004,2708078477
Fiji,2005,2980403845
Fiji,2006,3076305453
Fiji,2007,3378314600
Fiji,2008,3523185920
Fiji,2009,2870624636
Fiji,2010,3140166713
Fiji,2011,3779411899
Fiji,2012,3972028104
Fiji,2013,4189967999
Fiji,2014,4857104769
Fiji,2015,4682479894
Fiji,2016,4930213644
Fiji,2017,5353469174
Fiji,2018,5581425327
Fiji,2019,5344907153
Fiji,2020,4227719873
Fiji,2021,4158873156
Fiji,2022,4977861886
Fiji,2023,5476673518
Fiji,2024,5968125909
France,1960,61959085885
France,1961,67158050215
France,1962,75196980365
France,1963,84227606650
France,1964,93424179943
France,1965,1.00928E+11
France,1966,1.09307E+11
France,1967,1.18089E+11
France,1968,1.28711E+11
France,1969,1.40661E+11
France,1970,1.47313E+11
France,1971,1.64694E+11
France,1972,2.01739E+11
France,1973,2.61971E+11
France,1974,2.82739E+11
France,1975,3.57324E+11
France,1976,3.68363E+11
France,1977,4.06402E+11
France,1978,5.01724E+11
France,1979,6.08219E+11
France,1980,6.94529E+11
France,1981,6.09185E+11
France,1982,5.78152E+11
France,1983,5.53356E+11
France,1984,5.25033E+11
France,1985,5.47221E+11
France,1986,7.64947E+11
France,1987,9.26321E+11
France,1988,1.01083E+12
France,1989,1.01674E+12
France,1990,1.25765E+12
France,1991,1.25896E+12
France,1992,1.38966E+12
France,1993,1.31438E+12
France,1994,1.38582E+12
France,1995,1.59522E+12
France,1996,1.59889E+12
France,1997,1.44939E+12
France,1998,1.49691E+12
France,1999,1.48692E+12
France,2000,1.36096E+12
France,2001,1.37038E+12
France,2002,1.49243E+12
France,2003,1.8351E+12
France,2004,2.10979E+12
France,2005,2.19215E+12
France,2006,2.31786E+12
France,2007,2.65582E+12
France,2008,2.9268E+12
France,2009,2.70008E+12
France,2010,2.64623E+12
France,2011,2.87041E+12
France,2012,2.68301E+12
France,2013,2.81608E+12
France,2014,2.86124E+12
France,2015,2.44248E+12
France,2016,2.47041E+12
France,2017,2.58887E+12
France,2018,2.78158E+12
France,2019,2.72279E+12
France,2020,2.64793E+12
France,2021,2.96643E+12
France,2022,2.79479E+12
France,2023,3.05625E+12
France,2024,3.16044E+12
Faroe Islands,1965,57954522.42
Faroe Islands,1966,64397131.08
Faroe Islands,1967,66225403.56
Faroe Islands,1968,65186666.67
Faroe Islands,1969,70106666.67
Faroe Islands,1970,84933333.33
Faroe Islands,1971,99219082.85
Faroe Islands,1972,119335897.8
Faroe Islands,1973,161236465.8
Faroe Islands,1974,196771070.9
Faroe Islands,1975,227404436
Faroe Islands,1976,270470345.4
Faroe Islands,1977,347798304.6
Faroe Islands,1978,397833034.9
Faroe Islands,1979,448568492.7
Faroe Islands,1980,493014300
Faroe Islands,1981,456244919
Faroe Islands,1982,444047495.3
Faroe Islands,1983,486605127.7
Faroe Islands,1984,426008864.7
Faroe Islands,1985,459307281.2
Faroe Islands,1986,688914288.9
Faroe Islands,1987,886508622.3
Faroe Islands,1988,968576956.9
Faroe Islands,1989,871935350.4
Faroe Islands,1990,960805408.9
Faroe Islands,1991,909253214.8
Faroe Islands,1992,912670413.3
Faroe Islands,1993,760957189.8
Faroe Islands,1994,758739178.6
Faroe Islands,1995,901404709.8
Faroe Islands,1996,989536914.7
Faroe Islands,1997,933763083.4
Faroe Islands,1998,1104744235
Faroe Islands,1999,1127684827
Faroe Islands,2000,1067109531
Faroe Islands,2001,1160268212
Faroe Islands,2002,1275093689
Faroe Islands,2003,1501941581
Faroe Islands,2004,1724770771
Faroe Islands,2005,1759739599
Faroe Islands,2006,2017680835
Faroe Islands,2007,2339015313
Faroe Islands,2008,2489873250
Faroe Islands,2009,2296065170
Faroe Islands,2010,2331796784
Faroe Islands,2011,2505740669
Faroe Islands,2012,2427200389
Faroe Islands,2013,2690110521
Faroe Islands,2014,2914012679
Faroe Islands,2015,2573905971
Faroe Islands,2016,2813278869
Faroe Islands,2017,2980057378
Faroe Islands,2018,3188600927
Faroe Islands,2019,3266432734
Faroe Islands,2020,3271813312
Faroe Islands,2021,3699551717
Faroe Islands,2022,3615241801
Faroe Islands,2023,3943131022
Faroe Islands,2024,4052937170
"Micronesia, Fed. Sts.",1970,19885926
"Micronesia, Fed. Sts.",1971,21783158
"Micronesia, Fed. Sts.",1972,25100928
"Micronesia, Fed. Sts.",1973,34821467
"Micronesia, Fed. Sts.",1974,46095175
"Micronesia, Fed. Sts.",1975,46119184
"Micronesia, Fed. Sts.",1976,46813193
"Micronesia, Fed. Sts.",1977,47305560
"Micronesia, Fed. Sts.",1978,53656834
"Micronesia, Fed. Sts.",1979,60270778
"Micronesia, Fed. Sts.",1980,64186644
"Micronesia, Fed. Sts.",1981,76472529
"Micronesia, Fed. Sts.",1982,80055706
"Micronesia, Fed. Sts.",1983,84110353
"Micronesia, Fed. Sts.",1984,84676118
"Micronesia, Fed. Sts.",1985,101931941
"Micronesia, Fed. Sts.",1986,112210000
"Micronesia, Fed. Sts.",1987,116700000
"Micronesia, Fed. Sts.",1988,124700000
"Micronesia, Fed. Sts.",1989,135200000
"Micronesia, Fed. Sts.",1990,147200000
"Micronesia, Fed. Sts.",1991,166200000
"Micronesia, Fed. Sts.",1992,178100000
"Micronesia, Fed. Sts.",1993,198400000
"Micronesia, Fed. Sts.",1994,202500000
"Micronesia, Fed. Sts.",1995,219930003.4
"Micronesia, Fed. Sts.",1996,216545996.9
"Micronesia, Fed. Sts.",1997,204397167.5
"Micronesia, Fed. Sts.",1998,216520601.1
"Micronesia, Fed. Sts.",1999,217198869.1
"Micronesia, Fed. Sts.",2000,229616847.6
"Micronesia, Fed. Sts.",2001,236387710.8
"Micronesia, Fed. Sts.",2002,237654335.8
"Micronesia, Fed. Sts.",2003,240949861.1
"Micronesia, Fed. Sts.",2004,235538109.2
"Micronesia, Fed. Sts.",2005,245905050.8
"Micronesia, Fed. Sts.",2006,248583534.8
"Micronesia, Fed. Sts.",2007,252011254.2
"Micronesia, Fed. Sts.",2008,258124736.3
"Micronesia, Fed. Sts.",2009,274654606.9
"Micronesia, Fed. Sts.",2010,290638857.1
"Micronesia, Fed. Sts.",2011,306799375.5
"Micronesia, Fed. Sts.",2012,322838077.6
"Micronesia, Fed. Sts.",2013,312808581.7
"Micronesia, Fed. Sts.",2014,313994034
"Micronesia, Fed. Sts.",2015,310175057.8
"Micronesia, Fed. Sts.",2016,325000000
"Micronesia, Fed. Sts.",2017,359000000
"Micronesia, Fed. Sts.",2018,392000000
"Micronesia, Fed. Sts.",2019,394000000
"Micronesia, Fed. Sts.",2020,372902700
"Micronesia, Fed. Sts.",2021,391601900
"Micronesia, Fed. Sts.",2022,415956900
"Micronesia, Fed. Sts.",2023,441469400
"Micronesia, Fed. Sts.",2024,471425099.5
Gabon,1960,141468977.8
Gabon,1961,167637907.1
Gabon,1962,182796536.3
Gabon,1963,154480244.1
Gabon,1964,215679855.3
Gabon,1965,226474285.8
Gabon,1966,245849781.3
Gabon,1967,271543680
Gabon,1968,294468564.2
Gabon,1969,318124701.5
Gabon,1970,323802475.5
Gabon,1971,381687072.6
Gabon,1972,430508358.5
Gabon,1973,722780701.3
Gabon,1974,1544216002
Gabon,1975,2157592940
Gabon,1976,3009409974
Gabon,1977,2809349069
Gabon,1978,2389479272
Gabon,1979,3030251120
Gabon,1980,4279637942
Gabon,1981,3862269121
Gabon,1982,3618007841
Gabon,1983,3391275732
Gabon,1984,3561451561
Gabon,1985,3339914757
Gabon,1986,3403638189
Gabon,1987,3281797043
Gabon,1988,3834503376
Gabon,1989,4186411464
Gabon,1990,5952293765
Gabon,1991,5402919785
Gabon,1992,5592390827
Gabon,1993,4378645081
Gabon,1994,4190819344
Gabon,1995,4958845648
Gabon,1996,5694040003
Gabon,1997,5326817115
Gabon,1998,4483417310
Gabon,1999,4662992036
Gabon,2000,5080483629
Gabon,2001,5023265413
Gabon,2002,5335451100
Gabon,2003,6511903365
Gabon,2004,7770219008
Gabon,2005,9582783991
Gabon,2006,10327598306
Gabon,2007,12455409587
Gabon,2008,15571348344
Gabon,2009,12113699068
Gabon,2010,14372593020
Gabon,2011,18210307744
Gabon,2012,17170464016
Gabon,2013,17595744798
Gabon,2014,18203966896
Gabon,2015,14383107763
Gabon,2016,14023890265
Gabon,2017,14929487485
Gabon,2018,16867326402
Gabon,2019,16874405465
Gabon,2020,15342236164
Gabon,2021,19444935097
Gabon,2022,20440655695
Gabon,2023,19388372071
Gabon,2024,20895684426
United Kingdom,1960,73233967692
United Kingdom,1961,77741965703
United Kingdom,1962,81247564157
United Kingdom,1963,86561961812
United Kingdom,1964,94407558351
United Kingdom,1965,1.01825E+11
United Kingdom,1966,1.08573E+11
United Kingdom,1967,1.13117E+11
United Kingdom,1968,1.0776E+11
United Kingdom,1969,1.16465E+11
United Kingdom,1970,1.30672E+11
United Kingdom,1971,1.48114E+11
United Kingdom,1972,1.69965E+11
United Kingdom,1973,1.92538E+11
United Kingdom,1974,2.06131E+11
United Kingdom,1975,2.41757E+11
United Kingdom,1976,2.32615E+11
United Kingdom,1977,2.63066E+11
United Kingdom,1978,3.35883E+11
United Kingdom,1979,4.38994E+11
United Kingdom,1980,5.64948E+11
United Kingdom,1981,5.40766E+11
United Kingdom,1982,5.15049E+11
United Kingdom,1983,4.89618E+11
United Kingdom,1984,4.61487E+11
United Kingdom,1985,4.89285E+11
United Kingdom,1986,6.01453E+11
United Kingdom,1987,7.45163E+11
United Kingdom,1988,9.10123E+11
United Kingdom,1989,9.26885E+11
United Kingdom,1990,1.09317E+12
United Kingdom,1991,1.1428E+12
United Kingdom,1992,1.17966E+12
United Kingdom,1993,1.06139E+12
United Kingdom,1994,1.14049E+12
United Kingdom,1995,1.34909E+12
United Kingdom,1996,1.42529E+12
United Kingdom,1997,1.56932E+12
United Kingdom,1998,1.66082E+12
United Kingdom,1999,1.69346E+12
United Kingdom,2000,1.6716E+12
United Kingdom,2001,1.65617E+12
United Kingdom,2002,1.79054E+12
United Kingdom,2003,2.06123E+12
United Kingdom,2004,2.42977E+12
United Kingdom,2005,2.55136E+12
United Kingdom,2006,2.71956E+12
United Kingdom,2007,3.1047E+12
United Kingdom,2008,2.94525E+12
United Kingdom,2009,2.42936E+12
United Kingdom,2010,2.49674E+12
United Kingdom,2011,2.67559E+12
United Kingdom,2012,2.71972E+12
United Kingdom,2013,2.79691E+12
United Kingdom,2014,3.08536E+12
United Kingdom,2015,2.94558E+12
United Kingdom,2016,2.70681E+12
United Kingdom,2017,2.69912E+12
United Kingdom,2018,2.89703E+12
United Kingdom,2019,2.87571E+12
United Kingdom,2020,2.724E+12
United Kingdom,2021,3.19456E+12
United Kingdom,2022,3.18124E+12
United Kingdom,2023,3.4208E+12
United Kingdom,2024,3.68603E+12
Georgia,1987,7321981334
Georgia,1988,8833588173
Georgia,1989,8902632715
Georgia,1990,7735927264
Georgia,1991,6324503311
Georgia,1992,3690328964
Georgia,1993,2701181331
Georgia,1994,2513867645
Georgia,1995,2693732612
Georgia,1996,3094936177
Georgia,1997,3510520231
Georgia,1998,3613497317
Georgia,1999,2800025883
Georgia,2000,3057475335
Georgia,2001,3219462262
Georgia,2002,3395766678
Georgia,2003,3991377904
Georgia,2004,5125365192
Georgia,2005,6410912050
Georgia,2006,7745250734
Georgia,2007,10172931089
Georgia,2008,12795145131
Georgia,2009,10766920066
Georgia,2010,12426907967
Georgia,2011,15475290469
Georgia,2012,16894392033
Georgia,2013,17517660144
Georgia,2014,17966015109
Georgia,2015,15223796149
Georgia,2016,15444548902
Georgia,2017,16473125375
Georgia,2018,17902544881
Georgia,2019,17638337117
Georgia,2020,16010869216
Georgia,2021,18853115589
Georgia,2022,24984568960
Georgia,2023,30777833601
Georgia,2024,34189423545
Ghana,1960,1217230095
Ghana,1961,1302674325
Ghana,1962,1382515654
Ghana,1963,1540797589
Ghana,1964,1731296200
Ghana,1965,2053462968
Ghana,1966,2126300672
Ghana,1967,1747187645
Ghana,1968,1666909518
Ghana,1969,1962050556
Ghana,1970,2215028588
Ghana,1971,2417108578
Ghana,1972,2112293280
Ghana,1973,3006766758
Ghana,1974,2894409938
Ghana,1975,2810106383
Ghana,1976,2765254237
Ghana,1977,3189428571
Ghana,1978,3662478185
Ghana,1979,4020227920
Ghana,1980,4445228216
Ghana,1981,4222441860
Ghana,1982,4035994398
Ghana,1983,4057275132
Ghana,1984,4412279843
Ghana,1985,4504306723
Ghana,1986,5735677434
Ghana,1987,5074829932
Ghana,1988,5197765032
Ghana,1989,5251858440
Ghana,1990,5889106573
Ghana,1991,6603185268
Ghana,1992,6416103926
Ghana,1993,5968922939
Ghana,1994,5446383727
Ghana,1995,6464382808
Ghana,1996,6932991739
Ghana,1997,6891443192
Ghana,1998,7482069162
Ghana,1999,7718109982
Ghana,2000,4982850662
Ghana,2001,5314872854
Ghana,2002,6166197848
Ghana,2003,7632723556
Ghana,2004,8881417907
Ghana,2005,10744568381
Ghana,2006,20885037597
Ghana,2007,24827339138
Ghana,2008,28679383241
Ghana,2009,26048720006
Ghana,2010,32197655567
Ghana,2011,39336668081
Ghana,2012,41271701061
Ghana,2013,62845721960
Ghana,2014,54678533806
Ghana,2015,49436806230
Ghana,2016,56144179398
Ghana,2017,60385409435
Ghana,2018,67259353966
Ghana,2019,68352629246
Ghana,2020,70008243860
Ghana,2021,79514204730
Ghana,2022,73919003210
Ghana,2023,80547146878
Ghana,2024,82308110386
Guinea,1970,3220224608
Guinea,1971,3594302908
Guinea,1972,4203069035
Guinea,1973,5152080388
Guinea,1974,5691417541
Guinea,1975,6102769605
Guinea,1976,6762781871
Guinea,1977,6914381291
Guinea,1978,8087305999
Guinea,1979,8877094497
Guinea,1980,9746524915
Guinea,1981,9646440667
Guinea,1982,11926032493
Guinea,1983,15129893722
Guinea,1984,18421497251
Guinea,1985,22787644566
Guinea,1986,2909130355
Guinea,1987,2976714019
Guinea,1988,3476480303
Guinea,1989,3546079263
Guinea,1990,3888320666
Guinea,1991,4396178694
Guinea,1992,4789220417
Guinea,1993,4781166117
Guinea,1994,4932800407
Guinea,1995,5385704166
Guinea,1996,5641243100
Guinea,1997,5516916163
Guinea,1998,5232118046
Guinea,1999,5046806783
Guinea,2000,4367458867
Guinea,2001,4125527603
Guinea,2002,4301608753
Guinea,2003,5025167975
Guinea,2004,5300767961
Guinea,2005,4282468637
Guinea,2006,4220019845
Guinea,2007,6281918226
Guinea,2008,6964179983
Guinea,2009,6716905340
Guinea,2010,6853467146
Guinea,2011,6785137203
Guinea,2012,7638044557
Guinea,2013,8376613539
Guinea,2014,8778473373
Guinea,2015,8794201743
Guinea,2016,8595955222
Guinea,2017,10324668271
Guinea,2018,11857030367
Guinea,2019,13442861496
Guinea,2020,14088693743
Guinea,2021,17069115738
Guinea,2022,19910452542
Guinea,2023,22407615556
Guinea,2024,25008678293
"Gambia, The",1966,44212081.35
"Gambia, The",1967,46695006.96
"Gambia, The",1968,41160065.86
"Gambia, The",1969,45168072.27
"Gambia, The",1970,52296083.67
"Gambia, The",1971,55728663.22
"Gambia, The",1972,59160569.48
"Gambia, The",1973,75187749.1
"Gambia, The",1974,95796021.69
"Gambia, The",1975,115179719.1
"Gambia, The",1976,112190829.5
"Gambia, The",1977,138093099.1
"Gambia, The",1978,171833086
"Gambia, The",1979,207112627.7
"Gambia, The",1980,241083090.3
"Gambia, The",1981,218767743.5
"Gambia, The",1982,216050552.3
"Gambia, The",1983,213448584.9
"Gambia, The",1984,177340880.1
"Gambia, The",1985,225726358.9
"Gambia, The",1986,185646986.8
"Gambia, The",1987,220626484.2
"Gambia, The",1988,266672211.9
"Gambia, The",1989,284120329.4
"Gambia, The",1990,317083695.5
"Gambia, The",1991,690311080.5
"Gambia, The",1992,714254256.1
"Gambia, The",1993,755040974.1
"Gambia, The",1994,746493951.9
"Gambia, The",1995,785999864.8
"Gambia, The",1996,848239446.2
"Gambia, The",1997,803633342.5
"Gambia, The",1998,840285264.6
"Gambia, The",1999,814724032.1
"Gambia, The",2000,782913871.8
"Gambia, The",2001,687410645.1
"Gambia, The",2002,578235309.3
"Gambia, The",2003,487038685
"Gambia, The",2004,961900651.4
"Gambia, The",2005,1027701068
"Gambia, The",2006,1054112488
"Gambia, The",2007,1279703047
"Gambia, The",2008,1561766956
"Gambia, The",2009,1450142509
"Gambia, The",2010,1543294927
"Gambia, The",2011,1409693597
"Gambia, The",2012,1415004738
"Gambia, The",2013,1375609453
"Gambia, The",2014,1229461721
"Gambia, The",2015,1378176609
"Gambia, The",2016,1484578886
"Gambia, The",2017,1504909463
"Gambia, The",2018,1670671328
"Gambia, The",2019,1813609692
"Gambia, The",2020,1812170891
"Gambia, The",2021,2014158842
"Gambia, The",2022,2204734528
"Gambia, The",2023,2382262185
"Gambia, The",2024,2404888749
Guinea-Bissau,1970,204670550.8
Guinea-Bissau,1971,204167296.9
Guinea-Bissau,1972,227986203.3
Guinea-Bissau,1973,232331281.4
Guinea-Bissau,1974,256769730.3
Guinea-Bissau,1975,283311996.8
Guinea-Bissau,1976,292152321.5
Guinea-Bissau,1977,298871674.9
Guinea-Bissau,1978,318876550.4
Guinea-Bissau,1979,308143183.3
Guinea-Bissau,1980,287648258.3
Guinea-Bissau,1981,402230865.2
Guinea-Bissau,1982,430284021.9
Guinea-Bissau,1983,425225176.8
Guinea-Bissau,1984,359980490.7
Guinea-Bissau,1985,373959151.1
Guinea-Bissau,1986,338524232.6
Guinea-Bissau,1987,451893375
Guinea-Bissau,1988,427514321.5
Guinea-Bissau,1989,554072302.8
Guinea-Bissau,1990,634187269.2
Guinea-Bissau,1991,668470890.8
Guinea-Bissau,1992,588309271.3
Guinea-Bissau,1993,615779518.8
Guinea-Bissau,1994,612502084.8
Guinea-Bissau,1995,660195402
Guinea-Bissau,1996,702965147.6
Guinea-Bissau,1997,698107222.4
Guinea-Bissau,1998,591034143.4
Guinea-Bissau,1999,579365780.1
Guinea-Bissau,2000,391345597.5
Guinea-Bissau,2001,412610871.5
Guinea-Bissau,2002,466773711.2
Guinea-Bissau,2003,553614800.1
Guinea-Bissau,2004,582169841.3
Guinea-Bissau,2005,639776040.7
Guinea-Bissau,2006,634781901.3
Guinea-Bissau,2007,753162998
Guinea-Bissau,2008,952667544
Guinea-Bissau,2009,890167833.4
Guinea-Bissau,2010,940112538.9
Guinea-Bissau,2011,1157074319
Guinea-Bissau,2012,1049412177
Guinea-Bissau,2013,1109682824
Guinea-Bissau,2014,1135250721
Guinea-Bissau,2015,1152384167
Guinea-Bissau,2016,1245074264
Guinea-Bissau,2017,1469978606
Guinea-Bissau,2018,1554133594
Guinea-Bissau,2019,1596227316
Guinea-Bissau,2020,1705057581
Guinea-Bissau,2021,1908094558
Guinea-Bissau,2022,1859601384
Guinea-Bissau,2023,2127688181
Guinea-Bissau,2024,2218393805
Equatorial Guinea,1962,37253333.33
Equatorial Guinea,1963,44266666.67
Equatorial Guinea,1964,51915000
Equatorial Guinea,1965,64748333.33
Equatorial Guinea,1966,69110000
Equatorial Guinea,1967,72317446.93
Equatorial Guinea,1968,67514285.71
Equatorial Guinea,1969,67225714.29
Equatorial Guinea,1970,66331428.57
Equatorial Guinea,1971,64946954.76
Equatorial Guinea,1972,65429198.24
Equatorial Guinea,1973,81203226.91
Equatorial Guinea,1974,94159862.71
Equatorial Guinea,1975,104295643.4
Equatorial Guinea,1976,103653049.9
Equatorial Guinea,1977,103987520.1
Equatorial Guinea,1980,50642880.77
Equatorial Guinea,1981,36731422.85
Equatorial Guinea,1982,44294647.73
Equatorial Guinea,1983,44442456.95
Equatorial Guinea,1984,50320914.41
Equatorial Guinea,1985,62118569.97
Equatorial Guinea,1986,76407395.87
Equatorial Guinea,1987,93345859.53
Equatorial Guinea,1988,100534656.9
Equatorial Guinea,1989,88265974.86
Equatorial Guinea,1990,112119411.5
Equatorial Guinea,1991,110906028.5
Equatorial Guinea,1992,134707183.8
Equatorial Guinea,1993,136047906.2
Equatorial Guinea,1994,100807002.5
Equatorial Guinea,1995,141853360.9
Equatorial Guinea,1996,232463022.8
Equatorial Guinea,1997,442337870.7
Equatorial Guinea,1998,370687634.4
Equatorial Guinea,1999,621117885.7
Equatorial Guinea,2000,1045998496
Equatorial Guinea,2001,1461139022
Equatorial Guinea,2002,1806742742
Equatorial Guinea,2003,2484745935
Equatorial Guinea,2004,4410764339
Equatorial Guinea,2005,8217369093
Equatorial Guinea,2006,10086528699
Equatorial Guinea,2007,13071718759
Equatorial Guinea,2008,19749893536
Equatorial Guinea,2009,15027795173
Equatorial Guinea,2010,16314443436
Equatorial Guinea,2011,21357343669
Equatorial Guinea,2012,22388344144
Equatorial Guinea,2013,21948834284
Equatorial Guinea,2014,21765453082
Equatorial Guinea,2015,13185496881
Equatorial Guinea,2016,11240808848
Equatorial Guinea,2017,12200913879
Equatorial Guinea,2018,13097012134
Equatorial Guinea,2019,11364133550
Equatorial Guinea,2020,9893816008
Equatorial Guinea,2021,12215878033
Equatorial Guinea,2022,13687643436
Equatorial Guinea,2023,12337550584
Equatorial Guinea,2024,12765777677
Greece,1960,4274890307
Greece,1961,4892397431
Greece,1962,5140542929
Greece,1963,5813285627
Greece,1964,6576906345
Greece,1965,7582209670
Greece,1966,8472021467
Greece,1967,9146592856
Greece,1968,9950331206
Greece,1969,11454106327
Greece,1970,12957113636
Greece,1971,14388806818
Greece,1972,16650659091
Greece,1973,22037019563
Greece,1974,24998715909
Greece,1975,28129128587
Greece,1976,30719552239
Greece,1977,35673080481
Greece,1978,43654480519
Greece,1979,53724121435
Greece,1980,56039256595
Greece,1981,51618456335
Greece,1982,53858346939
Greece,1983,48741397059
Greece,1984,47352146312
Greece,1985,47155741426
Greece,1986,55595445472
Greece,1987,64739630096
Greece,1988,75200610137
Greece,1989,78067933277
Greece,1990,96529587274
Greece,1991,1.03681E+11
Greece,1992,1.14608E+11
Greece,1993,1.07296E+11
Greece,1994,1.1498E+11
Greece,1995,1.34975E+11
Greece,1996,1.42503E+11
Greece,1997,1.38766E+11
Greece,1998,1.39613E+11
Greece,1999,1.37131E+11
Greece,2000,1.2576E+11
Greece,2001,1.3205E+11
Greece,2002,1.50254E+11
Greece,2003,1.96931E+11
Greece,2004,2.3498E+11
Greece,2005,2.42316E+11
Greece,2006,2.69073E+11
Greece,2007,3.14227E+11
Greece,2008,3.51121E+11
Greece,2009,3.26829E+11
Greece,2010,2.96418E+11
Greece,2011,2.83228E+11
Greece,2012,2.38841E+11
Greece,2013,2.36556E+11
Greece,2014,2.33912E+11
Greece,2015,1.94567E+11
Greece,2016,1.93097E+11
Greece,2017,2.00381E+11
Greece,2018,2.13299E+11
Greece,2019,2.07306E+11
Greece,2020,1.91363E+11
Greece,2021,2.18304E+11
Greece,2022,2.1799E+11
Greece,2023,2.42946E+11
Greece,2024,2.56238E+11
Grenada,1977,71494495.19
Grenada,1978,88322386.3
Grenada,1979,102244362.2
Grenada,1980,110900457
Grenada,1981,115651918.9
Grenada,1982,125435590
Grenada,1983,131803552.2
Grenada,1984,145533310.7
Grenada,1985,167728455.2
Grenada,1986,187589522.6
Grenada,1987,215009569.6
Grenada,1988,236357523.7
Grenada,1989,267327642.2
Grenada,1990,278098763
Grenada,1991,300757888.9
Grenada,1992,310160444.4
Grenada,1993,309812185.2
Grenada,1994,325111814.8
Grenada,1995,342172518.5
Grenada,1996,366911444.4
Grenada,1997,392190592.6
Grenada,1998,445903592.6
Grenada,1999,482009370.4
Grenada,2000,520044370.4
Grenada,2001,520444185.2
Grenada,2002,540336925.9
Grenada,2003,591018407.4
Grenada,2004,599118592.6
Grenada,2005,695555555.6
Grenada,2006,698700666.7
Grenada,2007,758683592.6
Grenada,2008,825976037
Grenada,2009,771275555.6
Grenada,2010,771014814.8
Grenada,2011,778655555.6
Grenada,2012,799881481.5
Grenada,2013,842618518.5
Grenada,2014,911496296.3
Grenada,2015,997007407.4
Grenada,2016,1061640741
Grenada,2017,1125685185
Grenada,2018,1166514815
Grenada,2019,1213485185
Grenada,2020,1043411111
Grenada,2021,1122222222
Grenada,2022,1224007407
Grenada,2023,1336418519
Grenada,2024,1371918519
Greenland,1970,69520026.67
Greenland,1971,88466738.25
Greenland,1972,106101297.8
Greenland,1973,140153748.2
Greenland,1974,169918948.6
Greenland,1975,211190630.3
Greenland,1976,240779417.8
Greenland,1977,282269749.2
Greenland,1978,355987433.4
Greenland,1979,420645821.5
Greenland,1980,476051740.8
Greenland,1981,435748993.4
Greenland,1982,402403041
Greenland,1983,416184071
Greenland,1984,379371901.5
Greenland,1985,412876382.8
Greenland,1986,603016292.7
Greenland,1987,787390409
Greenland,1988,898607670.6
Greenland,1989,929799902.2
Greenland,1990,1018977280
Greenland,1991,1016500069
Greenland,1992,1037916163
Greenland,1993,927214151.8
Greenland,1994,1005887539
Greenland,1995,1208953287
Greenland,1996,1197515569
Greenland,1997,1072154434
Greenland,1998,1149858070
Greenland,1999,1131555107
Greenland,2000,1068025016
Greenland,2001,1086170704
Greenland,2002,1169136716
Greenland,2003,1558759823
Greenland,2004,1822499769
Greenland,2005,1849802648
Greenland,2006,2013106930
Greenland,2007,2249811296
Greenland,2008,2499092314
Greenland,2009,2529963903
Greenland,2010,2503167187
Greenland,2011,2684461375
Greenland,2012,2609678486
Greenland,2013,2684946990
Greenland,2014,2842065708
Greenland,2015,2499113023
Greenland,2016,2707139544
Greenland,2017,2851613679
Greenland,2018,3055782146
Greenland,2019,2997309972
Greenland,2020,3089625554
Greenland,2021,3293578468
Greenland,2022,3152334772
Greenland,2023,3326543974
Guatemala,1960,1043599900
Guatemala,1961,1076699900
Guatemala,1962,1143600000
Guatemala,1963,1262800000
Guatemala,1964,1299099900
Guatemala,1965,1331399900
Guatemala,1966,1390700000
Guatemala,1967,1453500000
Guatemala,1968,1610500000
Guatemala,1969,1715399900
Guatemala,1970,1904000000
Guatemala,1971,1984800000
Guatemala,1972,2101300000
Guatemala,1973,2569200100
Guatemala,1974,3161499900
Guatemala,1975,3645900000
Guatemala,1976,4365300200
Guatemala,1977,5480500200
Guatemala,1978,6070600200
Guatemala,1979,6902600200
Guatemala,1980,7878700000
Guatemala,1981,8607500300
Guatemala,1982,8716999700
Guatemala,1983,9050000400
Guatemala,1984,9470000100
Guatemala,1985,9721652087
Guatemala,1986,7231963516
Guatemala,1987,7084399840
Guatemala,1988,7841602824
Guatemala,1989,8410724361
Guatemala,1990,7650196845
Guatemala,1991,9406135143
Guatemala,1992,10440781588
Guatemala,1993,11400017301
Guatemala,1994,12983233311
Guatemala,1995,14655404433
Guatemala,1996,15674835615
Guatemala,1997,17790026222
Guatemala,1998,19395491993
Guatemala,1999,18318412251
Guatemala,2000,19288929030
Guatemala,2001,18405220247
Guatemala,2002,20444205991
Guatemala,2003,21576351799
Guatemala,2004,23577298095
Guatemala,2005,26783389294
Guatemala,2006,29744246827
Guatemala,2007,33567850824
Guatemala,2008,38503720224
Guatemala,2009,37126148265
Guatemala,2010,40676578423
Guatemala,2011,46876006272
Guatemala,2012,49593929487
Guatemala,2013,52996420177
Guatemala,2014,57852159008
Guatemala,2015,62186066548
Guatemala,2016,66053408206
Guatemala,2017,71653780740
Guatemala,2018,73328356008
Guatemala,2019,77172331693
Guatemala,2020,77719468248
Guatemala,2021,86455522273
Guatemala,2022,95641446501
Guatemala,2023,1.04369E+11
Guatemala,2024,1.132E+11
Guam,2002,3394000000
Guam,2003,3569000000
Guam,2004,3869000000
Guam,2005,4213000000
Guam,2006,4238000000
Guam,2007,4397000000
Guam,2008,4658000000
Guam,2009,4828000000
Guam,2010,4949000000
Guam,2011,4984000000
Guam,2012,5265000000
Guam,2013,5399000000
Guam,2014,5610000000
Guam,2015,5799000000
Guam,2016,5901000000
Guam,2017,6013000000
Guam,2018,6051000000
Guam,2019,6355000000
Guam,2020,5916000000
Guam,2021,6234000000
Guam,2022,6910000000
Guyana,1960,170216241.1
Guyana,1961,185849535.4
Guyana,1962,194949512.6
Guyana,1963,175757893.9
Guyana,1964,194774513.1
Guyana,1965,213235294.1
Guyana,1966,228705882.4
Guyana,1967,250176470.6
Guyana,1968,229750000
Guyana,1969,249300000
Guyana,1970,267800000
Guyana,1971,282050000
Guyana,1972,285380952.4
Guyana,1973,307047619
Guyana,1974,433954545.5
Guyana,1975,494791666.7
Guyana,1976,454440000
Guyana,1977,449880000
Guyana,1978,507080000
Guyana,1979,530440000
Guyana,1980,603200000
Guyana,1981,570357107.1
Guyana,1982,482000000
Guyana,1983,489333333.3
Guyana,1984,437631605.3
Guyana,1985,453488372.1
Guyana,1986,504651139.5
Guyana,1987,354591846.9
Guyana,1988,413799990
Guyana,1989,379779389.7
Guyana,1990,396582263.3
Guyana,1991,348533094.8
Guyana,1992,373573141.5
Guyana,1993,454101382.5
Guyana,1994,540874934.2
Guyana,1995,621626785.9
Guyana,1996,705406001.4
Guyana,1997,749138009.6
Guyana,1998,717530683.2
Guyana,1999,694754988.3
Guyana,2000,712667896.7
Guyana,2001,712167450.2
Guyana,2002,726131434.7
Guyana,2003,743063950.3
Guyana,2004,787814379.2
Guyana,2005,824880550.3
Guyana,2006,2379817991
Guyana,2007,2730971595
Guyana,2008,3025187433
Guyana,2009,3165663153
Guyana,2010,3432912517
Guyana,2011,3691384318
Guyana,2012,4063088536
Guyana,2013,4167800929
Guyana,2014,4127660152
Guyana,2015,4279840194
Guyana,2016,4482697337
Guyana,2017,4748174334
Guyana,2018,4787636998
Guyana,2019,5173760192
Guyana,2020,5471256595
Guyana,2021,8041362110
Guyana,2022,14718388489
Guyana,2023,16918503597
Guyana,2024,24662709832
High income,1960,1.09343E+12
High income,1961,1.16623E+12
High income,1962,1.26114E+12
High income,1963,1.35648E+12
High income,1964,1.48259E+12
High income,1965,1.6115E+12
High income,1966,1.76338E+12
High income,1967,1.88377E+12
High income,1968,2.04331E+12
High income,1969,2.25216E+12
High income,1970,2.47235E+12
High income,1971,2.74679E+12
High income,1972,3.19054E+12
High income,1973,3.87042E+12
High income,1974,4.37749E+12
High income,1975,4.8842E+12
High income,1976,5.31943E+12
High income,1977,6.02208E+12
High income,1978,7.22925E+12
High income,1979,8.35573E+12
High income,1980,9.32837E+12
High income,1981,9.4698E+12
High income,1982,9.37604E+12
High income,1983,9.68629E+12
High income,1984,1.00987E+13
High income,1985,1.05968E+13
High income,1986,1.28713E+13
High income,1987,1.49233E+13
High income,1988,1.67964E+13
High income,1989,1.74944E+13
High income,1990,1.95926E+13
High income,1991,2.06768E+13
High income,1992,2.21418E+13
High income,1993,2.22996E+13
High income,1994,2.38528E+13
High income,1995,2.64749E+13
High income,1996,2.66893E+13
High income,1997,2.6256E+13
High income,1998,2.62132E+13
High income,1999,2.74569E+13
High income,2000,2.80954E+13
High income,2001,2.78713E+13
High income,2002,2.90878E+13
High income,2003,3.26536E+13
High income,2004,3.64796E+13
High income,2005,3.874E+13
High income,2006,4.11255E+13
High income,2007,4.52592E+13
High income,2008,4.85115E+13
High income,2009,4.51216E+13
High income,2010,4.7537E+13
High income,2011,5.1762E+13
High income,2012,5.19437E+13
High income,2013,5.26671E+13
High income,2014,5.35501E+13
High income,2015,4.99776E+13
High income,2016,5.0928E+13
High income,2017,5.35241E+13
High income,2018,5.69206E+13
High income,2019,5.74562E+13
High income,2020,5.58897E+13
High income,2021,6.27453E+13
High income,2022,6.50813E+13
High income,2023,6.84496E+13
High income,2024,7.13211E+13
"Hong Kong SAR, China",1960,1320796652
"Hong Kong SAR, China",1961,1383681651
"Hong Kong SAR, China",1962,1612346412
"Hong Kong SAR, China",1963,1935298266
"Hong Kong SAR, China",1964,2206466461
"Hong Kong SAR, China",1965,2435078534
"Hong Kong SAR, China",1966,2489845017
"Hong Kong SAR, China",1967,2692474989
"Hong Kong SAR, China",1968,2716964388
"Hong Kong SAR, China",1969,3189740055
"Hong Kong SAR, China",1970,3800766536
"Hong Kong SAR, China",1971,4476001946
"Hong Kong SAR, China",1972,5710090213
"Hong Kong SAR, China",1973,8030117556
"Hong Kong SAR, China",1974,9388695367
"Hong Kong SAR, China",1975,10048089558
"Hong Kong SAR, China",1976,12876366009
"Hong Kong SAR, China",1977,15719433719
"Hong Kong SAR, China",1978,18315136409
"Hong Kong SAR, China",1979,22526184533
"Hong Kong SAR, China",1980,28861857811
"Hong Kong SAR, China",1981,31055226089
"Hong Kong SAR, China",1982,32291215844
"Hong Kong SAR, China",1983,29907227184
"Hong Kong SAR, China",1984,33511383986
"Hong Kong SAR, China",1985,35699772166
"Hong Kong SAR, China",1986,41075396885
"Hong Kong SAR, China",1987,50622896163
"Hong Kong SAR, China",1988,59707404561
"Hong Kong SAR, China",1989,68790219178
"Hong Kong SAR, China",1990,76928784621
"Hong Kong SAR, China",1991,88959997900
"Hong Kong SAR, China",1992,1.04273E+11
"Hong Kong SAR, China",1993,1.20354E+11
"Hong Kong SAR, China",1994,1.35812E+11
"Hong Kong SAR, China",1995,1.44652E+11
"Hong Kong SAR, China",1996,1.59718E+11
"Hong Kong SAR, China",1997,1.77353E+11
"Hong Kong SAR, China",1998,1.68885E+11
"Hong Kong SAR, China",1999,1.65768E+11
"Hong Kong SAR, China",2000,1.71669E+11
"Hong Kong SAR, China",2001,1.69404E+11
"Hong Kong SAR, China",2002,1.66349E+11
"Hong Kong SAR, China",2003,1.61386E+11
"Hong Kong SAR, China",2004,1.691E+11
"Hong Kong SAR, China",2005,1.81569E+11
"Hong Kong SAR, China",2006,1.93535E+11
"Hong Kong SAR, China",2007,2.11597E+11
"Hong Kong SAR, China",2008,2.19279E+11
"Hong Kong SAR, China",2009,2.14048E+11
"Hong Kong SAR, China",2010,2.28639E+11
"Hong Kong SAR, China",2011,2.48514E+11
"Hong Kong SAR, China",2012,2.62629E+11
"Hong Kong SAR, China",2013,2.75697E+11
"Hong Kong SAR, China",2014,2.9146E+11
"Hong Kong SAR, China",2015,3.09386E+11
"Hong Kong SAR, China",2016,3.2086E+11
"Hong Kong SAR, China",2017,3.41273E+11
"Hong Kong SAR, China",2018,3.61731E+11
"Hong Kong SAR, China",2019,3.63075E+11
"Hong Kong SAR, China",2020,3.44943E+11
"Hong Kong SAR, China",2021,3.68954E+11
"Hong Kong SAR, China",2022,3.5868E+11
"Hong Kong SAR, China",2023,3.81043E+11
"Hong Kong SAR, China",2024,4.06863E+11
Honduras,1960,475650000
Honduras,1961,503300000
Honduras,1962,532450000
Honduras,1963,553500000
Honduras,1964,591100000
Honduras,1965,651050000
Honduras,1966,692150000
Honduras,1967,750950000
Honduras,1968,815450000
Honduras,1969,844400000
Honduras,1970,904400000
Honduras,1971,958450000
Honduras,1972,1030645362
Honduras,1973,1128299436
Honduras,1974,1243000000
Honduras,1975,1330050000
Honduras,1976,1589300000
Honduras,1977,1900700000
Honduras,1978,2393650000
Honduras,1979,2778900000
Honduras,1980,3184400000
Honduras,1981,3501800000
Honduras,1982,3619500000
Honduras,1983,3840550000
Honduras,1984,4029900000
Honduras,1985,4328300000
Honduras,1986,4706100000
Honduras,1987,5024800000
Honduras,1988,4892660944
Honduras,1989,4375896552
Honduras,1990,3734460117
Honduras,1991,3699381195
Honduras,1992,4122846905
Honduras,1993,4190773622
Honduras,1994,4105686899
Honduras,1995,4672346194
Honduras,1996,4798834459
Honduras,1997,5569178707
Honduras,1998,6163707533
Honduras,1999,6394090592
Honduras,2000,7186638029
Honduras,2001,7651162302
Honduras,2002,7858255413
Honduras,2003,8230391347
Honduras,2004,8869299234
Honduras,2005,9757012697
Honduras,2006,10917477066
Honduras,2007,12361257681
Honduras,2008,13881731876
Honduras,2009,14587496229
Honduras,2010,15839344592
Honduras,2011,17710275685
Honduras,2012,18528554398
Honduras,2013,18499729215
Honduras,2014,19756533972
Honduras,2015,20979791685
Honduras,2016,21717604952
Honduras,2017,23136247991
Honduras,2018,24067750760
Honduras,2019,24882225742
Honduras,2020,23352232484
Honduras,2021,28144331507
Honduras,2022,31426041807
Honduras,2023,34355805528
Honduras,2024,37093565854
Heavily indebted poor countries (HIPC),1960,21923722128
Heavily indebted poor countries (HIPC),1961,22627709232
Heavily indebted poor countries (HIPC),1962,24599541749
Heavily indebted poor countries (HIPC),1963,28893534516
Heavily indebted poor countries (HIPC),1964,26878565172
Heavily indebted poor countries (HIPC),1965,30407034660
Heavily indebted poor countries (HIPC),1966,32971073893
Heavily indebted poor countries (HIPC),1967,32488675064
Heavily indebted poor countries (HIPC),1968,34994461970
Heavily indebted poor countries (HIPC),1969,38503260469
Heavily indebted poor countries (HIPC),1970,37181536760
Heavily indebted poor countries (HIPC),1971,40099504489
Heavily indebted poor countries (HIPC),1972,44564788726
Heavily indebted poor countries (HIPC),1973,54553562932
Heavily indebted poor countries (HIPC),1974,64257354957
Heavily indebted poor countries (HIPC),1975,72350863416
Heavily indebted poor countries (HIPC),1976,77585497906
Heavily indebted poor countries (HIPC),1977,89885368489
Heavily indebted poor countries (HIPC),1978,1.04622E+11
Heavily indebted poor countries (HIPC),1979,1.1493E+11
Heavily indebted poor countries (HIPC),1980,1.2726E+11
Heavily indebted poor countries (HIPC),1981,1.2791E+11
Heavily indebted poor countries (HIPC),1982,1.29278E+11
Heavily indebted poor countries (HIPC),1983,1.28222E+11
Heavily indebted poor countries (HIPC),1984,1.30636E+11
Heavily indebted poor countries (HIPC),1985,1.37197E+11
Heavily indebted poor countries (HIPC),1986,1.26219E+11
Heavily indebted poor countries (HIPC),1987,1.34509E+11
Heavily indebted poor countries (HIPC),1988,1.41558E+11
Heavily indebted poor countries (HIPC),1989,1.44132E+11
Heavily indebted poor countries (HIPC),1990,1.65447E+11
Heavily indebted poor countries (HIPC),1991,1.80013E+11
Heavily indebted poor countries (HIPC),1992,1.36845E+11
Heavily indebted poor countries (HIPC),1993,1.42051E+11
Heavily indebted poor countries (HIPC),1994,1.21514E+11
Heavily indebted poor countries (HIPC),1995,1.41396E+11
Heavily indebted poor countries (HIPC),1996,1.54689E+11
Heavily indebted poor countries (HIPC),1997,1.61933E+11
Heavily indebted poor countries (HIPC),1998,1.67621E+11
Heavily indebted poor countries (HIPC),1999,1.68431E+11
Heavily indebted poor countries (HIPC),2000,1.8193E+11
Heavily indebted poor countries (HIPC),2001,1.7588E+11
Heavily indebted poor countries (HIPC),2002,1.90891E+11
Heavily indebted poor countries (HIPC),2003,2.1661E+11
Heavily indebted poor countries (HIPC),2004,2.49571E+11
Heavily indebted poor countries (HIPC),2005,2.88591E+11
Heavily indebted poor countries (HIPC),2006,3.38993E+11
Heavily indebted poor countries (HIPC),2007,4.04372E+11
Heavily indebted poor countries (HIPC),2008,4.81624E+11
Heavily indebted poor countries (HIPC),2009,4.75214E+11
Heavily indebted poor countries (HIPC),2010,5.18754E+11
Heavily indebted poor countries (HIPC),2011,5.73518E+11
Heavily indebted poor countries (HIPC),2012,5.95155E+11
Heavily indebted poor countries (HIPC),2013,6.67314E+11
Heavily indebted poor countries (HIPC),2014,7.05466E+11
Heavily indebted poor countries (HIPC),2015,6.74607E+11
Heavily indebted poor countries (HIPC),2016,6.77201E+11
Heavily indebted poor countries (HIPC),2017,7.35068E+11
Heavily indebted poor countries (HIPC),2018,7.90374E+11
Heavily indebted poor countries (HIPC),2019,8.11372E+11
Heavily indebted poor countries (HIPC),2020,8.16029E+11
Heavily indebted poor countries (HIPC),2021,9.24417E+11
Heavily indebted poor countries (HIPC),2022,1.0025E+12
Heavily indebted poor countries (HIPC),2023,1.06032E+12
Heavily indebted poor countries (HIPC),2024,1.14511E+12
Croatia,1990,25650213280
Croatia,1991,18760386775
Croatia,1992,10621169291
Croatia,1993,11259647874
Croatia,1994,15062911617
Croatia,1995,22772394547
Croatia,1996,24150978347
Croatia,1997,24175764812
Croatia,1998,25890228430
Croatia,1999,23777026779
Croatia,2000,22134411297
Croatia,2001,23066883850
Croatia,2002,26757722429
Croatia,2003,35245317002
Croatia,2004,41836292157
Croatia,2005,45013119282
Croatia,2006,49583544860
Croatia,2007,59290621398
Croatia,2008,68472854617
Croatia,2009,62315996675
Croatia,2010,58975205417
Croatia,2011,62889007657
Croatia,2012,57548115904
Croatia,2013,59846265182
Croatia,2014,59606934501
Croatia,2015,50998893385
Croatia,2016,52650714172
Croatia,2017,56182782586
Croatia,2018,61667925219
Croatia,2019,61466721186
Croatia,2020,57959843541
Croatia,2021,69002365163
Croatia,2022,71196498671
Croatia,2023,85624153964
Croatia,2024,92983810329
Haiti,1960,273187200
Haiti,1961,271066000
Haiti,1962,281896800
Haiti,1963,294883400
Haiti,1964,325281200
Haiti,1965,353251800
Haiti,1966,368948600
Haiti,1967,369124200
Haiti,1968,367968800
Haiti,1969,391820400
Haiti,1970,331200000
Haiti,1971,362800000
Haiti,1972,371998958.4
Haiti,1973,466798973
Haiti,1974,565399321.5
Haiti,1975,681400000
Haiti,1976,879000000
Haiti,1977,947000000
Haiti,1978,974200000
Haiti,1979,1080600000
Haiti,1980,1383800000
Haiti,1981,1479400000
Haiti,1982,1474200000
Haiti,1983,1623600000
Haiti,1984,1816200000
Haiti,1985,2009400000
Haiti,1986,2318000000
Haiti,1987,2047200000
Haiti,1988,2613926800
Haiti,1989,2736243800
Haiti,1990,3096289800
Haiti,1991,3473562628
Haiti,1992,2257129792
Haiti,1993,1878253767
Haiti,1994,2167569046
Haiti,1995,2813313279
Haiti,1996,2907517604
Haiti,1997,3338949152
Haiti,1998,3723903724
Haiti,1999,4153725884
Haiti,2000,6813566099
Haiti,2001,6331970324
Haiti,2002,6205847214
Haiti,2003,5071947798
Haiti,2004,6087360684
Haiti,2005,7030149730
Haiti,2006,7638739123
Haiti,2007,9228637768
Haiti,2008,10432962635
Haiti,2009,11597002835
Haiti,2010,11859312725
Haiti,2011,13008746039
Haiti,2012,13708925477
Haiti,2013,14902488604
Haiti,2014,15146883498
Haiti,2015,14849629309
Haiti,2016,14069277526
Haiti,2017,15093357161
Haiti,2018,16403864618
Haiti,2019,15016090930
Haiti,2020,14508222518
Haiti,2021,20944387976
Haiti,2022,20253551921
Haiti,2023,19850585722
Haiti,2024,25224154991
Hungary,1968,4886222555
Hungary,1969,5429812387
Hungary,1970,5780929203
Hungary,1971,6291568221
Hungary,1972,7379313742
Hungary,1973,9138292402
Hungary,1974,10016338179
Hungary,1975,11420392515
Hungary,1976,13235612079
Hungary,1977,14783674055
Hungary,1978,17286744154
Hungary,1979,19959731325
Hungary,1980,23116977148
Hungary,1981,23705883892
Hungary,1982,24141667188
Hungary,1983,21910365258
Hungary,1984,21242726264
Hungary,1985,21510643750
Hungary,1986,24778163812
Hungary,1987,27232016527
Hungary,1988,29799838597
Hungary,1989,30422508938
Hungary,1990,34478360679
Hungary,1991,34867307353
Hungary,1992,38857339125
Hungary,1993,40256233360
Hungary,1994,43307949890
Hungary,1995,46577614589
Hungary,1996,46833767124
Hungary,1997,47398564799
Hungary,1998,48784412624
Hungary,1999,49160204397
Hungary,2000,47275954429
Hungary,2001,53800068066
Hungary,2002,67636468625
Hungary,2003,85190469121
Hungary,2004,1.04015E+11
Hungary,2005,1.13098E+11
Hungary,2006,1.15604E+11
Hungary,2007,1.40123E+11
Hungary,2008,1.58228E+11
Hungary,2009,1.30807E+11
Hungary,2010,1.31899E+11
Hungary,2011,1.41713E+11
Hungary,2012,1.2847E+11
Hungary,2013,1.35646E+11
Hungary,2014,1.41129E+11
Hungary,2015,1.25244E+11
Hungary,2016,1.28984E+11
Hungary,2017,1.43335E+11
Hungary,2018,1.61185E+11
Hungary,2019,1.64937E+11
Hungary,2020,1.58468E+11
Hungary,2021,1.83283E+11
Hungary,2022,1.77003E+11
Hungary,2023,2.1324E+11
Hungary,2024,2.22723E+11
IBRD only,1960,3.06261E+11
IBRD only,1961,3.10009E+11
IBRD only,1962,3.13911E+11
IBRD only,1963,3.46366E+11
IBRD only,1964,3.92564E+11
IBRD only,1965,4.30309E+11
IBRD only,1966,4.44621E+11
IBRD only,1967,4.57224E+11
IBRD only,1968,4.84483E+11
IBRD only,1969,5.40875E+11
IBRD only,1970,5.88894E+11
IBRD only,1971,6.41994E+11
IBRD only,1972,7.23737E+11
IBRD only,1973,9.38398E+11
IBRD only,1974,1.18747E+12
IBRD only,1975,1.28231E+12
IBRD only,1976,1.39194E+12
IBRD only,1977,1.57737E+12
IBRD only,1978,1.74391E+12
IBRD only,1979,2.0374E+12
IBRD only,1980,2.41891E+12
IBRD only,1981,2.59858E+12
IBRD only,1982,2.56051E+12
IBRD only,1983,2.52927E+12
IBRD only,1984,2.61901E+12
IBRD only,1985,2.71987E+12
IBRD only,1986,2.82385E+12
IBRD only,1987,2.90986E+12
IBRD only,1988,3.11072E+12
IBRD only,1989,3.24115E+12
IBRD only,1990,3.64593E+12
IBRD only,1991,3.5336E+12
IBRD only,1992,3.6917E+12
IBRD only,1993,3.93067E+12
IBRD only,1994,4.33687E+12
IBRD only,1995,4.98784E+12
IBRD only,1996,5.44387E+12
IBRD only,1997,5.77506E+12
IBRD only,1998,5.55006E+12
IBRD only,1999,5.40848E+12
IBRD only,2000,5.88613E+12
IBRD only,2001,5.97161E+12
IBRD only,2002,6.06578E+12
IBRD only,2003,6.81415E+12
IBRD only,2004,8.11739E+12
IBRD only,2005,9.69475E+12
IBRD only,2006,1.15012E+13
IBRD only,2007,1.42875E+13
IBRD only,2008,1.71444E+13
IBRD only,2009,1.66437E+13
IBRD only,2010,2.0237E+13
IBRD only,2011,2.39529E+13
IBRD only,2012,2.54598E+13
IBRD only,2013,2.67843E+13
IBRD only,2014,2.7549E+13
IBRD only,2015,2.59376E+13
IBRD only,2016,2.6133E+13
IBRD only,2017,2.88487E+13
IBRD only,2018,3.07368E+13
IBRD only,2019,3.13771E+13
IBRD only,2020,3.0204E+13
IBRD only,2021,3.58793E+13
IBRD only,2022,3.79433E+13
IBRD only,2023,3.92483E+13
IBRD only,2024,4.09304E+13
IDA & IBRD total,1960,3.51708E+11
IDA & IBRD total,1961,3.58253E+11
IDA & IBRD total,1962,3.66133E+11
IDA & IBRD total,1963,4.04105E+11
IDA & IBRD total,1964,4.48836E+11
IDA & IBRD total,1965,4.93478E+11
IDA & IBRD total,1966,5.1316E+11
IDA & IBRD total,1967,5.26614E+11
IDA & IBRD total,1968,5.5802E+11
IDA & IBRD total,1969,6.2347E+11
IDA & IBRD total,1970,6.8089E+11
IDA & IBRD total,1971,7.34109E+11
IDA & IBRD total,1972,8.21457E+11
IDA & IBRD total,1973,1.0498E+12
IDA & IBRD total,1974,1.33459E+12
IDA & IBRD total,1975,1.45792E+12
IDA & IBRD total,1976,1.5743E+12
IDA & IBRD total,1977,1.77463E+12
IDA & IBRD total,1978,1.96781E+12
IDA & IBRD total,1979,2.29303E+12
IDA & IBRD total,1980,2.72403E+12
IDA & IBRD total,1981,3.04846E+12
IDA & IBRD total,1982,2.98746E+12
IDA & IBRD total,1983,2.89134E+12
IDA & IBRD total,1984,2.95442E+12
IDA & IBRD total,1985,3.06563E+12
IDA & IBRD total,1986,3.12983E+12
IDA & IBRD total,1987,3.22637E+12
IDA & IBRD total,1988,3.44366E+12
IDA & IBRD total,1989,3.57594E+12
IDA & IBRD total,1990,4.02362E+12
IDA & IBRD total,1991,3.94058E+12
IDA & IBRD total,1992,4.05523E+12
IDA & IBRD total,1993,4.31283E+12
IDA & IBRD total,1994,4.7327E+12
IDA & IBRD total,1995,5.46865E+12
IDA & IBRD total,1996,5.99803E+12
IDA & IBRD total,1997,6.35535E+12
IDA & IBRD total,1998,6.15379E+12
IDA & IBRD total,1999,5.86097E+12
IDA & IBRD total,2000,6.40516E+12
IDA & IBRD total,2001,6.48481E+12
IDA & IBRD total,2002,6.61883E+12
IDA & IBRD total,2003,7.43804E+12
IDA & IBRD total,2004,8.84694E+12
IDA & IBRD total,2005,1.05439E+13
IDA & IBRD total,2006,1.25158E+13
IDA & IBRD total,2007,1.54784E+13
IDA & IBRD total,2008,1.85639E+13
IDA & IBRD total,2009,1.80274E+13
IDA & IBRD total,2010,2.18351E+13
IDA & IBRD total,2011,2.57573E+13
IDA & IBRD total,2012,2.73635E+13
IDA & IBRD total,2013,2.88556E+13
IDA & IBRD total,2014,2.97788E+13
IDA & IBRD total,2015,2.81038E+13
IDA & IBRD total,2016,2.82863E+13
IDA & IBRD total,2017,3.11177E+13
IDA & IBRD total,2018,3.31476E+13
IDA & IBRD total,2019,3.40782E+13
IDA & IBRD total,2020,3.28228E+13
IDA & IBRD total,2021,3.87413E+13
IDA & IBRD total,2022,4.10185E+13
IDA & IBRD total,2023,4.21765E+13
IDA & IBRD total,2024,4.38232E+13
IDA total,1960,43419063136
IDA total,1961,45877820664
IDA total,1962,49352987755
IDA total,1963,54556943165
IDA total,1964,53949854635
IDA total,1965,60415096599
IDA total,1966,65247708355
IDA total,1967,66154805083
IDA total,1968,70107106201
IDA total,1969,78701759386
IDA total,1970,87493635542
IDA total,1971,88539617604
IDA total,1972,94690827264
IDA total,1973,1.09975E+11
IDA total,1974,1.44311E+11
IDA total,1975,1.69844E+11
IDA total,1976,1.77486E+11
IDA total,1977,1.93294E+11
IDA total,1978,2.1854E+11
IDA total,1979,2.50377E+11
IDA total,1980,2.98604E+11
IDA total,1981,4.23178E+11
IDA total,1982,4.03272E+11
IDA total,1983,3.4832E+11
IDA total,1984,3.27545E+11
IDA total,1985,3.38015E+11
IDA total,1986,3.06448E+11
IDA total,1987,3.16801E+11
IDA total,1988,3.34042E+11
IDA total,1989,3.35572E+11
IDA total,1990,3.78602E+11
IDA total,1991,4.08936E+11
IDA total,1992,3.645E+11
IDA total,1993,3.83118E+11
IDA total,1994,3.96482E+11
IDA total,1995,4.81965E+11
IDA total,1996,5.55978E+11
IDA total,1997,5.82076E+11
IDA total,1998,6.06352E+11
IDA total,1999,4.52394E+11
IDA total,2000,5.19434E+11
IDA total,2001,5.13449E+11
IDA total,2002,5.53708E+11
IDA total,2003,6.24669E+11
IDA total,2004,7.30301E+11
IDA total,2005,8.49794E+11
IDA total,2006,1.01542E+12
IDA total,2007,1.19097E+12
IDA total,2008,1.41949E+12
IDA total,2009,1.38369E+12
IDA total,2010,1.59809E+12
IDA total,2011,1.8044E+12
IDA total,2012,1.90378E+12
IDA total,2013,2.07132E+12
IDA total,2014,2.22979E+12
IDA total,2015,2.16615E+12
IDA total,2016,2.15324E+12
IDA total,2017,2.26899E+12
IDA total,2018,2.41082E+12
IDA total,2019,2.70116E+12
IDA total,2020,2.61882E+12
IDA total,2021,2.86202E+12
IDA total,2022,3.07516E+12
IDA total,2023,2.92826E+12
IDA total,2024,2.89279E+12
IDA blend,1960,12401501562
IDA blend,1961,13314688265
IDA blend,1962,14222416056
IDA blend,1963,15145197245
IDA blend,1964,16626632979
IDA blend,1965,17977186458
IDA blend,1966,19605545864
IDA blend,1967,19795254778
IDA blend,1968,21047483665
IDA blend,1969,23960732154
IDA blend,1970,32356563895
IDA blend,1971,30392833456
IDA blend,1972,34167082609
IDA blend,1973,37107988873
IDA blend,1974,52754115654
IDA blend,1975,61046682875
IDA blend,1976,73441255543
IDA blend,1977,79020486261
IDA blend,1978,87129172585
IDA blend,1979,1.06209E+11
IDA blend,1980,1.34447E+11
IDA blend,1981,2.4548E+11
IDA blend,1982,2.24352E+11
IDA blend,1983,1.71851E+11
IDA blend,1984,1.48715E+11
IDA blend,1985,1.4936E+11
IDA blend,1986,1.38016E+11
IDA blend,1987,1.42226E+11
IDA blend,1988,1.48184E+11
IDA blend,1989,1.43853E+11
IDA blend,1990,1.5902E+11
IDA blend,1991,1.70036E+11
IDA blend,1992,1.65356E+11
IDA blend,1993,1.75245E+11
IDA blend,1994,1.90983E+11
IDA blend,1995,2.6731E+11
IDA blend,1996,3.28495E+11
IDA blend,1997,3.4404E+11
IDA blend,1998,3.6089E+11
IDA blend,1999,2.03538E+11
IDA blend,2000,2.4429E+11
IDA blend,2001,2.43968E+11
IDA blend,2002,2.67622E+11
IDA blend,2003,3.0294E+11
IDA blend,2004,3.65116E+11
IDA blend,2005,4.28329E+11
IDA blend,2006,5.26646E+11
IDA blend,2007,6.0984E+11
IDA blend,2008,7.14772E+11
IDA blend,2009,6.69158E+11
IDA blend,2010,7.80581E+11
IDA blend,2011,8.88614E+11
IDA blend,2012,9.829E+11
IDA blend,2013,1.07151E+12
IDA blend,2014,1.16458E+12
IDA blend,2015,1.10489E+12
IDA blend,2016,1.03576E+12
IDA blend,2017,1.0647E+12
IDA blend,2018,1.12528E+12
IDA blend,2019,1.35444E+12
IDA blend,2020,1.25845E+12
IDA blend,2021,1.36936E+12
IDA blend,2022,1.45688E+12
IDA blend,2023,1.27253E+12
IDA blend,2024,1.11741E+12
Indonesia,1967,5667756628
Indonesia,1968,7076465300
Indonesia,1969,8337423313
Indonesia,1970,9150684932
Indonesia,1971,9333536370
Indonesia,1972,10997590361
Indonesia,1973,16273253012
Indonesia,1974,25802409639
Indonesia,1975,30463855422
Indonesia,1976,37269156627
Indonesia,1977,45808915663
Indonesia,1978,51455719076
Indonesia,1979,51400186343
Indonesia,1980,72482337397
Indonesia,1981,85518233419
Indonesia,1982,90158449295
Indonesia,1983,81052283384
Indonesia,1984,84853700028
Indonesia,1985,85289488375
Indonesia,1986,79954072545
Indonesia,1987,75929617558
Indonesia,1988,84300174486
Indonesia,1989,94451427877
Indonesia,1990,1.06141E+11
Indonesia,1991,1.16622E+11
Indonesia,1992,1.28027E+11
Indonesia,1993,1.58007E+11
Indonesia,1994,1.76892E+11
Indonesia,1995,2.02132E+11
Indonesia,1996,2.2737E+11
Indonesia,1997,2.15749E+11
Indonesia,1998,95445547873
Indonesia,1999,1.40001E+11
Indonesia,2000,1.65021E+11
Indonesia,2001,1.60447E+11
Indonesia,2002,1.95661E+11
Indonesia,2003,2.34772E+11
Indonesia,2004,2.56837E+11
Indonesia,2005,2.85869E+11
Indonesia,2006,3.64571E+11
Indonesia,2007,4.32217E+11
Indonesia,2008,5.10229E+11
Indonesia,2009,5.3958E+11
Indonesia,2010,7.55094E+11
Indonesia,2011,8.92969E+11
Indonesia,2012,9.1787E+11
Indonesia,2013,9.12524E+11
Indonesia,2014,8.90815E+11
Indonesia,2015,8.60854E+11
Indonesia,2016,9.31877E+11
Indonesia,2017,1.01562E+12
Indonesia,2018,1.04227E+12
Indonesia,2019,1.1191E+12
Indonesia,2020,1.05905E+12
Indonesia,2021,1.18651E+12
Indonesia,2022,1.3191E+12
Indonesia,2023,1.37117E+12
Indonesia,2024,1.3963E+12
IDA only,1960,32210089126
IDA only,1961,33770973574
IDA only,1962,36454084444
IDA only,1963,41013144249
IDA only,1964,38511156901
IDA only,1965,43922137299
IDA only,1966,47199466538
IDA only,1967,47958244720
IDA only,1968,50737955948
IDA only,1969,56549175848
IDA only,1970,55838238709
IDA only,1971,59166992867
IDA only,1972,61397002691
IDA only,1973,74218080664
IDA only,1974,92798583949
IDA only,1975,1.10395E+11
IDA only,1976,1.04542E+11
IDA only,1977,1.14933E+11
IDA only,1978,1.32428E+11
IDA only,1979,1.44547E+11
IDA only,1980,1.6366E+11
IDA only,1981,1.71044E+11
IDA only,1982,1.73616E+11
IDA only,1983,1.74262E+11
IDA only,1984,1.78151E+11
IDA only,1985,1.88346E+11
IDA only,1986,1.67903E+11
IDA only,1987,1.74072E+11
IDA only,1988,1.85616E+11
IDA only,1989,1.92291E+11
IDA only,1990,2.2076E+11
IDA only,1991,2.40281E+11
IDA only,1992,1.99753E+11
IDA only,1993,2.08451E+11
IDA only,1994,2.05686E+11
IDA only,1995,2.13387E+11
IDA only,1996,2.25164E+11
IDA only,1997,2.35602E+11
IDA only,1998,2.4282E+11
IDA only,1999,2.49682E+11
IDA only,2000,2.75642E+11
IDA only,2001,2.69902E+11
IDA only,2002,2.8641E+11
IDA only,2003,3.22064E+11
IDA only,2004,3.65261E+11
IDA only,2005,4.21453E+11
IDA only,2006,4.88334E+11
IDA only,2007,5.8084E+11
IDA only,2008,7.04715E+11
IDA only,2009,7.1453E+11
IDA only,2010,8.17514E+11
IDA only,2011,9.15782E+11
IDA only,2012,9.20881E+11
IDA only,2013,9.9981E+11
IDA only,2014,1.0652E+12
IDA only,2015,1.06126E+12
IDA only,2016,1.11748E+12
IDA only,2017,1.20428E+12
IDA only,2018,1.28554E+12
IDA only,2019,1.34672E+12
IDA only,2020,1.36037E+12
IDA only,2021,1.49266E+12
IDA only,2022,1.61828E+12
IDA only,2023,1.65573E+12
IDA only,2024,1.77538E+12
Isle of Man,1984,251195796.8
Isle of Man,1985,256330852.2
Isle of Man,1986,356287012.6
Isle of Man,1987,459975486.2
Isle of Man,1988,584702952.7
Isle of Man,1989,617619437.2
Isle of Man,1990,761514559.7
Isle of Man,1991,821507936.5
Isle of Man,1992,854849069.8
Isle of Man,1993,765647870.4
Isle of Man,1994,833255280.1
Isle of Man,1995,922269212.6
Isle of Man,1996,1007205928
Isle of Man,1997,1178261297
Isle of Man,1998,1385124213
Isle of Man,1999,1573742113
Isle of Man,2000,1601050083
Isle of Man,2001,1668684324
Isle of Man,2002,1891002698
Isle of Man,2003,2252620408
Isle of Man,2004,2802206152
Isle of Man,2005,3032411027
Isle of Man,2006,3422733202
Isle of Man,2007,4466350656
Isle of Man,2008,5928791505
Isle of Man,2009,5486921247
Isle of Man,2010,5920369790
Isle of Man,2011,6565667053
Isle of Man,2012,6690228372
Isle of Man,2013,7001175623
Isle of Man,2014,7708454412
Isle of Man,2015,7084800892
Isle of Man,2016,6846377563
Isle of Man,2017,6979788334
Isle of Man,2018,7491649456
Isle of Man,2019,7314967866
Isle of Man,2020,6684225641
Isle of Man,2021,7931193222
Isle of Man,2022,7431257411
India,1960,37029883876
India,1961,39232435784
India,1962,42161481858
India,1963,48421923459
India,1964,56480289941
India,1965,59556105229
India,1966,45581230504
India,1967,50134942204
India,1968,53085455871
India,1969,58447995017
India,1970,62422483055
India,1971,67351404352
India,1972,71464700667
India,1973,85517673173
India,1974,99526597934
India,1975,98473832017
India,1976,1.02716E+11
India,1977,1.21487E+11
India,1978,1.37302E+11
India,1979,1.52995E+11
India,1980,1.86329E+11
India,1981,1.93491E+11
India,1982,2.00716E+11
India,1983,2.18262E+11
India,1984,2.12158E+11
India,1985,2.32512E+11
India,1986,2.48986E+11
India,1987,2.79034E+11
India,1988,2.9659E+11
India,1989,2.96042E+11
India,1990,3.20979E+11
India,1991,2.70105E+11
India,1992,2.88208E+11
India,1993,2.79296E+11
India,1994,3.27275E+11
India,1995,3.60282E+11
India,1996,3.92897E+11
India,1997,4.15868E+11
India,1998,4.21351E+11
India,1999,4.58821E+11
India,2000,4.68396E+11
India,2001,4.8544E+11
India,2002,5.14939E+11
India,2003,6.07701E+11
India,2004,7.09153E+11
India,2005,8.20384E+11
India,2006,9.4026E+11
India,2007,1.21674E+12
India,2008,1.1989E+12
India,2009,1.34189E+12
India,2010,1.67562E+12
India,2011,1.82305E+12
India,2012,1.82764E+12
India,2013,1.85672E+12
India,2014,2.03913E+12
India,2015,2.10359E+12
India,2016,2.2948E+12
India,2017,2.65147E+12
India,2018,2.70293E+12
India,2019,2.83561E+12
India,2020,2.67485E+12
India,2021,3.16727E+12
India,2022,3.34611E+12
India,2023,3.63849E+12
India,2024,3.90989E+12
Ireland,1960,1998550222
Ireland,1961,2151772980
Ireland,1962,2329372972
Ireland,1963,2505073358
Ireland,1964,2851091646
Ireland,1965,3035655794
Ireland,1966,3198820904
Ireland,1967,3445739915
Ireland,1968,3378701147
Ireland,1969,3902721632
Ireland,1970,4395995086
Ireland,1971,5098250287
Ireland,1972,6318060582
Ireland,1973,7481173066
Ireland,1974,7896860615
Ireland,1975,9483808362
Ireland,1976,9453756015
Ireland,1977,11248340431
Ireland,1978,14647996074
Ireland,1979,18319334300
Ireland,1980,21747855640
Ireland,1981,20670190138
Ireland,1982,21474752962
Ireland,1983,20766047764
Ireland,1984,20106648455
Ireland,1985,21270013326
Ireland,1986,28714571852
Ireland,1987,33920518493
Ireland,1988,37772896221
Ireland,1989,39238392678
Ireland,1990,49305632408
Ireland,1991,49787501584
Ireland,1992,55918538121
Ireland,1993,52417477614
Ireland,1994,57097656066
Ireland,1995,69139823232
Ireland,1996,75790786290
Ireland,1997,82856648758
Ireland,1998,90199410116
Ireland,1999,98893958263
Ireland,2000,1.00208E+11
Ireland,2001,1.09347E+11
Ireland,2002,1.28596E+11
Ireland,2003,1.64671E+11
Ireland,2004,1.94372E+11
Ireland,2005,2.11877E+11
Ireland,2006,2.32181E+11
Ireland,2007,2.70079E+11
Ireland,2008,2.75447E+11
Ireland,2009,2.36443E+11
Ireland,2010,2.21733E+11
Ireland,2011,2.40976E+11
Ireland,2012,2.26922E+11
Ireland,2013,2.42924E+11
Ireland,2014,2.6649E+11
Ireland,2015,3.02101E+11
Ireland,2016,3.05431E+11
Ireland,2017,3.48355E+11
Ireland,2018,3.9578E+11
Ireland,2019,4.07212E+11
Ireland,2020,4.36009E+11
Ireland,2021,5.30394E+11
Ireland,2022,5.48342E+11
Ireland,2023,5.67373E+11
Ireland,2024,6.09157E+11
"Iran, Islamic Rep.",1960,4199134390
"Iran, Islamic Rep.",1961,4426949095
"Iran, Islamic Rep.",1962,4693566416
"Iran, Islamic Rep.",1963,4928628018
"Iran, Islamic Rep.",1964,5379845648
"Iran, Islamic Rep.",1965,6197319929
"Iran, Islamic Rep.",1966,6789938672
"Iran, Islamic Rep.",1967,7555383690
"Iran, Islamic Rep.",1968,8623172960
"Iran, Islamic Rep.",1969,9743089607
"Iran, Islamic Rep.",1970,10976245154
"Iran, Islamic Rep.",1971,13731802833
"Iran, Islamic Rep.",1972,17153463263
"Iran, Islamic Rep.",1973,27081698250
"Iran, Islamic Rep.",1974,46209092072
"Iran, Islamic Rep.",1975,51776222350
"Iran, Islamic Rep.",1976,68055295081
"Iran, Islamic Rep.",1977,80600122702
"Iran, Islamic Rep.",1978,77994316621
"Iran, Islamic Rep.",1979,90391877326
"Iran, Islamic Rep.",1980,94362275580
"Iran, Islamic Rep.",1981,1.00499E+11
"Iran, Islamic Rep.",1982,1.25949E+11
"Iran, Islamic Rep.",1983,1.56365E+11
"Iran, Islamic Rep.",1984,1.62277E+11
"Iran, Islamic Rep.",1985,1.80184E+11
"Iran, Islamic Rep.",1986,2.09095E+11
"Iran, Islamic Rep.",1987,1.3401E+11
"Iran, Islamic Rep.",1988,1.23058E+11
"Iran, Islamic Rep.",1989,1.20496E+11
"Iran, Islamic Rep.",1990,1.24813E+11
"Iran, Islamic Rep.",1991,1.31638E+11
"Iran, Islamic Rep.",1992,1.19769E+11
"Iran, Islamic Rep.",1993,63743623232
"Iran, Islamic Rep.",1994,71841461173
"Iran, Islamic Rep.",1995,96419225744
"Iran, Islamic Rep.",1996,1.20404E+11
"Iran, Islamic Rep.",1997,1.13919E+11
"Iran, Islamic Rep.",1998,1.10277E+11
"Iran, Islamic Rep.",1999,1.13848E+11
"Iran, Islamic Rep.",2000,1.09592E+11
"Iran, Islamic Rep.",2001,1.26879E+11
"Iran, Islamic Rep.",2002,1.28627E+11
"Iran, Islamic Rep.",2003,1.51911E+11
"Iran, Islamic Rep.",2004,1.87755E+11
"Iran, Islamic Rep.",2005,2.2497E+11
"Iran, Islamic Rep.",2006,2.65602E+11
"Iran, Islamic Rep.",2007,3.49737E+11
"Iran, Islamic Rep.",2008,4.06071E+11
"Iran, Islamic Rep.",2009,4.14059E+11
"Iran, Islamic Rep.",2010,4.8707E+11
"Iran, Islamic Rep.",2011,6.29082E+11
"Iran, Islamic Rep.",2012,6.44019E+11
"Iran, Islamic Rep.",2013,5.004E+11
"Iran, Islamic Rep.",2014,4.62285E+11
"Iran, Islamic Rep.",2015,4.09192E+11
"Iran, Islamic Rep.",2016,4.78618E+11
"Iran, Islamic Rep.",2017,5.1024E+11
"Iran, Islamic Rep.",2018,4.11903E+11
"Iran, Islamic Rep.",2019,3.47988E+11
"Iran, Islamic Rep.",2020,2.80934E+11
"Iran, Islamic Rep.",2021,4.07351E+11
"Iran, Islamic Rep.",2022,4.22662E+11
"Iran, Islamic Rep.",2023,4.5751E+11
"Iran, Islamic Rep.",2024,4.75252E+11
Iraq,1960,1537252193
Iraq,1961,1671960965
Iraq,1962,1784174541
Iraq,1963,1805901510
Iraq,1964,2136408198
Iraq,1965,2335785506
Iraq,1966,2530306096
Iraq,1967,2551522656
Iraq,1968,2896598841
Iraq,1969,3007758797
Iraq,1970,3281318687
Iraq,1971,3865346535
Iraq,1972,4113848002
Iraq,1973,5134367778
Iraq,1974,11516762614
Iraq,1975,13458516763
Iraq,1976,17754825601
Iraq,1977,19838130715
Iraq,1978,23762275652
Iraq,1979,37816457839
Iraq,1980,52569000000
Iraq,1981,37823000000
Iraq,1982,42382333333
Iraq,1983,40712903226
Iraq,1984,46938387097
Iraq,1985,48425161290
Iraq,1986,47264516129
Iraq,1987,56774193548
Iraq,1988,62684516129
Iraq,1989,65831935484
Iraq,1990,1.80408E+11
Iraq,1991,407796349.7
Iraq,1992,553671957.7
Iraq,1993,1031944881
Iraq,1994,3991349283
Iraq,1995,12894029888
Iraq,1996,10433698621
Iraq,1997,20764857056
Iraq,1998,20617405044
Iraq,1999,36881601584
Iraq,2000,48364250944
Iraq,2001,36176430129
Iraq,2002,32928454672
Iraq,2003,21921569479
Iraq,2004,36633669269
Iraq,2005,50065104668
Iraq,2006,65147051918
Iraq,2007,88837057320
Iraq,2008,1.31614E+11
Iraq,2009,1.11658E+11
Iraq,2010,1.38517E+11
Iraq,2011,1.8575E+11
Iraq,2012,2.18002E+11
Iraq,2013,2.34638E+11
Iraq,2014,2.28416E+11
Iraq,2015,1.66774E+11
Iraq,2016,1.66744E+11
Iraq,2017,1.87218E+11
Iraq,2018,2.27367E+11
Iraq,2019,2.33636E+11
Iraq,2020,1.80899E+11
Iraq,2021,2.09692E+11
Iraq,2022,2.87372E+11
Iraq,2023,2.68881E+11
Iraq,2024,2.79641E+11
Iceland,1960,260984498.8
Iceland,1961,266711460.2
Iceland,1962,299309938.1
Iceland,1963,357240895.7
Iceland,1964,456206298.8
Iceland,1965,550150988
Iceland,1966,660663763.3
Iceland,1967,652609075.7
Iceland,1968,498365199.7
Iceland,1969,435659609.9
Iceland,1970,545115909.1
Iceland,1971,693679545.5
Iceland,1972,869002945.8
Iceland,1973,1194794186
Iceland,1974,1568154077
Iceland,1975,1456052700
Iceland,1976,1727845419
Iceland,1977,2285707749
Iceland,1978,2599627089
Iceland,1979,2953176971
Iceland,1980,3499616683
Iceland,1981,3615094820
Iceland,1982,3318714326
Iceland,1983,2862634164
Iceland,1984,2964568006
Iceland,1985,3088359967
Iceland,1986,4129080094
Iceland,1987,5713281235
Iceland,1988,6320093411
Iceland,1989,5870854233
Iceland,1990,6694851159
Iceland,1991,7151260062
Iceland,1992,7328497599
Iceland,1993,6435952174
Iceland,1994,6612804056
Iceland,1995,7372640169
Iceland,1996,7686566105
Iceland,1997,7716781803
Iceland,1998,8637732542
Iceland,1999,9107644691
Iceland,2000,9140168922
Iceland,2001,8323401820
Iceland,2002,9416199700
Iceland,2003,11564687742
Iceland,2004,13963943244
Iceland,2005,17146410561
Iceland,2006,17671649843
Iceland,2007,21960110030
Iceland,2008,18247921360
Iceland,2009,13212543838
Iceland,2010,13922711577
Iceland,2011,15394005872
Iceland,2012,14943757823
Iceland,2013,16244319959
Iceland,2014,18052183515
Iceland,2015,17700486957
Iceland,2016,21083713310
Iceland,2017,25060086488
Iceland,2018,26677652544
Iceland,2019,24985687022
Iceland,2020,22034665041
Iceland,2021,26234872402
Iceland,2022,29166102877
Iceland,2023,31677891897
Iceland,2024,33255181469
Israel,1960,3070585807
Israel,1961,3708586471
Israel,1962,2966154031
Israel,1963,3535949089
Israel,1964,4024344853
Israel,1965,4329084429
Israel,1966,4703300098
Israel,1967,4762386783
Israel,1968,5458427928
Israel,1969,6297852761
Israel,1970,7406712876
Israel,1971,7052544000
Israel,1972,9222557539
Israel,1973,11902574259
Israel,1974,17172607138
Israel,1975,16141767373
Israel,1976,15956349550
Israel,1977,18257113904
Israel,1978,17701286907
Israel,1979,22609741060
Israel,1980,25395256478
Israel,1981,26882009819
Israel,1982,29255285401
Israel,1983,32675755462
Israel,1984,30645607293
Israel,1985,28905736367
Israel,1986,35834154874
Israel,1987,43049543635
Israel,1988,52650948910
Israel,1989,52443479454
Israel,1990,62016729541
Israel,1991,70998755007
Israel,1992,79457685757
Israel,1993,79855877174
Israel,1994,90740103829
Israel,1995,1.05497E+11
Israel,1996,1.15117E+11
Israel,1997,1.1946E+11
Israel,1998,1.20547E+11
Israel,1999,1.21417E+11
Israel,2000,1.36512E+11
Israel,2001,1.35002E+11
Israel,2002,1.25332E+11
Israel,2003,1.31409E+11
Israel,2004,1.40048E+11
Israel,2005,1.4752E+11
Israel,2006,1.58901E+11
Israel,2007,1.84681E+11
Israel,2008,2.21232E+11
Israel,2009,2.13403E+11
Israel,2010,2.39679E+11
Israel,2011,2.68095E+11
Israel,2012,2.63589E+11
Israel,2013,2.98478E+11
Israel,2014,3.15017E+11
Israel,2015,3.03469E+11
Israel,2016,3.21941E+11
Israel,2017,3.58452E+11
Israel,2018,3.76299E+11
Israel,2019,4.00645E+11
Israel,2020,4.10768E+11
Israel,2021,4.89852E+11
Israel,2022,5.25181E+11
Israel,2023,5.12185E+11
Israel,2024,5.4038E+11
Italy,1960,42012422612
Italy,1961,46649487320
Italy,1962,52413872628
Italy,1963,60035924618
Italy,1964,65720771779
Italy,1965,70717012186
Italy,1966,76622444787
Italy,1967,84401995573
Italy,1968,91485448148
Italy,1969,1.00997E+11
Italy,1970,1.13657E+11
Italy,1971,1.2496E+11
Italy,1972,1.45595E+11
Italy,1973,1.75897E+11
Italy,1974,2.00024E+11
Italy,1975,2.28221E+11
Italy,1976,2.25235E+11
Italy,1977,2.5819E+11
Italy,1978,3.15784E+11
Italy,1979,3.94585E+11
Italy,1980,4.78357E+11
Italy,1981,4.31696E+11
Italy,1982,4.28257E+11
Italy,1983,4.44063E+11
Italy,1984,4.38897E+11
Italy,1985,4.5326E+11
Italy,1986,6.41862E+11
Italy,1987,8.0757E+11
Italy,1988,8.93664E+11
Italy,1989,9.30802E+11
Italy,1990,1.18395E+12
Italy,1991,1.24909E+12
Italy,1992,1.3232E+12
Italy,1993,1.06741E+12
Italy,1994,1.10175E+12
Italy,1995,1.17737E+12
Italy,1996,1.31478E+12
Italy,1997,1.24499E+12
Italy,1998,1.27273E+12
Italy,1999,1.255E+12
Italy,2000,1.14966E+12
Italy,2001,1.17204E+12
Italy,2002,1.28175E+12
Italy,2003,1.58293E+12
Italy,2004,1.81281E+12
Italy,2005,1.86498E+12
Italy,2006,1.95856E+12
Italy,2007,2.22252E+12
Italy,2008,2.41751E+12
Italy,2009,2.20948E+12
Italy,2010,2.14494E+12
Italy,2011,2.30697E+12
Italy,2012,2.09793E+12
Italy,2013,2.15323E+12
Italy,2014,2.17326E+12
Italy,2015,1.84543E+12
Italy,2016,1.88711E+12
Italy,2017,1.97072E+12
Italy,2018,2.09944E+12
Italy,2019,2.01961E+12
Italy,2020,1.90748E+12
Italy,2021,2.17921E+12
Italy,2022,2.10407E+12
Italy,2023,2.31673E+12
Italy,2024,2.38083E+12
Jamaica,1960,699064380.4
Jamaica,1961,748043500.8
Jamaica,1962,777727688.9
Jamaica,1963,826706669.3
Jamaica,1964,897949000.8
Jamaica,1965,972159611.1
Jamaica,1966,1096759561
Jamaica,1967,1148014311
Jamaica,1968,1083839133
Jamaica,1969,1191239047
Jamaica,1970,1404720442
Jamaica,1971,1539861816
Jamaica,1972,1875146587
Jamaica,1973,1905917553
Jamaica,1974,2375122375
Jamaica,1975,2860442750
Jamaica,1976,2966042856
Jamaica,1977,3249733140
Jamaica,1978,2644527822
Jamaica,1979,2425064229
Jamaica,1980,2679379372
Jamaica,1981,2979027966
Jamaica,1982,3293496312
Jamaica,1983,3619262277
Jamaica,1984,2373564549
Jamaica,1985,2100239019
Jamaica,1986,2754549582
Jamaica,1987,3287007322
Jamaica,1988,3828342820
Jamaica,1989,4404937853
Jamaica,1990,4592208087
Jamaica,1991,4106207649
Jamaica,1992,3535460090
Jamaica,1993,5440075676
Jamaica,1994,5452558947
Jamaica,1995,6577520643
Jamaica,1996,7393891921
Jamaica,1997,8400041724
Jamaica,1998,8787195622
Jamaica,1999,8887057997
Jamaica,2000,9005064475
Jamaica,2001,9194727831
Jamaica,2002,9719009495
Jamaica,2003,9430234811
Jamaica,2004,10174664854
Jamaica,2005,11243865778
Jamaica,2006,11930179090
Jamaica,2007,12799600047
Jamaica,2008,13709401520
Jamaica,2009,12120458115
Jamaica,2010,13220549908
Jamaica,2011,14444661522
Jamaica,2012,14807086556
Jamaica,2013,14264205153
Jamaica,2014,13899217680
Jamaica,2015,14963589916
Jamaica,2016,14898999754
Jamaica,2017,15783583237
Jamaica,2018,16855447986
Jamaica,2019,17026269263
Jamaica,2020,15000214216
Jamaica,2021,15963885376
Jamaica,2022,18813516805
Jamaica,2023,21418804320
Jamaica,2024,22014397090
Jordan,1965,599759760.1
Jordan,1966,657999736.8
Jordan,1967,631679747.3
Jordan,1968,561119775.6
Jordan,1969,698879720.4
Jordan,1970,639519744.2
Jordan,1971,678159728.7
Jordan,1972,788479684.6
Jordan,1973,943783839.7
Jordan,1974,1197483949
Jordan,1975,1363073498
Jordan,1976,1708521219
Jordan,1977,2096778602
Jordan,1978,2602208589
Jordan,1979,3271368781
Jordan,1980,3910044474
Jordan,1981,4383944703
Jordan,1982,4681240993
Jordan,1983,4920692191
Jordan,1984,4967162160
Jordan,1985,4993601520
Jordan,1986,6402050485
Jordan,1987,6756209762
Jordan,1988,6277451829
Jordan,1989,4221373674
Jordan,1990,4160087508
Jordan,1991,4344467193
Jordan,1992,5310833194
Jordan,1993,5606400222
Jordan,1994,6236295978
Jordan,1995,6727597032
Jordan,1996,6927503526
Jordan,1997,7245839210
Jordan,1998,7912270804
Jordan,1999,8149929478
Jordan,2000,8460789845
Jordan,2001,8975814653
Jordan,2002,9582510578
Jordan,2003,10195627645
Jordan,2004,11411706629
Jordan,2005,12588998590
Jordan,2006,15056981664
Jordan,2007,17110437236
Jordan,2008,22658715989
Jordan,2009,24537876056
Jordan,2010,27133804225
Jordan,2011,29524149155
Jordan,2012,31634561690
Jordan,2013,34454440141
Jordan,2014,36847643521
Jordan,2015,38587017887
Jordan,2016,39892551127
Jordan,2017,41608435915
Jordan,2018,43370860704
Jordan,2019,44503006338
Jordan,2020,43700383099
Jordan,2021,46296100141
Jordan,2022,48764963380
Jordan,2023,51088476338
Jordan,2024,53352289577
Japan,1960,47419238274
Japan,1961,57266758180
Japan,1962,64987857542
Japan,1963,74379284603
Japan,1964,87490590818
Japan,1965,97338107606
Japan,1966,1.13047E+11
Japan,1967,1.32476E+11
Japan,1968,1.56897E+11
Japan,1969,1.84299E+11
Japan,1970,2.17224E+11
Japan,1971,2.45364E+11
Japan,1972,3.24934E+11
Japan,1973,4.41461E+11
Japan,1974,4.90036E+11
Japan,1975,5.32861E+11
Japan,1976,5.98884E+11
Japan,1977,7.37069E+11
Japan,1978,1.03561E+12
Japan,1979,1.07791E+12
Japan,1980,1.12938E+12
Japan,1981,1.24522E+12
Japan,1982,1.15873E+12
Japan,1983,1.27086E+12
Japan,1984,1.34582E+12
Japan,1985,1.42702E+12
Japan,1986,2.12008E+12
Japan,1987,2.58075E+12
Japan,1988,3.12572E+12
Japan,1989,3.10946E+12
Japan,1990,3.1859E+12
Japan,1991,3.64807E+12
Japan,1992,3.9807E+12
Japan,1993,4.53694E+12
Japan,1994,4.9988E+12
Japan,1995,5.54556E+12
Japan,1996,4.92339E+12
Japan,1997,4.49245E+12
Japan,1998,4.09836E+12
Japan,1999,4.63598E+12
Japan,2000,4.96836E+12
Japan,2001,4.37471E+12
Japan,2002,4.18285E+12
Japan,2003,4.51956E+12
Japan,2004,4.89312E+12
Japan,2005,4.83147E+12
Japan,2006,4.60166E+12
Japan,2007,4.57975E+12
Japan,2008,5.10668E+12
Japan,2009,5.28949E+12
Japan,2010,5.75907E+12
Japan,2011,6.23315E+12
Japan,2012,6.27236E+12
Japan,2013,5.21233E+12
Japan,2014,4.89699E+12
Japan,2015,4.44493E+12
Japan,2016,5.00368E+12
Japan,2017,4.93084E+12
Japan,2018,5.04088E+12
Japan,2019,5.11799E+12
Japan,2020,5.05407E+12
Japan,2021,5.03915E+12
Japan,2022,4.26246E+12
Japan,2023,4.21317E+12
Japan,2024,4.0276E+12
Kazakhstan,1990,26932016270
Kazakhstan,1991,24923076923
Kazakhstan,1992,24917355372
Kazakhstan,1993,23409260880
Kazakhstan,1994,21250792886
Kazakhstan,1995,20374302652
Kazakhstan,1996,21035357937
Kazakhstan,1997,22165932063
Kazakhstan,1998,22135245507
Kazakhstan,1999,16870817182
Kazakhstan,2000,18291990662
Kazakhstan,2001,22152689180
Kazakhstan,2002,24636598527
Kazakhstan,2003,30833692900
Kazakhstan,2004,43151647003
Kazakhstan,2005,57123671734
Kazakhstan,2006,81003864630
Kazakhstan,2007,1.0485E+11
Kazakhstan,2008,1.33442E+11
Kazakhstan,2009,1.15309E+11
Kazakhstan,2010,1.48047E+11
Kazakhstan,2011,1.92626E+11
Kazakhstan,2012,2.07999E+11
Kazakhstan,2013,2.36635E+11
Kazakhstan,2014,2.21416E+11
Kazakhstan,2015,1.84388E+11
Kazakhstan,2016,1.37278E+11
Kazakhstan,2017,1.66806E+11
Kazakhstan,2018,1.7934E+11
Kazakhstan,2019,1.81667E+11
Kazakhstan,2020,1.71082E+11
Kazakhstan,2021,1.97112E+11
Kazakhstan,2022,2.25496E+11
Kazakhstan,2023,2.6184E+11
Kazakhstan,2024,2.9148E+11
Kenya,1960,791265459.5
Kenya,1961,792959472.8
Kenya,1962,868111400.8
Kenya,1963,926589349.4
Kenya,1964,998759334.5
Kenya,1965,997919320.8
Kenya,1966,1164519674
Kenya,1967,1232559507
Kenya,1968,1353295459
Kenya,1969,1458379417
Kenya,1970,1603447359
Kenya,1971,1778391289
Kenya,1972,2107279157
Kenya,1973,2509001324
Kenya,1974,2969958812
Kenya,1975,3259345083
Kenya,1976,3474542392
Kenya,1977,4494378764
Kenya,1978,5303735111
Kenya,1979,6234391113
Kenya,1980,7265315820
Kenya,1981,6854491706
Kenya,1982,6431579357
Kenya,1983,5979198314
Kenya,1984,6191437070
Kenya,1985,6135034214
Kenya,1986,7239126568
Kenya,1987,7970820369
Kenya,1988,8355380879
Kenya,1989,8283114514
Kenya,1990,8572359038
Kenya,1991,8151488783
Kenya,1992,8209120763
Kenya,1993,5751786643
Kenya,1994,7148148564
Kenya,1995,9046320255
Kenya,1996,12045865396
Kenya,1997,13115764358
Kenya,1998,14093998844
Kenya,1999,12896010459
Kenya,2000,12705350098
Kenya,2001,12986007426
Kenya,2002,13147736899
Kenya,2003,14904517650
Kenya,2004,16095337094
Kenya,2005,18737895513
Kenya,2006,25825512284
Kenya,2007,31958195182
Kenya,2008,35895153328
Kenya,2009,42347217913
Kenya,2010,45405615064
Kenya,2011,46869473151
Kenya,2012,56396704672
Kenya,2013,61671440408
Kenya,2014,68285796514
Kenya,2015,70120446897
Kenya,2016,74815144164
Kenya,2017,82036510877
Kenya,2018,92202979985
Kenya,2019,1.00378E+11
Kenya,2020,1.00658E+11
Kenya,2021,1.09704E+11
Kenya,2022,1.14449E+11
Kenya,2023,1.07501E+11
Kenya,2024,1.2034E+11
Kyrgyz Republic,1990,2660202623
Kyrgyz Republic,1991,2542256424
Kyrgyz Republic,1992,2315346943
Kyrgyz Republic,1993,2026019253
Kyrgyz Republic,1994,1681780847
Kyrgyz Republic,1995,1661147035
Kyrgyz Republic,1996,1827570586
Kyrgyz Republic,1997,1767864036
Kyrgyz Republic,1998,1645963750
Kyrgyz Republic,1999,1249061487
Kyrgyz Republic,2000,1369688498
Kyrgyz Republic,2001,1525116370
Kyrgyz Republic,2002,1605643105
Kyrgyz Republic,2003,1919008090
Kyrgyz Republic,2004,2211534585
Kyrgyz Republic,2005,2460246766
Kyrgyz Republic,2006,2834168889
Kyrgyz Republic,2007,3802570553
Kyrgyz Republic,2008,5139958909
Kyrgyz Republic,2009,4690061381
Kyrgyz Republic,2010,4794361863
Kyrgyz Republic,2011,6197765984
Kyrgyz Republic,2012,6605142884
Kyrgyz Republic,2013,7335033801
Kyrgyz Republic,2014,7468102413
Kyrgyz Republic,2015,6678177512
Kyrgyz Republic,2016,6813095379
Kyrgyz Republic,2017,7702938379
Kyrgyz Republic,2018,8271106235
Kyrgyz Republic,2019,9371275264
Kyrgyz Republic,2020,8270468614
Kyrgyz Republic,2021,9249133946
Kyrgyz Republic,2022,12134931018
Kyrgyz Republic,2023,15180842369
Kyrgyz Republic,2024,17478259659
Cambodia,1975,749129748.2
Cambodia,1976,790357254.5
Cambodia,1977,716261764.5
Cambodia,1978,766642356.1
Cambodia,1979,723738502.7
Cambodia,1980,744384129.7
Cambodia,1981,815153652.4
Cambodia,1982,865516039.8
Cambodia,1983,939291262.1
Cambodia,1984,1021176059
Cambodia,1985,1102669184
Cambodia,1986,1167630318
Cambodia,1987,1036974910
Cambodia,1988,1662877859
Cambodia,1989,1353137648
Cambodia,1990,1402541177
Cambodia,1991,2054974089
Cambodia,1992,2491486594
Cambodia,1993,2533727592
Cambodia,1994,2791435272
Cambodia,1995,3441205693
Cambodia,1996,3506695720
Cambodia,1997,3443413389
Cambodia,1998,3120425503
Cambodia,1999,3517242477
Cambodia,2000,3694168979
Cambodia,2001,4145665970
Cambodia,2002,4501227627
Cambodia,2003,5046693484
Cambodia,2004,5883297160
Cambodia,2005,7066296463
Cambodia,2006,8350531017
Cambodia,2007,10127916460
Cambodia,2008,12174303999
Cambodia,2009,12502901170
Cambodia,2010,13808673288
Cambodia,2011,16032622024
Cambodia,2012,17826536700
Cambodia,2013,19807135253
Cambodia,2014,22041463968
Cambodia,2015,24174170369
Cambodia,2016,26556545153
Cambodia,2017,29355665910
Cambodia,2018,33145892169
Cambodia,2019,36685356408
Cambodia,2020,34818073901
Cambodia,2021,36790163687
Cambodia,2022,39994532960
Cambodia,2023,42335646896
Cambodia,2024,46352647037
Kiribati,1970,11560877.28
Kiribati,1971,12356134.38
Kiribati,1972,15314346.49
Kiribati,1973,25645040.47
Kiribati,1974,69256488.52
Kiribati,1975,44547453.6
Kiribati,1976,33246816.5
Kiribati,1977,31335458.7
Kiribati,1978,36563964.55
Kiribati,1979,34466197.03
Kiribati,1980,33157723.11
Kiribati,1981,35267489.24
Kiribati,1982,32742712.65
Kiribati,1983,31000545.77
Kiribati,1984,34394167.04
Kiribati,1985,26126615.23
Kiribati,1986,25993008.79
Kiribati,1987,29554412.53
Kiribati,1988,38278810.32
Kiribati,1989,37645319.2
Kiribati,1990,36534294.8
Kiribati,1991,41247791.64
Kiribati,1992,61491369.28
Kiribati,1993,58953595.91
Kiribati,1994,67055333.9
Kiribati,1995,68596394.6
Kiribati,1996,81456854.14
Kiribati,1997,80205806.83
Kiribati,1998,74905705.89
Kiribati,1999,77323978.19
Kiribati,2000,74910527.26
Kiribati,2001,64935850.16
Kiribati,2002,74743869.13
Kiribati,2003,96105619.38
Kiribati,2004,104085892.1
Kiribati,2005,113895437.3
Kiribati,2006,112338353.3
Kiribati,2007,138054945.6
Kiribati,2008,147017895
Kiribati,2009,140177384.1
Kiribati,2010,165458433.1
Kiribati,2011,195970140.2
Kiribati,2012,207001545.9
Kiribati,2013,201730860.8
Kiribati,2014,200287282
Kiribati,2015,191559398.7
Kiribati,2016,206467818.5
Kiribati,2017,222875736.3
Kiribati,2018,233514717.4
Kiribati,2019,216985388.3
Kiribati,2020,220898020.4
Kiribati,2021,285259881.1
Kiribati,2022,270040453.3
Kiribati,2023,288610747.7
Kiribati,2024,307862564.5
St. Kitts and Nevis,1960,12366635.75
St. Kitts and Nevis,1961,12483302.13
St. Kitts and Nevis,1962,12541635.31
St. Kitts and Nevis,1963,12833301.25
St. Kitts and Nevis,1964,13416633.13
St. Kitts and Nevis,1965,13593932.32
St. Kitts and Nevis,1966,14469078.18
St. Kitts and Nevis,1967,16742338.25
St. Kitts and Nevis,1968,14600000
St. Kitts and Nevis,1969,15850000
St. Kitts and Nevis,1970,16300000
St. Kitts and Nevis,1971,19624746.45
St. Kitts and Nevis,1972,22944849.12
St. Kitts and Nevis,1973,24196018.38
St. Kitts and Nevis,1974,31514856.31
St. Kitts and Nevis,1975,33364055.3
St. Kitts and Nevis,1976,30095602.29
St. Kitts and Nevis,1977,44496296.3
St. Kitts and Nevis,1978,49433333.33
St. Kitts and Nevis,1979,58840740.74
St. Kitts and Nevis,1980,68459259.26
St. Kitts and Nevis,1981,80888888.89
St. Kitts and Nevis,1982,86022222.22
St. Kitts and Nevis,1983,86874074.07
St. Kitts and Nevis,1984,98603703.7
St. Kitts and Nevis,1985,111007407.4
St. Kitts and Nevis,1986,130685185.2
St. Kitts and Nevis,1987,147748148.1
St. Kitts and Nevis,1988,172692592.6
St. Kitts and Nevis,1989,192518518.5
St. Kitts and Nevis,1990,217259259.3
St. Kitts and Nevis,1991,220540740.7
St. Kitts and Nevis,1992,242137037
St. Kitts and Nevis,1993,263755555.6
St. Kitts and Nevis,1994,295159259.3
St. Kitts and Nevis,1995,313485185.2
St. Kitts and Nevis,1996,333944444.4
St. Kitts and Nevis,1997,374641308
St. Kitts and Nevis,1998,383257331.4
St. Kitts and Nevis,1999,406595484.4
St. Kitts and Nevis,2000,421695769.8
St. Kitts and Nevis,2001,458643829
St. Kitts and Nevis,2002,481077373.7
St. Kitts and Nevis,2003,469869869.9
St. Kitts and Nevis,2004,506900000
St. Kitts and Nevis,2005,547203703.7
St. Kitts and Nevis,2006,644414814.8
St. Kitts and Nevis,2007,689285185.2
St. Kitts and Nevis,2008,777692592.6
St. Kitts and Nevis,2009,774274074.1
St. Kitts and Nevis,2010,778718518.5
St. Kitts and Nevis,2011,836092592.6
St. Kitts and Nevis,2012,824585185.2
St. Kitts and Nevis,2013,874548148.1
St. Kitts and Nevis,2014,952111111.1
St. Kitts and Nevis,2015,957222222.2
St. Kitts and Nevis,2016,1006818519
St. Kitts and Nevis,2017,1056977778
St. Kitts and Nevis,2018,1076548148
St. Kitts and Nevis,2019,1107855556
St. Kitts and Nevis,2020,883922222.2
St. Kitts and Nevis,2021,858622222.2
St. Kitts and Nevis,2022,981429629.6
St. Kitts and Nevis,2023,1055651852
St. Kitts and Nevis,2024,1122388889
"Korea, Rep.",1960,3973069307
"Korea, Rep.",1961,2427244761
"Korea, Rep.",1962,2826923077
"Korea, Rep.",1963,4007692308
"Korea, Rep.",1964,3476789682
"Korea, Rep.",1965,3141131708
"Korea, Rep.",1966,3957064541
"Korea, Rep.",1967,4895076718
"Korea, Rep.",1968,6167109472
"Korea, Rep.",1969,7743940189
"Korea, Rep.",1970,9085001794
"Korea, Rep.",1971,10005257131
"Korea, Rep.",1972,10990490570
"Korea, Rep.",1973,14067523813
"Korea, Rep.",1974,19860929977
"Korea, Rep.",1975,22126033058
"Korea, Rep.",1976,30371074380
"Korea, Rep.",1977,39064462810
"Korea, Rep.",1978,52824793388
"Korea, Rep.",1979,68083884298
"Korea, Rep.",1980,66547970351
"Korea, Rep.",1981,74287368087
"Korea, Rep.",1982,79921300447
"Korea, Rep.",1983,89621208322
"Korea, Rep.",1984,99749645089
"Korea, Rep.",1985,1.03764E+11
"Korea, Rep.",1986,1.19966E+11
"Korea, Rep.",1987,1.5224E+11
"Korea, Rep.",1988,2.05478E+11
"Korea, Rep.",1989,2.54236E+11
"Korea, Rep.",1990,2.92064E+11
"Korea, Rep.",1991,3.40852E+11
"Korea, Rep.",1992,3.66921E+11
"Korea, Rep.",1993,4.05705E+11
"Korea, Rep.",1994,4.79182E+11
"Korea, Rep.",1995,5.86286E+11
"Korea, Rep.",1996,6.31197E+11
"Korea, Rep.",1997,5.89203E+11
"Korea, Rep.",1998,3.97297E+11
"Korea, Rep.",1999,5.15697E+11
"Korea, Rep.",2000,5.97487E+11
"Korea, Rep.",2001,5.67565E+11
"Korea, Rep.",2002,6.50014E+11
"Korea, Rep.",2003,7.28516E+11
"Korea, Rep.",2004,8.23251E+11
"Korea, Rep.",2005,9.7174E+11
"Korea, Rep.",2006,1.09518E+12
"Korea, Rep.",2007,1.22091E+12
"Korea, Rep.",2008,1.09158E+12
"Korea, Rep.",2009,9.83065E+11
"Korea, Rep.",2010,1.19283E+12
"Korea, Rep.",2011,1.3071E+12
"Korea, Rep.",2012,1.33534E+12
"Korea, Rep.",2013,1.43467E+12
"Korea, Rep.",2014,1.55625E+12
"Korea, Rep.",2015,1.53921E+12
"Korea, Rep.",2016,1.57915E+12
"Korea, Rep.",2017,1.7102E+12
"Korea, Rep.",2018,1.82425E+12
"Korea, Rep.",2019,1.75105E+12
"Korea, Rep.",2020,1.74407E+12
"Korea, Rep.",2021,1.94231E+12
"Korea, Rep.",2022,1.79936E+12
"Korea, Rep.",2023,1.8448E+12
"Korea, Rep.",2024,1.87539E+12
Kuwait,1962,1828107503
Kuwait,1963,1900895857
Kuwait,1964,2071668533
Kuwait,1965,2097199161
Kuwait,1966,2391199044
Kuwait,1967,2441599023
Kuwait,1968,2662798935
Kuwait,1969,2769198892
Kuwait,1970,2873638851
Kuwait,1971,3880392195
Kuwait,1972,4450537925
Kuwait,1973,5408804607
Kuwait,1974,13006948296
Kuwait,1975,12022811621
Kuwait,1976,13132252802
Kuwait,1977,14137406741
Kuwait,1978,15503557496
Kuwait,1979,24749063922
Kuwait,1980,28638868356
Kuwait,1981,25058020338
Kuwait,1982,21577153356
Kuwait,1983,20871081080
Kuwait,1984,21700082753
Kuwait,1985,21445970614
Kuwait,1986,17903989745
Kuwait,1987,22368704134
Kuwait,1988,20690322153
Kuwait,1989,24313855653
Kuwait,1990,18427777778
Kuwait,1991,11009993703
Kuwait,1992,19858555215
Kuwait,1993,23941391391
Kuwait,1994,24848483838
Kuwait,1995,27186980647
Kuwait,1996,31492373309
Kuwait,1997,30350190704
Kuwait,1998,25943705784
Kuwait,1999,30122365849
Kuwait,2000,37718743480
Kuwait,2001,34889559870
Kuwait,2002,38135788414
Kuwait,2003,47874582232
Kuwait,2004,59439090601
Kuwait,2005,80798630137
Kuwait,2006,1.01557E+11
Kuwait,2007,1.14634E+11
Kuwait,2008,1.4738E+11
Kuwait,2009,1.05969E+11
Kuwait,2010,1.15416E+11
Kuwait,2011,1.54039E+11
Kuwait,2012,1.74048E+11
Kuwait,2013,1.74168E+11
Kuwait,2014,1.6265E+11
Kuwait,2015,1.14586E+11
Kuwait,2016,1.09407E+11
Kuwait,2017,1.20688E+11
Kuwait,2018,1.38646E+11
Kuwait,2019,1.40856E+11
Kuwait,2020,1.11045E+11
Kuwait,2021,1.48351E+11
Kuwait,2022,1.83502E+11
Kuwait,2023,1.65384E+11
Kuwait,2024,1.60227E+11
Latin America & Caribbean (excluding high income),1960,61872048054
Latin America & Caribbean (excluding high income),1961,68537433096
Latin America & Caribbean (excluding high income),1962,70838147780
Latin America & Caribbean (excluding high income),1963,77852261014
Latin America & Caribbean (excluding high income),1964,89267114390
Latin America & Caribbean (excluding high income),1965,96773648115
Latin America & Caribbean (excluding high income),1966,1.06986E+11
Latin America & Caribbean (excluding high income),1967,1.08803E+11
Latin America & Caribbean (excluding high income),1968,1.17082E+11
Latin America & Caribbean (excluding high income),1969,1.31184E+11
Latin America & Caribbean (excluding high income),1970,1.42597E+11
Latin America & Caribbean (excluding high income),1971,1.57897E+11
Latin America & Caribbean (excluding high income),1972,1.7959E+11
Latin America & Caribbean (excluding high income),1973,2.40396E+11
Latin America & Caribbean (excluding high income),1974,3.16078E+11
Latin America & Caribbean (excluding high income),1975,3.40736E+11
Latin America & Caribbean (excluding high income),1976,3.70758E+11
Latin America & Caribbean (excluding high income),1977,4.0197E+11
Latin America & Caribbean (excluding high income),1978,4.87097E+11
Latin America & Caribbean (excluding high income),1979,5.35635E+11
Latin America & Caribbean (excluding high income),1980,6.47345E+11
Latin America & Caribbean (excluding high income),1981,7.43689E+11
Latin America & Caribbean (excluding high income),1982,6.85785E+11
Latin America & Caribbean (excluding high income),1983,5.9164E+11
Latin America & Caribbean (excluding high income),1984,6.34822E+11
Latin America & Caribbean (excluding high income),1985,6.2454E+11
Latin America & Caribbean (excluding high income),1986,6.32752E+11
Latin America & Caribbean (excluding high income),1987,6.935E+11
Latin America & Caribbean (excluding high income),1988,7.54391E+11
Latin America & Caribbean (excluding high income),1989,8.57639E+11
Latin America & Caribbean (excluding high income),1990,9.56359E+11
Latin America & Caribbean (excluding high income),1991,1.0223E+12
Latin America & Caribbean (excluding high income),1992,1.10966E+12
Latin America & Caribbean (excluding high income),1993,1.3379E+12
Latin America & Caribbean (excluding high income),1994,1.58189E+12
Latin America & Caribbean (excluding high income),1995,1.68561E+12
Latin America & Caribbean (excluding high income),1996,1.84098E+12
Latin America & Caribbean (excluding high income),1997,2.00912E+12
Latin America & Caribbean (excluding high income),1998,2.02492E+12
Latin America & Caribbean (excluding high income),1999,1.79596E+12
Latin America & Caribbean (excluding high income),2000,1.98649E+12
Latin America & Caribbean (excluding high income),2001,1.9355E+12
Latin America & Caribbean (excluding high income),2002,1.74055E+12
Latin America & Caribbean (excluding high income),2003,1.77671E+12
Latin America & Caribbean (excluding high income),2004,2.02511E+12
Latin America & Caribbean (excluding high income),2005,2.45049E+12
Latin America & Caribbean (excluding high income),2006,2.85841E+12
Latin America & Caribbean (excluding high income),2007,3.37474E+12
Latin America & Caribbean (excluding high income),2008,3.9006E+12
Latin America & Caribbean (excluding high income),2009,3.61249E+12
Latin America & Caribbean (excluding high income),2010,4.51876E+12
Latin America & Caribbean (excluding high income),2011,5.27765E+12
Latin America & Caribbean (excluding high income),2012,5.25056E+12
Latin America & Caribbean (excluding high income),2013,5.38562E+12
Latin America & Caribbean (excluding high income),2014,5.40517E+12
Latin America & Caribbean (excluding high income),2015,4.57874E+12
Latin America & Caribbean (excluding high income),2016,4.43883E+12
Latin America & Caribbean (excluding high income),2017,4.96087E+12
Latin America & Caribbean (excluding high income),2018,4.81674E+12
Latin America & Caribbean (excluding high income),2019,4.74862E+12
Latin America & Caribbean (excluding high income),2020,3.9913E+12
Latin America & Caribbean (excluding high income),2021,4.63798E+12
Latin America & Caribbean (excluding high income),2022,5.33605E+12
Latin America & Caribbean (excluding high income),2023,6.01467E+12
Latin America & Caribbean (excluding high income),2024,6.16879E+12
Lao PDR,1984,1757142856
Lao PDR,1985,2366666616
Lao PDR,1986,1776842097
Lao PDR,1987,1087273104
Lao PDR,1988,598961269.3
Lao PDR,1989,714046821.1
Lao PDR,1990,865559879.4
Lao PDR,1991,1028087972
Lao PDR,1992,1127806945
Lao PDR,1993,1327748690
Lao PDR,1994,1543606345
Lao PDR,1995,1763536305
Lao PDR,1996,1873671550
Lao PDR,1997,1747011857
Lao PDR,1998,1280177839
Lao PDR,1999,1454430642
Lao PDR,2000,1731198022
Lao PDR,2001,1768619058
Lao PDR,2002,1758176653
Lao PDR,2003,2023324407
Lao PDR,2004,2366398120
Lao PDR,2005,2735558735
Lao PDR,2006,3455030061
Lao PDR,2007,4223152739
Lao PDR,2008,5446433157
Lao PDR,2009,5836137330
Lao PDR,2010,7131771015
Lao PDR,2011,8750104617
Lao PDR,2012,10192846339
Lao PDR,2013,11983252627
Lao PDR,2014,13279245886
Lao PDR,2015,14426380126
Lao PDR,2016,15912501723
Lao PDR,2017,17071155481
Lao PDR,2018,18141641090
Lao PDR,2019,18740561513
Lao PDR,2020,18981805250
Lao PDR,2021,18827148531
Lao PDR,2022,15468785204
Lao PDR,2023,15843155731
Lao PDR,2024,16502933121
Lebanon,1988,3313540068
Lebanon,1989,2717998688
Lebanon,1990,2838485354
Lebanon,1991,4690415093
Lebanon,1992,5843579161
Lebanon,1993,7941744492
Lebanon,1994,9599127050
Lebanon,1995,11718795529
Lebanon,1996,13690217334
Lebanon,1997,15751867489
Lebanon,1998,17247179006
Lebanon,1999,17391056369
Lebanon,2000,17260364842
Lebanon,2001,17649751244
Lebanon,2002,19152238806
Lebanon,2003,20082918740
Lebanon,2004,21159827992
Lebanon,2005,21497336499
Lebanon,2006,22022709851
Lebanon,2007,24827355015
Lebanon,2008,29118916105
Lebanon,2009,35399582929
Lebanon,2010,38443907042
Lebanon,2011,39927125962
Lebanon,2012,44016799516
Lebanon,2013,46880103081
Lebanon,2014,48095213747
Lebanon,2015,49929337837
Lebanon,2016,51147308774
Lebanon,2017,53027680686
Lebanon,2018,54901519156
Lebanon,2019,51605959131
Lebanon,2020,31712128254
Lebanon,2021,23131941557
Lebanon,2022,20992421949
Lebanon,2023,20078620357
Liberia,1960,190495600
Liberia,1961,183920900
Liberia,1962,191861800
Liberia,1963,200229600
Liberia,1964,218929100
Liberia,1965,229260800
Liberia,1966,244459500
Liberia,1967,261024300
Liberia,1968,276820700
Liberia,1969,306961800
Liberia,1970,323099700
Liberia,1971,341543100
Liberia,1972,368098000
Liberia,1973,386968300
Liberia,1974,486955000
Liberia,1975,577549300
Liberia,1976,596675700
Liberia,1977,673010600
Liberia,1978,717240400
Liberia,1979,814067900
Liberia,1980,854711500
Liberia,1981,846514500
Liberia,1982,863933200
Liberia,1983,823374900
Liberia,1984,848478300
Liberia,1985,851296100
Liberia,1986,840964400
Liberia,1987,972800000
Liberia,1988,1038300000
Liberia,1989,786300000
Liberia,1990,384400000
Liberia,1991,348000000
Liberia,1992,223500000
Liberia,1993,160400000
Liberia,1994,132200000
Liberia,1995,134800000
Liberia,1996,159400000
Liberia,1997,295900000
Liberia,1998,359600000
Liberia,1999,441800000
Liberia,2000,874000000
Liberia,2001,906000000
Liberia,2002,927000000
Liberia,2003,748000000
Liberia,2004,897000000
Liberia,2005,949000000
Liberia,2006,1119000000
Liberia,2007,1373000000
Liberia,2008,1726000000
Liberia,2009,1768000000
Liberia,2010,1998000000
Liberia,2011,2398000000
Liberia,2012,2791614000
Liberia,2013,3177198100
Liberia,2014,3225652000
Liberia,2015,3227075700
Liberia,2016,3398419600
Liberia,2017,3390703400
Liberia,2018,3422754800
Liberia,2019,3319596500
Liberia,2020,3176126300
Liberia,2021,3513049500
Liberia,2022,4001047000
Liberia,2023,4390000000
Liberia,2024,4779300900
Libya,1960,401644248.9
Libya,1961,443905612
Libya,1962,619725784.9
Libya,1963,892327910.7
Libya,1964,1341395421
Libya,1965,1804979680
Libya,1966,2312438536
Libya,1967,2726986913
Libya,1968,3850623095
Libya,1969,4380987481
Libya,1970,4601649451
Libya,1971,5260185125
Libya,1972,6299395544
Libya,1973,8625889430
Libya,1974,15112543717
Libya,1975,14710912458
Libya,1976,19096943017
Libya,1977,22428297108
Libya,1978,22136422643
Libya,1979,30536429497
Libya,1980,40953924949
Libya,1981,36374353880
Libya,1982,33760146991
Libya,1983,33200520140
Libya,1984,29476109153
Libya,1985,31530566324
Libya,1986,24180400959
Libya,1987,26697659335
Libya,1988,24308959591
Libya,1989,25156707899
Libya,1990,28904183602
Libya,1991,31991821265
Libya,1992,33887047909
Libya,1993,30660051911
Libya,1994,28610549763
Libya,1995,25541379187
Libya,1996,27884615385
Libya,1997,30700897875
Libya,1998,27251301398
Libya,1999,35975860857
Libya,2000,38270954138
Libya,2001,34112093927
Libya,2002,20481889764
Libya,2003,26265625000
Libya,2004,33122307692
Libya,2005,47334691241
Libya,2006,60094231607
Libya,2007,68032978391
Libya,2008,86710767415
Libya,2009,60808562033
Libya,2010,75380825062
Libya,2011,48169263294
Libya,2012,92540938129
Libya,2013,75351107029
Libya,2014,57372355592
Libya,2015,48717501321
Libya,2016,49912073701
Libya,2017,67157452182
Libya,2018,76686029772
Libya,2019,69254496472
Libya,2020,46854285441
Libya,2021,35217995647
Libya,2022,43246297922
Libya,2023,44027664915
Libya,2024,48487151215
St. Lucia,1980,170370370.4
St. Lucia,1981,194444444.4
St. Lucia,1982,183333333.3
St. Lucia,1983,197037037
St. Lucia,1984,251481481.5
St. Lucia,1985,284444444.4
St. Lucia,1986,340000000
St. Lucia,1987,375555555.6
St. Lucia,1988,429629629.6
St. Lucia,1989,486666666.7
St. Lucia,1990,579629629.6
St. Lucia,1991,613703703.7
St. Lucia,1992,674074074.1
St. Lucia,1993,684814814.8
St. Lucia,1994,713703703.7
St. Lucia,1995,762962963
St. Lucia,1996,788888888.9
St. Lucia,1997,805925925.9
St. Lucia,1998,877407407.4
St. Lucia,1999,921851851.9
St. Lucia,2000,932592592.6
St. Lucia,2001,892592592.6
St. Lucia,2002,900000000
St. Lucia,2003,987407407.4
St. Lucia,2004,1066666667
St. Lucia,2005,1135555556
St. Lucia,2006,1268319185
St. Lucia,2007,1336088815
St. Lucia,2008,1437731111
St. Lucia,2009,1401507889
St. Lucia,2010,1482385185
St. Lucia,2011,1568370370
St. Lucia,2012,1598207407
St. Lucia,2013,1660392593
St. Lucia,2014,1749185185
St. Lucia,2015,1807640741
St. Lucia,2016,1868544444
St. Lucia,2017,1998503704
St. Lucia,2018,2060955556
St. Lucia,2019,2095344444
St. Lucia,2020,1499274074
St. Lucia,2021,1867185185
St. Lucia,2022,2342714815
St. Lucia,2023,2430166667
St. Lucia,2024,2549062963
Latin America & Caribbean,1960,79218932628
Latin America & Caribbean,1961,87692579907
Latin America & Caribbean,1962,92148671651
Latin America & Caribbean,1963,1.00158E+11
Latin America & Caribbean,1964,1.11298E+11
Latin America & Caribbean,1965,1.19598E+11
Latin America & Caribbean,1966,1.31679E+11
Latin America & Caribbean,1967,1.34312E+11
Latin America & Caribbean,1968,1.44144E+11
Latin America & Caribbean,1969,1.60995E+11
Latin America & Caribbean,1970,1.75638E+11
Latin America & Caribbean,1971,1.95901E+11
Latin America & Caribbean,1972,2.20381E+11
Latin America & Caribbean,1973,2.9315E+11
Latin America & Caribbean,1974,3.79786E+11
Latin America & Caribbean,1975,3.98145E+11
Latin America & Caribbean,1976,4.36628E+11
Latin America & Caribbean,1977,4.79581E+11
Latin America & Caribbean,1978,5.74059E+11
Latin America & Caribbean,1979,6.44166E+11
Latin America & Caribbean,1980,7.83357E+11
Latin America & Caribbean,1981,8.94809E+11
Latin America & Caribbean,1982,8.23243E+11
Latin America & Caribbean,1983,7.26364E+11
Latin America & Caribbean,1984,7.64197E+11
Latin America & Caribbean,1985,7.55578E+11
Latin America & Caribbean,1986,7.65106E+11
Latin America & Caribbean,1987,8.21071E+11
Latin America & Caribbean,1988,9.00612E+11
Latin America & Caribbean,1989,9.94557E+11
Latin America & Caribbean,1990,1.10744E+12
Latin America & Caribbean,1991,1.18941E+12
Latin America & Caribbean,1992,1.29909E+12
Latin America & Caribbean,1993,1.53713E+12
Latin America & Caribbean,1994,1.79577E+12
Latin America & Caribbean,1995,1.94235E+12
Latin America & Caribbean,1996,2.10095E+12
Latin America & Caribbean,1997,2.30367E+12
Latin America & Caribbean,1998,2.33197E+12
Latin America & Caribbean,1999,2.10767E+12
Latin America & Caribbean,2000,2.32696E+12
Latin America & Caribbean,2001,2.28262E+12
Latin America & Caribbean,2002,2.05279E+12
Latin America & Caribbean,2003,2.0919E+12
Latin America & Caribbean,2004,2.40547E+12
Latin America & Caribbean,2005,2.90323E+12
Latin America & Caribbean,2006,3.39733E+12
Latin America & Caribbean,2007,3.99876E+12
Latin America & Caribbean,2008,4.64409E+12
Latin America & Caribbean,2009,4.35754E+12
Latin America & Caribbean,2010,5.3979E+12
Latin America & Caribbean,2011,6.13942E+12
Latin America & Caribbean,2012,6.20255E+12
Latin America & Caribbean,2013,6.25255E+12
Latin America & Caribbean,2014,6.21785E+12
Latin America & Caribbean,2015,5.28962E+12
Latin America & Caribbean,2016,5.14875E+12
Latin America & Caribbean,2017,5.71506E+12
Latin America & Caribbean,2018,5.5811E+12
Latin America & Caribbean,2019,5.47343E+12
Latin America & Caribbean,2020,4.62735E+12
Latin America & Caribbean,2021,5.38286E+12
Latin America & Caribbean,2022,6.145E+12
Latin America & Caribbean,2023,6.91066E+12
Latin America & Caribbean,2024,7.11032E+12
Least developed countries: UN classification,1960,28083812111
Least developed countries: UN classification,1961,29364630537
Least developed countries: UN classification,1962,31794976805
Least developed countries: UN classification,1963,36519313158
Least developed countries: UN classification,1964,33150184767
Least developed countries: UN classification,1965,37295152842
Least developed countries: UN classification,1966,40642209234
Least developed countries: UN classification,1967,41311581928
Least developed countries: UN classification,1968,44098255412
Least developed countries: UN classification,1969,48788461658
Least developed countries: UN classification,1970,47218105707
Least developed countries: UN classification,1971,49607713413
Least developed countries: UN classification,1972,51305821255
Least developed countries: UN classification,1973,62437242596
Least developed countries: UN classification,1974,77769806980
Least developed countries: UN classification,1975,93635062503
Least developed countries: UN classification,1976,86257896218
Least developed countries: UN classification,1977,94941848284
Least developed countries: UN classification,1978,1.11734E+11
Least developed countries: UN classification,1979,1.22428E+11
Least developed countries: UN classification,1980,1.35711E+11
Least developed countries: UN classification,1981,1.38756E+11
Least developed countries: UN classification,1982,1.40165E+11
Least developed countries: UN classification,1983,1.38441E+11
Least developed countries: UN classification,1984,1.40662E+11
Least developed countries: UN classification,1985,1.53685E+11
Least developed countries: UN classification,1986,1.33833E+11
Least developed countries: UN classification,1987,1.42313E+11
Least developed countries: UN classification,1988,1.56209E+11
Least developed countries: UN classification,1989,1.67639E+11
Least developed countries: UN classification,1990,1.92677E+11
Least developed countries: UN classification,1991,2.08818E+11
Least developed countries: UN classification,1992,1.65223E+11
Least developed countries: UN classification,1993,1.71011E+11
Least developed countries: UN classification,1994,1.67739E+11
Least developed countries: UN classification,1995,1.72091E+11
Least developed countries: UN classification,1996,1.81565E+11
Least developed countries: UN classification,1997,1.8934E+11
Least developed countries: UN classification,1998,1.9221E+11
Least developed countries: UN classification,1999,1.97805E+11
Least developed countries: UN classification,2000,2.24564E+11
Least developed countries: UN classification,2001,2.16586E+11
Least developed countries: UN classification,2002,2.38997E+11
Least developed countries: UN classification,2003,2.70939E+11
Least developed countries: UN classification,2004,3.11792E+11
Least developed countries: UN classification,2005,3.70633E+11
Least developed countries: UN classification,2006,4.30714E+11
Least developed countries: UN classification,2007,5.17254E+11
Least developed countries: UN classification,2008,6.35558E+11
Least developed countries: UN classification,2009,6.28162E+11
Least developed countries: UN classification,2010,7.1125E+11
Least developed countries: UN classification,2011,8.10123E+11
Least developed countries: UN classification,2012,8.49599E+11
Least developed countries: UN classification,2013,9.24686E+11
Least developed countries: UN classification,2014,9.93379E+11
Least developed countries: UN classification,2015,9.46044E+11
Least developed countries: UN classification,2016,9.52622E+11
Least developed countries: UN classification,2017,1.0445E+12
Least developed countries: UN classification,2018,1.11634E+12
Least developed countries: UN classification,2019,1.16937E+12
Least developed countries: UN classification,2020,1.17978E+12
Least developed countries: UN classification,2021,1.3039E+12
Least developed countries: UN classification,2022,1.47424E+12
Least developed countries: UN classification,2023,1.45997E+12
Least developed countries: UN classification,2024,1.53627E+12
Low income,1967,17168631141
Low income,1968,18643486433
Low income,1969,21687971434
Low income,1970,22138606273
Low income,1971,24678547942
Low income,1972,27615304467
Low income,1973,33022563725
Low income,1974,41317575284
Low income,1975,48858798820
Low income,1976,51353443145
Low income,1977,59469573577
Low income,1978,69326192104
Low income,1979,73361506554
Low income,1980,82239917973
Low income,1981,83576565930
Low income,1982,83687327649
Low income,1983,79883109897
Low income,1984,78581550455
Low income,1985,73755909046
Low income,1986,77699611465
Low income,1987,81699510513
Low income,1988,88552567441
Low income,1989,95849966757
Low income,1990,1.20058E+11
Low income,1991,1.3441E+11
Low income,1992,92686061463
Low income,1993,1.02326E+11
Low income,1994,97114664249
Low income,1995,88805408700
Low income,1996,84839243701
Low income,1997,90885588132
Low income,1998,93088605277
Low income,1999,93786312226
Low income,2000,1.16766E+11
Low income,2001,1.09983E+11
Low income,2002,1.22332E+11
Low income,2003,1.36843E+11
Low income,2004,1.59851E+11
Low income,2005,1.93442E+11
Low income,2006,2.24501E+11
Low income,2007,2.71819E+11
Low income,2008,3.24481E+11
Low income,2009,3.14284E+11
Low income,2010,3.54666E+11
Low income,2011,3.84119E+11
Low income,2012,3.51076E+11
Low income,2013,3.59281E+11
Low income,2014,3.7879E+11
Low income,2015,3.61782E+11
Low income,2016,3.17625E+11
Low income,2017,3.26807E+11
Low income,2018,3.4199E+11
Low income,2019,3.52057E+11
Low income,2020,3.39435E+11
Low income,2021,3.75494E+11
Low income,2022,4.34268E+11
Low income,2023,4.34043E+11
Low income,2024,4.69282E+11
Liechtenstein,1970,90099360.84
Liechtenstein,1971,104889795.3
Liechtenstein,1972,124940289.3
Liechtenstein,1973,165928881.6
Liechtenstein,1974,193980464.9
Liechtenstein,1975,246389101.9
Liechtenstein,1976,272489300.5
Liechtenstein,1977,303493119.5
Liechtenstein,1978,436912067.8
Liechtenstein,1979,503173104.4
Liechtenstein,1980,534699362.9
Liechtenstein,1981,511647750.1
Liechtenstein,1982,522096760.3
Liechtenstein,1983,524023624.9
Liechtenstein,1984,502620991.9
Liechtenstein,1985,529073612.5
Liechtenstein,1986,779357802.5
Liechtenstein,1987,1052848996
Liechtenstein,1988,1161757671
Liechtenstein,1989,1119983801
Liechtenstein,1990,1421509216
Liechtenstein,1991,1484160302
Liechtenstein,1992,1631177029
Liechtenstein,1993,1673085245
Liechtenstein,1994,1948129623
Liechtenstein,1995,2428525061
Liechtenstein,1996,2504012993
Liechtenstein,1997,2298389803
Liechtenstein,1998,2479699106
Liechtenstein,1999,2664105901
Liechtenstein,2000,2483889858
Liechtenstein,2001,2491800559
Liechtenstein,2002,2688618747
Liechtenstein,2003,3070803051
Liechtenstein,2004,3454373798
Liechtenstein,2005,3659319117
Liechtenstein,2006,4000102086
Liechtenstein,2007,4601429897
Liechtenstein,2008,5081479840
Liechtenstein,2009,4504375348
Liechtenstein,2010,5082337238
Liechtenstein,2011,5739706005
Liechtenstein,2012,5456102482
Liechtenstein,2013,6391708311
Liechtenstein,2014,6657526980
Liechtenstein,2015,6268515276
Liechtenstein,2016,6237302034
Liechtenstein,2017,6474308718
Liechtenstein,2018,6692620692
Liechtenstein,2019,6436467007
Liechtenstein,2020,6405870210
Liechtenstein,2021,7912602342
Liechtenstein,2022,7426856243
Liechtenstein,2023,8239379403
Sri Lanka,1960,1409873950
Sri Lanka,1961,1444327731
Sri Lanka,1962,1434156379
Sri Lanka,1963,1240672269
Sri Lanka,1964,1309747899
Sri Lanka,1965,1698319328
Sri Lanka,1966,1751470588
Sri Lanka,1967,1859465021
Sri Lanka,1968,1801344538
Sri Lanka,1969,1965546218
Sri Lanka,1970,2296470588
Sri Lanka,1971,2369308600
Sri Lanka,1972,2553936348
Sri Lanka,1973,2875625000
Sri Lanka,1974,3574586466
Sri Lanka,1975,3791298146
Sri Lanka,1976,3591319857
Sri Lanka,1977,4104509583
Sri Lanka,1978,2733183857
Sri Lanka,1979,3364611432
Sri Lanka,1980,4024621900
Sri Lanka,1981,4415844156
Sri Lanka,1982,4768765017
Sri Lanka,1983,5167913302
Sri Lanka,1984,6043474843
Sri Lanka,1985,5978460972
Sri Lanka,1986,6405210564
Sri Lanka,1987,6682167120
Sri Lanka,1988,6978371581
Sri Lanka,1989,6987267684
Sri Lanka,1990,8032551173
Sri Lanka,1991,9000362582
Sri Lanka,1992,9703011636
Sri Lanka,1993,10338679636
Sri Lanka,1994,11717604209
Sri Lanka,1995,13029697561
Sri Lanka,1996,13897738375
Sri Lanka,1997,15091913884
Sri Lanka,1998,15760736956
Sri Lanka,1999,15711933513
Sri Lanka,2000,16595882819
Sri Lanka,2001,15749753805
Sri Lanka,2002,16536535647
Sri Lanka,2003,18881765437
Sri Lanka,2004,20662525941
Sri Lanka,2005,24405791045
Sri Lanka,2006,28267410543
Sri Lanka,2007,32350238760
Sri Lanka,2008,40713826215
Sri Lanka,2009,42066224093
Sri Lanka,2010,58636049434
Sri Lanka,2011,67753285897
Sri Lanka,2012,70447217164
Sri Lanka,2013,76976203829
Sri Lanka,2014,82531125191
Sri Lanka,2015,85090301052
Sri Lanka,2016,88000211172
Sri Lanka,2017,94369350286
Sri Lanka,2018,94450015983
Sri Lanka,2019,88998706297
Sri Lanka,2020,84335574582
Sri Lanka,2021,88556698938
Sri Lanka,2022,74143020263
Sri Lanka,2023,83716142582
Sri Lanka,2024,98963185510
Lower middle income,1960,85718645235
Lower middle income,1961,91375597712
Lower middle income,1962,92791537815
Lower middle income,1963,1.02655E+11
Lower middle income,1964,1.15346E+11
Lower middle income,1965,1.23582E+11
Lower middle income,1966,1.12804E+11
Lower middle income,1967,1.20385E+11
Lower middle income,1968,1.27756E+11
Lower middle income,1969,1.41435E+11
Lower middle income,1970,1.53169E+11
Lower middle income,1971,1.59557E+11
Lower middle income,1972,1.70264E+11
Lower middle income,1973,2.00259E+11
Lower middle income,1974,2.47656E+11
Lower middle income,1975,2.71279E+11
Lower middle income,1976,2.86868E+11
Lower middle income,1977,3.22288E+11
Lower middle income,1978,3.63479E+11
Lower middle income,1979,4.21417E+11
Lower middle income,1980,5.13986E+11
Lower middle income,1981,6.37968E+11
Lower middle income,1982,6.33607E+11
Lower middle income,1983,6.00666E+11
Lower middle income,1984,5.76332E+11
Lower middle income,1985,6.15045E+11
Lower middle income,1986,6.17956E+11
Lower middle income,1987,6.73707E+11
Lower middle income,1988,6.95226E+11
Lower middle income,1989,6.80923E+11
Lower middle income,1990,7.40239E+11
Lower middle income,1991,7.08795E+11
Lower middle income,1992,7.40204E+11
Lower middle income,1993,7.48821E+11
Lower middle income,1994,8.42207E+11
Lower middle income,1995,1.00004E+12
Lower middle income,1996,1.13914E+12
Lower middle income,1997,1.19524E+12
Lower middle income,1998,1.22056E+12
Lower middle income,1999,1.12587E+12
Lower middle income,2000,1.1889E+12
Lower middle income,2001,1.2008E+12
Lower middle income,2002,1.26865E+12
Lower middle income,2003,1.44054E+12
Lower middle income,2004,1.65863E+12
Lower middle income,2005,1.91123E+12
Lower middle income,2006,2.23902E+12
Lower middle income,2007,2.73932E+12
Lower middle income,2008,3.03065E+12
Lower middle income,2009,3.16104E+12
Lower middle income,2010,3.80323E+12
Lower middle income,2011,4.24448E+12
Lower middle income,2012,4.48607E+12
Lower middle income,2013,4.74312E+12
Lower middle income,2014,5.12262E+12
Lower middle income,2015,5.11052E+12
Lower middle income,2016,5.31917E+12
Lower middle income,2017,5.77046E+12
Lower middle income,2018,6.02278E+12
Lower middle income,2019,6.52744E+12
Lower middle income,2020,6.2978E+12
Lower middle income,2021,7.12467E+12
Lower middle income,2022,7.58896E+12
Lower middle income,2023,7.68463E+12
Lower middle income,2024,7.94131E+12
Low & middle income,1960,2.66021E+11
Low & middle income,1961,2.69459E+11
Low & middle income,1962,2.73696E+11
Low & middle income,1963,3.03551E+11
Low & middle income,1964,3.4015E+11
Low & middle income,1965,3.75606E+11
Low & middle income,1966,3.89671E+11
Low & middle income,1967,3.99982E+11
Low & middle income,1968,4.24044E+11
Low & middle income,1969,4.74511E+11
Low & middle income,1970,5.17799E+11
Low & middle income,1971,5.56846E+11
Low & middle income,1972,6.25485E+11
Low & middle income,1973,7.97479E+11
Low & middle income,1974,1.0152E+12
Low & middle income,1975,1.123E+12
Low & middle income,1976,1.20828E+12
Low & middle income,1977,1.35651E+12
Low & middle income,1978,1.5062E+12
Low & middle income,1979,1.74617E+12
Low & middle income,1980,2.06317E+12
Low & middle income,1981,2.31048E+12
Low & middle income,1982,2.27777E+12
Low & middle income,1983,2.20682E+12
Low & middle income,1984,2.26746E+12
Low & middle income,1985,2.35453E+12
Low & middle income,1986,2.40456E+12
Low & middle income,1987,2.48214E+12
Low & middle income,1988,2.64857E+12
Low & middle income,1989,2.83949E+12
Low & middle income,1990,3.26349E+12
Low & middle income,1991,3.16938E+12
Low & middle income,1992,3.32567E+12
Low & middle income,1993,3.59896E+12
Low & middle income,1994,4.03635E+12
Low & middle income,1995,4.67857E+12
Low & middle income,1996,5.19425E+12
Low & middle income,1997,5.51448E+12
Low & middle income,1998,5.4156E+12
Low & middle income,1999,5.21358E+12
Low & middle income,2000,5.67124E+12
Low & middle income,2001,5.68186E+12
Low & middle income,2002,5.79657E+12
Low & middle income,2003,6.49014E+12
Low & middle income,2004,7.61557E+12
Low & middle income,2005,8.99572E+12
Low & middle income,2006,1.05933E+13
Low & middle income,2007,1.30119E+13
Low & middle income,2008,1.5454E+13
Low & middle income,2009,1.54958E+13
Low & middle income,2010,1.88492E+13
Low & middle income,2011,2.2198E+13
Low & middle income,2012,2.36003E+13
Low & middle income,2013,2.5061E+13
Low & middle income,2014,2.62346E+13
Low & middle income,2015,2.54573E+13
Low & middle income,2016,2.57227E+13
Low & middle income,2017,2.81237E+13
Low & middle income,2018,2.9946E+13
Low & middle income,2019,3.08635E+13
Low & middle income,2020,2.98827E+13
Low & middle income,2021,3.52354E+13
Low & middle income,2022,3.69653E+13
Low & middle income,2023,3.80593E+13
Low & middle income,2024,3.93971E+13
Lesotho,1960,34579986.17
Lesotho,1961,35699985.72
Lesotho,1962,41859983.26
Lesotho,1963,47039981.18
Lesotho,1964,51939979.22
Lesotho,1965,54879978.05
Lesotho,1966,56699977.32
Lesotho,1967,59261976.3
Lesotho,1968,61445975.42
Lesotho,1969,65967973.61
Lesotho,1970,68739972.5
Lesotho,1971,76480285
Lesotho,1972,80913200.43
Lesotho,1973,121188715.8
Lesotho,1974,150851316.5
Lesotho,1975,149558895.9
Lesotho,1976,147660036.9
Lesotho,1977,193315048.3
Lesotho,1978,266570066.6
Lesotho,1979,290134592.5
Lesotho,1980,431542536.7
Lesotho,1981,434188034.2
Lesotho,1982,348741683.7
Lesotho,1983,386699308.9
Lesotho,1984,333163670.3
Lesotho,1985,268629925.9
Lesotho,1986,318858423
Lesotho,1987,402768324.5
Lesotho,1988,470395800.6
Lesotho,1989,495409232.6
Lesotho,1990,596410263.7
Lesotho,1991,704325366.7
Lesotho,1992,831029861.7
Lesotho,1993,835582062.5
Lesotho,1994,878250945.3
Lesotho,1995,1001894000
Lesotho,1996,946112492.8
Lesotho,1997,998004258.7
Lesotho,1998,928460893.1
Lesotho,1999,912773681.1
Lesotho,2000,887291687.9
Lesotho,2001,825706961.2
Lesotho,2002,775777238.6
Lesotho,2003,1157825435
Lesotho,2004,1511236656
Lesotho,2005,1682343527
Lesotho,2006,1800092564
Lesotho,2007,1682131785
Lesotho,2008,1766902709
Lesotho,2009,1740894965
Lesotho,2010,2234754242
Lesotho,2011,2579409620
Lesotho,2012,2477702216
Lesotho,2013,2367112932
Lesotho,2014,2441063054
Lesotho,2015,2359686725
Lesotho,2016,2114426452
Lesotho,2017,2306741672
Lesotho,2018,2556247292
Lesotho,2019,2390702296
Lesotho,2020,2053699864
Lesotho,2021,2412130057
Lesotho,2022,2354980960
Lesotho,2023,2117962445
Lesotho,2024,2271759455
Late-demographic dividend,1960,1.83859E+11
Late-demographic dividend,1961,1.70881E+11
Late-demographic dividend,1962,1.74095E+11
Late-demographic dividend,1963,1.89932E+11
Late-demographic dividend,1964,2.08297E+11
Late-demographic dividend,1965,2.33447E+11
Late-demographic dividend,1966,2.59994E+11
Late-demographic dividend,1967,2.6126E+11
Late-demographic dividend,1968,2.65793E+11
Late-demographic dividend,1969,2.96284E+11
Late-demographic dividend,1970,3.36905E+11
Late-demographic dividend,1971,3.74774E+11
Late-demographic dividend,1972,4.31342E+11
Late-demographic dividend,1973,5.60343E+11
Late-demographic dividend,1974,6.73222E+11
Late-demographic dividend,1975,7.43237E+11
Late-demographic dividend,1976,8.01479E+11
Late-demographic dividend,1977,9.29936E+11
Late-demographic dividend,1978,9.67903E+11
Late-demographic dividend,1979,1.15236E+12
Late-demographic dividend,1980,1.3215E+12
Late-demographic dividend,1981,1.38513E+12
Late-demographic dividend,1982,1.39723E+12
Late-demographic dividend,1983,1.2935E+12
Late-demographic dividend,1984,1.35006E+12
Late-demographic dividend,1985,1.4594E+12
Late-demographic dividend,1986,1.551E+12
Late-demographic dividend,1987,1.63776E+12
Late-demographic dividend,1988,1.78702E+12
Late-demographic dividend,1989,1.90524E+12
Late-demographic dividend,1990,1.9711E+12
Late-demographic dividend,1991,1.98236E+12
Late-demographic dividend,1992,2.02184E+12
Late-demographic dividend,1993,2.10491E+12
Late-demographic dividend,1994,2.4446E+12
Late-demographic dividend,1995,3.02978E+12
Late-demographic dividend,1996,3.34147E+12
Late-demographic dividend,1997,3.49956E+12
Late-demographic dividend,1998,3.37487E+12
Late-demographic dividend,1999,3.12222E+12
Late-demographic dividend,2000,3.42751E+12
Late-demographic dividend,2001,3.54554E+12
Late-demographic dividend,2002,3.76083E+12
Late-demographic dividend,2003,4.28665E+12
Late-demographic dividend,2004,5.15193E+12
Late-demographic dividend,2005,6.21102E+12
Late-demographic dividend,2006,7.49602E+12
Late-demographic dividend,2007,9.4453E+12
Late-demographic dividend,2008,1.175E+13
Late-demographic dividend,2009,1.13682E+13
Late-demographic dividend,2010,1.36797E+13
Late-demographic dividend,2011,1.66654E+13
Late-demographic dividend,2012,1.78363E+13
Late-demographic dividend,2013,1.92335E+13
Late-demographic dividend,2014,1.99981E+13
Late-demographic dividend,2015,1.87972E+13
Late-demographic dividend,2016,1.88419E+13
Late-demographic dividend,2017,2.08893E+13
Late-demographic dividend,2018,2.29077E+13
Late-demographic dividend,2019,2.33666E+13
Late-demographic dividend,2020,2.28695E+13
Late-demographic dividend,2021,2.72842E+13
Late-demographic dividend,2022,2.85504E+13
Late-demographic dividend,2023,2.89344E+13
Late-demographic dividend,2024,2.99792E+13
Lithuania,1995,7921210340
Lithuania,1996,8430207164
Lithuania,1997,10168271903
Lithuania,1998,11289161847
Lithuania,1999,11022095814
Lithuania,2000,11550695727
Lithuania,2001,12260761329
Lithuania,2002,14282292665
Lithuania,2003,18809197970
Lithuania,2004,22743164431
Lithuania,2005,26105207115
Lithuania,2006,30116192747
Lithuania,2007,39729151615
Lithuania,2008,47831254208
Lithuania,2009,37494380039
Lithuania,2010,36638128534
Lithuania,2011,43186501863
Lithuania,2012,42709372067
Lithuania,2013,46303660422
Lithuania,2014,48306546657
Lithuania,2015,41540954817
Lithuania,2016,42970749245
Lithuania,2017,47756764508
Lithuania,2018,54261795149
Lithuania,2019,55122066226
Lithuania,2020,57412038533
Lithuania,2021,67037321009
Lithuania,2022,71033884500
Lithuania,2023,79789877416
Lithuania,2024,84869215513
Luxembourg,1960,709941874
Luxembourg,1961,710163719.4
Luxembourg,1962,747846862.2
Luxembourg,1963,797902154.2
Luxembourg,1964,910877686.3
Luxembourg,1965,929477284.8
Luxembourg,1966,976717015.5
Luxembourg,1967,983052314.9
Luxembourg,1968,1075561623
Luxembourg,1969,1245432991
Luxembourg,1970,1457768455
Luxembourg,1971,1518773421
Luxembourg,1972,1901697370
Luxembourg,1973,2609875802
Luxembourg,1974,3183637117
Luxembourg,1975,3123333333
Luxembourg,1976,3423586207
Luxembourg,1977,3789321328
Luxembourg,1978,4718539772
Luxembourg,1979,5516982664
Luxembourg,1980,6019805490
Luxembourg,1981,5053665797
Luxembourg,1982,4602316793
Luxembourg,1983,4524217751
Luxembourg,1984,4438435493
Luxembourg,1985,4577211767
Luxembourg,1986,6685595088
Luxembourg,1987,8320902215
Luxembourg,1988,9418167855
Luxembourg,1989,10037674038
Luxembourg,1990,12778792854
Luxembourg,1991,13834219728
Luxembourg,1992,15518702635
Luxembourg,1993,15925521222
Luxembourg,1994,17701798891
Luxembourg,1995,20853093870
Luxembourg,1996,20895314658
Luxembourg,1997,19563836265
Luxembourg,1998,20150053345
Luxembourg,1999,21899317599
Luxembourg,2000,21230182989
Luxembourg,2001,21387533703
Luxembourg,2002,23649833332
Luxembourg,2003,29667268248
Luxembourg,2004,35064843793
Luxembourg,2005,37672280120
Luxembourg,2006,42910146296
Luxembourg,2007,51587401416
Luxembourg,2008,58844277702
Luxembourg,2009,54467289898
Luxembourg,2010,56213985987
Luxembourg,2011,61696281326
Luxembourg,2012,59776383527
Luxembourg,2013,65203276467
Luxembourg,2014,68804811898
Luxembourg,2015,60071584216
Luxembourg,2016,62216885436
Luxembourg,2017,65712180343
Luxembourg,2018,71085623495
Luxembourg,2019,69872035114
Luxembourg,2020,73670782100
Luxembourg,2021,86386759695
Luxembourg,2022,80801680397
Luxembourg,2023,88788881539
Luxembourg,2024,93279851863
Latvia,1995,5608208785
Latvia,1996,5799465288
Latvia,1997,6349481007
Latvia,1998,6974112951
Latvia,1999,7324192890
Latvia,2000,7761252607
Latvia,2001,8190888740
Latvia,2002,9249030241
Latvia,2003,11244337720
Latvia,2004,13827070379
Latvia,2005,16306935905
Latvia,2006,20434922247
Latvia,2007,29420499248
Latvia,2008,34135200994
Latvia,2009,25691530442
Latvia,2010,23468324572
Latvia,2011,26575547901
Latvia,2012,27116149949
Latvia,2013,29152128168
Latvia,2014,30277203767
Latvia,2015,26344565877
Latvia,2016,27117105060
Latvia,2017,29391059767
Latvia,2018,33247935477
Latvia,2019,33099503951
Latvia,2020,33379927435
Latvia,2021,38183326785
Latvia,2022,38003198509
Latvia,2023,42779550937
Latvia,2024,43684254432
"Macao SAR, China",1982,1142497719
"Macao SAR, China",1983,1133013235
"Macao SAR, China",1984,1304361353
"Macao SAR, China",1985,1362072160
"Macao SAR, China",1986,1532105070
"Macao SAR, China",1987,1957724829
"Macao SAR, China",1988,2288761823
"Macao SAR, China",1989,2705665492
"Macao SAR, China",1990,3246481233
"Macao SAR, China",1991,3765249711
"Macao SAR, China",1992,4914365189
"Macao SAR, China",1993,5665606115
"Macao SAR, China",1994,6311207780
"Macao SAR, China",1995,7046147737
"Macao SAR, China",1996,7176892950
"Macao SAR, China",1997,7267570893
"Macao SAR, China",1998,6796914862
"Macao SAR, China",1999,6547169929
"Macao SAR, China",2000,6773944355
"Macao SAR, China",2001,6860272608
"Macao SAR, China",2002,7371692774
"Macao SAR, China",2003,8246479566
"Macao SAR, China",2004,10643253553
"Macao SAR, China",2005,12160056122
"Macao SAR, China",2006,14874098692
"Macao SAR, China",2007,18439981612
"Macao SAR, China",2008,21027018333
"Macao SAR, China",2009,21589540351
"Macao SAR, China",2010,28244172834
"Macao SAR, China",2011,36848881945
"Macao SAR, China",2012,43193350976
"Macao SAR, China",2013,51559125350
"Macao SAR, China",2014,54930501310
"Macao SAR, China",2015,44940613353
"Macao SAR, China",2016,44964868324
"Macao SAR, China",2017,50297028371
"Macao SAR, China",2018,55076322634
"Macao SAR, China",2019,55025172016
"Macao SAR, China",2020,25280064168
"Macao SAR, China",2021,30633941629
"Macao SAR, China",2022,24929307447
"Macao SAR, China",2023,45626467280
"Macao SAR, China",2024,49467258923
St. Martin (French part),2011,775875748.5
St. Martin (French part),2014,772921958.5
St. Martin (French part),2019,652206037.1
St. Martin (French part),2021,649206262.8
Morocco,1960,2037154742
Morocco,1961,2025693540
Morocco,1962,2379611125
Morocco,1963,2657252578
Morocco,1964,2798345299
Morocco,1965,2948331090
Morocco,1966,2876401297
Morocco,1967,3046345314
Morocco,1968,3271422333
Morocco,1969,3651622669
Morocco,1970,3956336244
Morocco,1971,4356669034
Morocco,1972,5074117545
Morocco,1973,6242145880
Morocco,1974,7675466449
Morocco,1975,8984853005
Morocco,1976,9584297284
Morocco,1977,11049783872
Morocco,1978,13236946234
Morocco,1979,15911994817
Morocco,1980,21728516153
Morocco,1981,17788185479
Morocco,1982,17692276734
Morocco,1983,16251408128
Morocco,1984,14824667954
Morocco,1985,14991283216
Morocco,1986,19462085540
Morocco,1987,21765195948
Morocco,1988,25705296184
Morocco,1989,26314313191
Morocco,1990,30179954775
Morocco,1991,32285573574
Morocco,1992,33711069431
Morocco,1993,31655473664
Morocco,1994,35604137423
Morocco,1995,39030285468
Morocco,1996,43161571528
Morocco,1997,39147844526
Morocco,1998,46497608725
Morocco,1999,46266428648
Morocco,2000,43017455402
Morocco,2001,43831480208
Morocco,2002,47077192188
Morocco,2003,58029363354
Morocco,2004,66114145451
Morocco,2005,68852658069
Morocco,2006,75883823301
Morocco,2007,86947913287
Morocco,2008,1.01823E+11
Morocco,2009,1.01155E+11
Morocco,2010,1.00865E+11
Morocco,2011,1.10081E+11
Morocco,2012,1.06937E+11
Morocco,2013,1.15739E+11
Morocco,2014,1.19131E+11
Morocco,2015,1.10414E+11
Morocco,2016,1.11573E+11
Morocco,2017,1.18541E+11
Morocco,2018,1.27341E+11
Morocco,2019,1.2892E+11
Morocco,2020,1.21354E+11
Morocco,2021,1.42022E+11
Morocco,2022,1.31245E+11
Morocco,2023,1.46036E+11
Morocco,2024,1.60611E+11
Monaco,1970,293127333.2
Monaco,1971,327706210.4
Monaco,1972,402451900.8
Monaco,1973,523554039.2
Monaco,1974,563949254.1
Monaco,1975,711978961.9
Monaco,1976,735324244.7
Monaco,1977,811191392.2
Monaco,1978,1000555218
Monaco,1979,1209870147
Monaco,1980,1378175524
Monaco,1981,1205188648
Monaco,1982,1143216457
Monaco,1983,1092560365
Monaco,1984,1037329604
Monaco,1985,1082867507
Monaco,1986,1515234743
Monaco,1987,1839081463
Monaco,1988,2000704745
Monaco,1989,2010083833
Monaco,1990,2481307077
Monaco,1991,2480540845
Monaco,1992,2737049231
Monaco,1993,2574494356
Monaco,1994,2720332135
Monaco,1995,3130309995
Monaco,1996,3137886995
Monaco,1997,2840195190
Monaco,1998,2934593468
Monaco,1999,2907118641
Monaco,2000,2654462665
Monaco,2001,2673723034
Monaco,2002,2919647982
Monaco,2003,3597089751
Monaco,2004,4043551489
Monaco,2005,4204652899
Monaco,2006,4586826513
Monaco,2007,5875790766
Monaco,2008,6502942245
Monaco,2009,5474379252
Monaco,2010,5367561570
Monaco,2011,6088689808
Monaco,2012,5742749294
Monaco,2013,6555591710
Monaco,2014,7070017324
Monaco,2015,6264756528
Monaco,2016,6471290794
Monaco,2017,6430254653
Monaco,2018,7184333936
Monaco,2019,7383496254
Monaco,2020,6730736283
Monaco,2021,8623242743
Monaco,2022,8800430486
Monaco,2023,10003892565
Monaco,2024,11125783372
Moldova,1990,3592857043
Moldova,1991,3094565871
Moldova,1992,2319243436
Moldova,1993,2371813324
Moldova,1994,1702314268
Moldova,1995,1752999370
Moldova,1996,1695122174
Moldova,1997,1930081169
Moldova,1998,1698717505
Moldova,1999,1170782957
Moldova,2000,1288429392
Moldova,2001,1480673594
Moldova,2002,1661818168
Moldova,2003,1980907435
Moldova,2004,2598249556
Moldova,2005,2988342907
Moldova,2006,3408255451
Moldova,2007,4401173152
Moldova,2008,6054824248
Moldova,2009,5439434272
Moldova,2010,6974982370
Moldova,2011,8414352020
Moldova,2012,8709138635
Moldova,2013,9496717876
Moldova,2014,9402090138
Moldova,2015,7797667197
Moldova,2016,7980917076
Moldova,2017,9514404016
Moldova,2018,11252353421
Moldova,2019,11736797055
Moldova,2020,11530746234
Moldova,2021,13691869264
Moldova,2022,14525337524
Moldova,2023,16711906746
Moldova,2024,18200340854
Madagascar,1960,673081724.8
Madagascar,1961,699161944.6
Madagascar,1962,739286907.6
Madagascar,1963,759345863.7
Madagascar,1964,802482183.7
Madagascar,1965,833563473
Madagascar,1966,900264584.6
Madagascar,1967,956436932.1
Madagascar,1968,1031669637
Madagascar,1969,1056391056
Madagascar,1970,1111859571
Madagascar,1971,1199507631
Madagascar,1972,1341590690
Madagascar,1973,1653062335
Madagascar,1974,1917508190
Madagascar,1975,2283049215
Madagascar,1976,2181844179
Madagascar,1977,2358930406
Madagascar,1978,2669755115
Madagascar,1979,3463565854
Madagascar,1980,5201818348
Madagascar,1981,4759333998
Madagascar,1982,4784977326
Madagascar,1983,4686457031
Madagascar,1984,3905938481
Madagascar,1985,3802557895
Madagascar,1986,4347989788
Madagascar,1987,3212900556
Madagascar,1988,3189456965
Madagascar,1989,3175638333
Madagascar,1990,3931334875
Madagascar,1991,3254713056
Madagascar,1992,3714966678
Madagascar,1993,4063298919
Madagascar,1994,3522227092
Madagascar,1995,3838100904
Madagascar,1996,4931861039
Madagascar,1997,4262965420
Madagascar,1998,4401967633
Madagascar,1999,4277903780
Madagascar,2000,4629247204
Madagascar,2001,5438332602
Madagascar,2002,5351701663
Madagascar,2003,6372498890
Madagascar,2004,5064732626
Madagascar,2005,5859269753
Madagascar,2006,6395712491
Madagascar,2007,8524620890
Madagascar,2008,10725137724
Madagascar,2009,9616879409
Madagascar,2010,9982711338
Madagascar,2011,11551819618
Madagascar,2012,11578975062
Madagascar,2013,12423555455
Madagascar,2014,12522957399
Madagascar,2015,11323020701
Madagascar,2016,11848613858
Madagascar,2017,13176313594
Madagascar,2018,13760033282
Madagascar,2019,14104664679
Madagascar,2020,13051441204
Madagascar,2021,14354731964
Madagascar,2022,15325603273
Madagascar,2023,15869945478
Madagascar,2024,17420501490
Maldives,1970,19328038.32
Maldives,1971,21566404.02
Maldives,1972,25177137.53
Maldives,1973,30862041.6
Maldives,1974,39120171.25
Maldives,1975,24540877.6
Maldives,1976,22399467.11
Maldives,1977,20853788.71
Maldives,1978,24369109.14
Maldives,1979,38523364.49
Maldives,1980,42463576.16
Maldives,1981,44781456.95
Maldives,1982,47911340.18
Maldives,1983,57829787.23
Maldives,1984,109503546.1
Maldives,1985,127190758
Maldives,1986,141882254.2
Maldives,1987,141223029.4
Maldives,1988,168514513.4
Maldives,1989,189514434.2
Maldives,1990,215043969.8
Maldives,1991,244396761.9
Maldives,1992,284875809
Maldives,1993,322417837.2
Maldives,1994,356014932.1
Maldives,1995,398988955
Maldives,1996,450382328
Maldives,1997,508223602.4
Maldives,1998,540096397.6
Maldives,1999,589239753.6
Maldives,2000,624337145.3
Maldives,2001,870031676.8
Maldives,2002,897031250
Maldives,2003,1052121055
Maldives,2004,1226829563
Maldives,2005,1163362438
Maldives,2006,1575200391
Maldives,2007,1868383461
Maldives,2008,2271646188
Maldives,2009,2345294875
Maldives,2010,2588176055
Maldives,2011,2774350240
Maldives,2012,2886163997
Maldives,2013,3295009238
Maldives,2014,3697353039
Maldives,2015,4129505319
Maldives,2016,4409942624
Maldives,2017,4816426257
Maldives,2018,5404344163
Maldives,2019,5726094799
Maldives,2020,3712604583
Maldives,2021,5252457370
Maldives,2022,6177123352
Maldives,2023,6621008704
Maldives,2024,7061608267
"Middle East, North Africa, Afghanistan & Pakistan",1960,29024394855
"Middle East, North Africa, Afghanistan & Pakistan",1961,30987037285
"Middle East, North Africa, Afghanistan & Pakistan",1962,30832534298
"Middle East, North Africa, Afghanistan & Pakistan",1963,33981027252
"Middle East, North Africa, Afghanistan & Pakistan",1964,37876511285
"Middle East, North Africa, Afghanistan & Pakistan",1965,41652574542
"Middle East, North Africa, Afghanistan & Pakistan",1966,44827741482
"Middle East, North Africa, Afghanistan & Pakistan",1967,48702681114
"Middle East, North Africa, Afghanistan & Pakistan",1968,55355053153
"Middle East, North Africa, Afghanistan & Pakistan",1969,61449134769
"Middle East, North Africa, Afghanistan & Pakistan",1970,69470512933
"Middle East, North Africa, Afghanistan & Pakistan",1971,79185015019
"Middle East, North Africa, Afghanistan & Pakistan",1972,93296927795
"Middle East, North Africa, Afghanistan & Pakistan",1973,1.21487E+11
"Middle East, North Africa, Afghanistan & Pakistan",1974,2.20686E+11
"Middle East, North Africa, Afghanistan & Pakistan",1975,2.4255E+11
"Middle East, North Africa, Afghanistan & Pakistan",1976,3.0131E+11
"Middle East, North Africa, Afghanistan & Pakistan",1977,3.49602E+11
"Middle East, North Africa, Afghanistan & Pakistan",1978,3.71543E+11
"Middle East, North Africa, Afghanistan & Pakistan",1979,4.83141E+11
"Middle East, North Africa, Afghanistan & Pakistan",1980,6.21242E+11
"Middle East, North Africa, Afghanistan & Pakistan",1981,6.40119E+11
"Middle East, North Africa, Afghanistan & Pakistan",1982,6.41806E+11
"Middle East, North Africa, Afghanistan & Pakistan",1983,6.49495E+11
"Middle East, North Africa, Afghanistan & Pakistan",1984,6.56415E+11
"Middle East, North Africa, Afghanistan & Pakistan",1985,6.68194E+11
"Middle East, North Africa, Afghanistan & Pakistan",1986,6.76559E+11
"Middle East, North Africa, Afghanistan & Pakistan",1987,6.31785E+11
"Middle East, North Africa, Afghanistan & Pakistan",1988,6.31605E+11
"Middle East, North Africa, Afghanistan & Pakistan",1989,6.5116E+11
"Middle East, North Africa, Afghanistan & Pakistan",1990,8.36906E+11
"Middle East, North Africa, Afghanistan & Pakistan",1991,6.73739E+11
"Middle East, North Africa, Afghanistan & Pakistan",1992,7.11056E+11
"Middle East, North Africa, Afghanistan & Pakistan",1993,6.66712E+11
"Middle East, North Africa, Afghanistan & Pakistan",1994,7.03469E+11
"Middle East, North Africa, Afghanistan & Pakistan",1995,7.79385E+11
"Middle East, North Africa, Afghanistan & Pakistan",1996,8.63E+11
"Middle East, North Africa, Afghanistan & Pakistan",1997,9.00774E+11
"Middle East, North Africa, Afghanistan & Pakistan",1998,8.82028E+11
"Middle East, North Africa, Afghanistan & Pakistan",1999,9.5473E+11
"Middle East, North Africa, Afghanistan & Pakistan",2000,1.09876E+12
"Middle East, North Africa, Afghanistan & Pakistan",2001,1.09055E+12
"Middle East, North Africa, Afghanistan & Pakistan",2002,1.08428E+12
"Middle East, North Africa, Afghanistan & Pakistan",2003,1.20892E+12
"Middle East, North Africa, Afghanistan & Pakistan",2004,1.42516E+12
"Middle East, North Africa, Afghanistan & Pakistan",2005,1.69692E+12
"Middle East, North Africa, Afghanistan & Pakistan",2006,1.98466E+12
"Middle East, North Africa, Afghanistan & Pakistan",2007,2.34084E+12
"Middle East, North Africa, Afghanistan & Pakistan",2008,2.88995E+12
"Middle East, North Africa, Afghanistan & Pakistan",2009,2.60561E+12
"Middle East, North Africa, Afghanistan & Pakistan",2010,3.04162E+12
"Middle East, North Africa, Afghanistan & Pakistan",2011,3.66271E+12
"Middle East, North Africa, Afghanistan & Pakistan",2012,3.95106E+12
"Middle East, North Africa, Afghanistan & Pakistan",2013,3.91574E+12
"Middle East, North Africa, Afghanistan & Pakistan",2014,3.95513E+12
"Middle East, North Africa, Afghanistan & Pakistan",2015,3.55842E+12
"Middle East, North Africa, Afghanistan & Pakistan",2016,3.62424E+12
"Middle East, North Africa, Afghanistan & Pakistan",2017,3.79535E+12
"Middle East, North Africa, Afghanistan & Pakistan",2018,4.05051E+12
"Middle East, North Africa, Afghanistan & Pakistan",2019,4.01989E+12
"Middle East, North Africa, Afghanistan & Pakistan",2020,3.58745E+12
"Middle East, North Africa, Afghanistan & Pakistan",2021,4.31065E+12
"Middle East, North Africa, Afghanistan & Pakistan",2022,5.03093E+12
"Middle East, North Africa, Afghanistan & Pakistan",2023,4.90573E+12
"Middle East, North Africa, Afghanistan & Pakistan",2024,5.09472E+12
Mexico,1960,13040000000
Mexico,1961,14160000000
Mexico,1962,15200000000
Mexico,1963,16960000000
Mexico,1964,20080000000
Mexico,1965,21840000000
Mexico,1966,24320000000
Mexico,1967,26560000000
Mexico,1968,29360000000
Mexico,1969,32480000000
Mexico,1970,35520000000
Mexico,1971,39200000000
Mexico,1972,45200000000
Mexico,1973,55280000000
Mexico,1974,72000000000
Mexico,1975,88000000000
Mexico,1976,88875923765
Mexico,1977,81912018784
Mexico,1978,1.02649E+11
Mexico,1979,1.34532E+11
Mexico,1980,2.05577E+11
Mexico,1981,2.63798E+11
Mexico,1982,1.84603E+11
Mexico,1983,1.56167E+11
Mexico,1984,1.84231E+11
Mexico,1985,1.95241E+11
Mexico,1986,1.34556E+11
Mexico,1987,1.47543E+11
Mexico,1988,1.81611E+11
Mexico,1989,2.21403E+11
Mexico,1990,2.61254E+11
Mexico,1991,3.1314E+11
Mexico,1992,3.63158E+11
Mexico,1993,5.30161E+11
Mexico,1994,5.53618E+11
Mexico,1995,3.80157E+11
Mexico,1996,4.32158E+11
Mexico,1997,5.2345E+11
Mexico,1998,5.57461E+11
Mexico,1999,6.31249E+11
Mexico,2000,7.42061E+11
Mexico,2001,7.96065E+11
Mexico,2002,8.10666E+11
Mexico,2003,7.6555E+11
Mexico,2004,8.19459E+11
Mexico,2005,9.17572E+11
Mexico,2006,1.02027E+12
Mexico,2007,1.10236E+12
Mexico,2008,1.16155E+12
Mexico,2009,9.43437E+11
Mexico,2010,1.10542E+12
Mexico,2011,1.22901E+12
Mexico,2012,1.25511E+12
Mexico,2013,1.32744E+12
Mexico,2014,1.36451E+12
Mexico,2015,1.21329E+12
Mexico,2016,1.11223E+12
Mexico,2017,1.19072E+12
Mexico,2018,1.2563E+12
Mexico,2019,1.30411E+12
Mexico,2020,1.12106E+12
Mexico,2021,1.31657E+12
Mexico,2022,1.46693E+12
Mexico,2023,1.79832E+12
Mexico,2024,1.85637E+12
Marshall Islands,1970,8408486
Marshall Islands,1971,9116810
Marshall Islands,1972,9973652
Marshall Islands,1973,11607366
Marshall Islands,1974,15217532
Marshall Islands,1975,16691301
Marshall Islands,1976,18153647
Marshall Islands,1977,20210069
Marshall Islands,1978,22209370
Marshall Islands,1979,25545346
Marshall Islands,1980,26710653
Marshall Islands,1981,31020000
Marshall Islands,1982,34918000
Marshall Islands,1983,41749000
Marshall Islands,1984,45144000
Marshall Islands,1985,43879000
Marshall Islands,1986,55989000
Marshall Islands,1987,62983000
Marshall Islands,1988,70688000
Marshall Islands,1989,72798000
Marshall Islands,1990,78476000
Marshall Islands,1991,82507000
Marshall Islands,1992,91063000
Marshall Islands,1993,99461000
Marshall Islands,1994,108071000
Marshall Islands,1995,120230000
Marshall Islands,1996,110858000
Marshall Islands,1997,109884700
Marshall Islands,1998,112070100
Marshall Islands,1999,113352100
Marshall Islands,2000,114838500
Marshall Islands,2001,122406100
Marshall Islands,2002,131960000
Marshall Islands,2003,131128500
Marshall Islands,2004,132900000
Marshall Islands,2005,138000000
Marshall Islands,2006,143200000
Marshall Islands,2007,150500000
Marshall Islands,2008,146600000
Marshall Islands,2009,151200000
Marshall Islands,2010,161100000
Marshall Islands,2011,172300000
Marshall Islands,2012,180700000
Marshall Islands,2013,186400000
Marshall Islands,2014,186000000
Marshall Islands,2015,183700000
Marshall Islands,2016,201800000
Marshall Islands,2017,213700000
Marshall Islands,2018,220000000
Marshall Islands,2019,232900000
Marshall Islands,2020,241800000
Marshall Islands,2021,261245544.4
Marshall Islands,2022,258723510.7
Marshall Islands,2023,263761322
Marshall Islands,2024,290108490
Middle income,1960,2.54381E+11
Middle income,1961,2.57716E+11
Middle income,1962,2.60605E+11
Middle income,1963,2.8712E+11
Middle income,1964,3.26749E+11
Middle income,1965,3.59974E+11
Middle income,1966,3.73234E+11
Middle income,1967,3.84168E+11
Middle income,1968,4.06933E+11
Middle income,1969,4.5472E+11
Middle income,1970,4.97395E+11
Middle income,1971,5.34228E+11
Middle income,1972,6.00161E+11
Middle income,1973,7.66887E+11
Middle income,1974,9.76816E+11
Middle income,1975,1.0781E+12
Middle income,1976,1.1609E+12
Middle income,1977,1.30192E+12
Middle income,1978,1.44303E+12
Middle income,1979,1.67836E+12
Middle income,1980,1.98649E+12
Middle income,1981,2.23137E+12
Middle income,1982,2.19875E+12
Middle income,1983,2.13122E+12
Middle income,1984,2.19255E+12
Middle income,1985,2.28296E+12
Middle income,1986,2.3296E+12
Middle income,1987,2.40358E+12
Middle income,1988,2.5637E+12
Middle income,1989,2.74781E+12
Middle income,1990,3.15062E+12
Middle income,1991,3.04471E+12
Middle income,1992,3.23711E+12
Middle income,1993,3.50135E+12
Middle income,1994,3.94238E+12
Middle income,1995,4.59053E+12
Middle income,1996,5.10855E+12
Middle income,1997,5.42278E+12
Middle income,1998,5.32219E+12
Middle income,1999,5.12001E+12
Middle income,2000,5.55655E+12
Middle income,2001,5.57329E+12
Middle income,2002,5.67664E+12
Middle income,2003,6.35597E+12
Middle income,2004,7.45879E+12
Middle income,2005,8.80634E+12
Middle income,2006,1.03733E+13
Middle income,2007,1.27452E+13
Middle income,2008,1.51358E+13
Middle income,2009,1.51872E+13
Middle income,2010,1.85001E+13
Middle income,2011,2.18188E+13
Middle income,2012,2.32515E+13
Middle income,2013,2.47035E+13
Middle income,2014,2.58577E+13
Middle income,2015,2.50971E+13
Middle income,2016,2.54044E+13
Middle income,2017,2.7795E+13
Middle income,2018,2.96017E+13
Middle income,2019,3.05091E+13
Middle income,2020,2.95409E+13
Middle income,2021,3.4856E+13
Middle income,2022,3.65288E+13
Middle income,2023,3.76223E+13
Middle income,2024,3.89257E+13
North Macedonia,1990,4699646643
North Macedonia,1991,4938775510
North Macedonia,1992,2436849342
North Macedonia,1993,2682456897
North Macedonia,1994,3559608640
North Macedonia,1995,4707041315
North Macedonia,1996,4642021256
North Macedonia,1997,3912986091
North Macedonia,1998,3765745023
North Macedonia,1999,3863619285
North Macedonia,2000,3772859034
North Macedonia,2001,3709636031
North Macedonia,2002,4018365747
North Macedonia,2003,4946296599
North Macedonia,2004,5682784472
North Macedonia,2005,6258602873
North Macedonia,2006,6861226972
North Macedonia,2007,8336474974
North Macedonia,2008,9909552435
North Macedonia,2009,9401736825
North Macedonia,2010,9407170321
North Macedonia,2011,10494626768
North Macedonia,2012,9745261301
North Macedonia,2013,10817702346
North Macedonia,2014,11362265253
North Macedonia,2015,10064519963
North Macedonia,2016,10672467073
North Macedonia,2017,11307067070
North Macedonia,2018,12683068114
North Macedonia,2019,12606338449
North Macedonia,2020,12361036914
North Macedonia,2021,14000283827
North Macedonia,2022,13932436550
North Macedonia,2023,15855131189
North Macedonia,2024,16951682245
Mali,1967,275494477.6
Mali,1968,343771973
Mali,1969,339913867.1
Mali,1970,359772315.1
Mali,1971,395218628.9
Mali,1972,486617280.3
Mali,1973,563683703.3
Mali,1974,538747340
Mali,1975,830710615.2
Mali,1976,939228017.2
Mali,1977,1049838548
Mali,1978,1222702573
Mali,1979,1595422956
Mali,1980,2704362789
Mali,1981,2234583940
Mali,1982,1680304773
Mali,1983,1496616127
Mali,1984,1387809615
Mali,1985,1594347021
Mali,1986,2132938007
Mali,1987,2437004680
Mali,1988,2712207901
Mali,1989,2824822489
Mali,1990,3248417791
Mali,1991,3576562682
Mali,1992,3680775037
Mali,1993,3632801877
Mali,1994,2655768636
Mali,1995,3373322735
Mali,1996,3743103420
Mali,1997,3414879486
Mali,1998,3894433432
Mali,1999,4091446054
Mali,2000,3521570876
Mali,2001,4124281594
Mali,2002,4647238257
Mali,2003,5605613011
Mali,2004,6485774930
Mali,2005,7429066951
Mali,2006,8212007554
Mali,2007,9699047443
Mali,2008,11462490840
Mali,2009,12155217833
Mali,2010,12710739159
Mali,2011,15452791789
Mali,2012,14795114603
Mali,2013,15747192681
Mali,2014,17081681993
Mali,2015,15583181170
Mali,2016,16743796800
Mali,2017,18308362040
Mali,2018,20368015381
Mali,2019,20477421885
Mali,2020,20698560939
Mali,2021,22999245263
Mali,2022,22539987719
Mali,2023,24813860599
Mali,2024,26794747240
Malta,1970,250728796.3
Malta,1971,264578484.8
Malta,1972,295106628.3
Malta,1973,345616105.9
Malta,1974,376081124.3
Malta,1975,474618321.5
Malta,1976,527936988.8
Malta,1977,625563170.7
Malta,1978,793673401.6
Malta,1979,1001288847
Malta,1980,1250198601
Malta,1981,1243509394
Malta,1982,1234474404
Malta,1983,1165729707
Malta,1984,1101807023
Malta,1985,1117797439
Malta,1986,1435038441
Malta,1987,1751293461
Malta,1988,2019503068
Malta,1989,2118655677
Malta,1990,2547328748
Malta,1991,2750216747
Malta,1992,3021942759
Malta,1993,2709193538
Malta,1994,2998505428
Malta,1995,3709396045
Malta,1996,3822547197
Malta,1997,3787023707
Malta,1998,4010111688
Malta,1999,4111857809
Malta,2000,4036809815
Malta,2001,4070867133
Malta,2002,4455127414
Malta,2003,5418315224
Malta,2004,6104141520
Malta,2005,6393234993
Malta,2006,6749838806
Malta,2007,7908412306
Malta,2008,9135419465
Malta,2009,8734745698
Malta,2010,9097044159
Malta,2011,9789361703
Malta,2012,9609532089
Malta,2013,10796782636
Malta,2014,11888032874
Malta,2015,11340795042
Malta,2016,12025782834
Malta,2017,14161366724
Malta,2018,16153779511
Malta,2019,16337793531
Malta,2020,16404663226
Malta,2021,19739875611
Malta,2022,18928276162
Malta,2023,22610561526
Malta,2024,24971574502
Myanmar,1960,545098447.6
Myanmar,1961,605581577.3
Myanmar,1962,634528872
Myanmar,1963,598998418.7
Myanmar,1964,411419905.8
Myanmar,1965,367053117.2
Myanmar,1966,293103478.5
Myanmar,1967,420359035.9
Myanmar,1968,559956130.3
Myanmar,1969,571854214.6
Myanmar,1970,563555630.8
Myanmar,1971,587448405.5
Myanmar,1972,662213082.7
Myanmar,1973,719754655.4
Myanmar,1974,1225589878
Myanmar,1975,1061107354
Myanmar,1976,1204699849
Myanmar,1977,873579931.9
Myanmar,1978,935408775
Myanmar,1979,952265043.4
Myanmar,1980,1038225167
Myanmar,1981,1111000765
Myanmar,1982,1481165468
Myanmar,1983,1381573615
Myanmar,1984,1304063253
Myanmar,1985,1478908173
Myanmar,1986,1582873750
Myanmar,1987,1562448077
Myanmar,1988,1541088312
Myanmar,1989,2013448229
Myanmar,1990,2115193513
Myanmar,1991,2069832687
Myanmar,1992,2411552289
Myanmar,1993,3163020035
Myanmar,1994,4432257174
Myanmar,1995,5289174943
Myanmar,1996,6123556717
Myanmar,1997,4722288496
Myanmar,1998,6459461639
Myanmar,1999,8486832801
Myanmar,2000,8905066164
Myanmar,2001,6477790688
Myanmar,2002,6777632512
Myanmar,2003,10467109978
Myanmar,2004,10567354056
Myanmar,2005,11986972419
Myanmar,2006,14502553710
Myanmar,2007,20182477481
Myanmar,2008,31862554102
Myanmar,2009,36906181381
Myanmar,2010,49540813342
Myanmar,2011,59977326086
Myanmar,2012,59937796648
Myanmar,2013,60269732855
Myanmar,2014,65531374210
Myanmar,2015,59607290408
Myanmar,2016,63298361984
Myanmar,2017,66053040475
Myanmar,2018,67860515993
Myanmar,2019,75065106243
Myanmar,2020,79006113670
Myanmar,2021,66345291149
Myanmar,2022,62253049903
Myanmar,2023,66757619000
Myanmar,2024,74068349524
"Middle East, North Africa, Afghanistan & Pakistan (excluding high income)",1960,21951472906
"Middle East, North Africa, Afghanistan & Pakistan (excluding high income)",1961,22897686862
"Middle East, North Africa, Afghanistan & Pakistan (excluding high income)",1962,23311084905
"Middle East, North Africa, Afghanistan & Pakistan (excluding high income)",1963,25680699750
"Middle East, North Africa, Afghanistan & Pakistan (excluding high income)",1964,28686249644
"Middle East, North Africa, Afghanistan & Pakistan (excluding high income)",1965,31805270075
"Middle East, North Africa, Afghanistan & Pakistan (excluding high income)",1966,33969222899
"Middle East, North Africa, Afghanistan & Pakistan (excluding high income)",1967,37310104874
"Middle East, North Africa, Afghanistan & Pakistan (excluding high income)",1968,41897056401
"Middle East, North Africa, Afghanistan & Pakistan (excluding high income)",1969,46594338114
"Middle East, North Africa, Afghanistan & Pakistan (excluding high income)",1970,52340685828
"Middle East, North Africa, Afghanistan & Pakistan (excluding high income)",1971,59203404913
"Middle East, North Africa, Afghanistan & Pakistan (excluding high income)",1972,67256893586
"Middle East, North Africa, Afghanistan & Pakistan (excluding high income)",1973,82948300158
"Middle East, North Africa, Afghanistan & Pakistan (excluding high income)",1974,1.27536E+11
"Middle East, North Africa, Afghanistan & Pakistan (excluding high income)",1975,1.46512E+11
"Middle East, North Africa, Afghanistan & Pakistan (excluding high income)",1976,1.80748E+11
"Middle East, North Africa, Afghanistan & Pakistan (excluding high income)",1977,2.08782E+11
"Middle East, North Africa, Afghanistan & Pakistan (excluding high income)",1978,2.24124E+11
"Middle East, North Africa, Afghanistan & Pakistan (excluding high income)",1979,2.7863E+11
"Middle East, North Africa, Afghanistan & Pakistan (excluding high income)",1980,3.38338E+11
"Middle East, North Africa, Afghanistan & Pakistan (excluding high income)",1981,3.30378E+11
"Middle East, North Africa, Afghanistan & Pakistan (excluding high income)",1982,3.69224E+11
"Middle East, North Africa, Afghanistan & Pakistan (excluding high income)",1983,4.04172E+11
"Middle East, North Africa, Afghanistan & Pakistan (excluding high income)",1984,4.22202E+11
"Middle East, North Africa, Afghanistan & Pakistan (excluding high income)",1985,4.53639E+11
"Middle East, North Africa, Afghanistan & Pakistan (excluding high income)",1986,4.87667E+11
"Middle East, North Africa, Afghanistan & Pakistan (excluding high income)",1987,4.26965E+11
"Middle East, North Africa, Afghanistan & Pakistan (excluding high income)",1988,4.14054E+11
"Middle East, North Africa, Afghanistan & Pakistan (excluding high income)",1989,4.15824E+11
"Middle East, North Africa, Afghanistan & Pakistan (excluding high income)",1990,5.61877E+11
"Middle East, North Africa, Afghanistan & Pakistan (excluding high income)",1991,3.80581E+11
"Middle East, North Africa, Afghanistan & Pakistan (excluding high income)",1992,3.90454E+11
"Middle East, North Africa, Afghanistan & Pakistan (excluding high income)",1993,3.44284E+11
"Middle East, North Africa, Afghanistan & Pakistan (excluding high income)",1994,3.61934E+11
"Middle East, North Africa, Afghanistan & Pakistan (excluding high income)",1995,4.03355E+11
"Middle East, North Africa, Afghanistan & Pakistan (excluding high income)",1996,4.46894E+11
"Middle East, North Africa, Afghanistan & Pakistan (excluding high income)",1997,4.6577E+11
"Middle East, North Africa, Afghanistan & Pakistan (excluding high income)",1998,4.7582E+11
"Middle East, North Africa, Afghanistan & Pakistan (excluding high income)",1999,5.15244E+11
"Middle East, North Africa, Afghanistan & Pakistan (excluding high income)",2000,5.77555E+11
"Middle East, North Africa, Afghanistan & Pakistan (excluding high income)",2001,5.80414E+11
"Middle East, North Africa, Afghanistan & Pakistan (excluding high income)",2002,5.64912E+11
"Middle East, North Africa, Afghanistan & Pakistan (excluding high income)",2003,6.2472E+11
"Middle East, North Africa, Afghanistan & Pakistan (excluding high income)",2004,7.39741E+11
"Middle East, North Africa, Afghanistan & Pakistan (excluding high income)",2005,8.57125E+11
"Middle East, North Africa, Afghanistan & Pakistan (excluding high income)",2006,9.96469E+11
"Middle East, North Africa, Afghanistan & Pakistan (excluding high income)",2007,1.21E+12
"Middle East, North Africa, Afghanistan & Pakistan (excluding high income)",2008,1.46615E+12
"Middle East, North Africa, Afghanistan & Pakistan (excluding high income)",2009,1.41867E+12
"Middle East, North Africa, Afghanistan & Pakistan (excluding high income)",2010,1.62606E+12
"Middle East, North Africa, Afghanistan & Pakistan (excluding high income)",2011,1.90606E+12
"Middle East, North Africa, Afghanistan & Pakistan (excluding high income)",2012,2.05289E+12
"Middle East, North Africa, Afghanistan & Pakistan (excluding high income)",2013,1.93042E+12
"Middle East, North Africa, Afghanistan & Pakistan (excluding high income)",2014,1.91978E+12
"Middle East, North Africa, Afghanistan & Pakistan (excluding high income)",2015,1.78066E+12
"Middle East, North Africa, Afghanistan & Pakistan (excluding high income)",2016,1.84912E+12
"Middle East, North Africa, Afghanistan & Pakistan (excluding high income)",2017,1.87826E+12
"Middle East, North Africa, Afghanistan & Pakistan (excluding high income)",2018,1.87788E+12
"Middle East, North Africa, Afghanistan & Pakistan (excluding high income)",2019,1.83435E+12
"Middle East, North Africa, Afghanistan & Pakistan (excluding high income)",2020,1.66796E+12
"Middle East, North Africa, Afghanistan & Pakistan (excluding high income)",2021,1.93971E+12
"Middle East, North Africa, Afghanistan & Pakistan (excluding high income)",2022,2.16082E+12
"Middle East, North Africa, Afghanistan & Pakistan (excluding high income)",2023,2.09467E+12
"Middle East, North Africa, Afghanistan & Pakistan (excluding high income)",2024,2.2036E+12
Montenegro,1997,838288806
Montenegro,1998,854261160.7
Montenegro,1999,828950327.4
Montenegro,2000,984293043.8
Montenegro,2001,1159869246
Montenegro,2002,1284685051
Montenegro,2003,1707710053
Montenegro,2004,2073234418
Montenegro,2005,2257174481
Montenegro,2006,2717702923
Montenegro,2007,3677910895
Montenegro,2008,4540861726
Montenegro,2009,4142640317
Montenegro,2010,4136936189
Montenegro,2011,4507126949
Montenegro,2012,4071829462
Montenegro,2013,4422097763
Montenegro,2014,4579636602
Montenegro,2015,4010885991
Montenegro,2016,4357469330
Montenegro,2017,4803962016
Montenegro,2018,5433467175
Montenegro,2019,5483476883
Montenegro,2020,4723571498
Montenegro,2021,5823715810
Montenegro,2022,6251215144
Montenegro,2023,7644389160
Montenegro,2024,8270016671
Mongolia,1980,2101394100
Mongolia,1981,2310099100
Mongolia,1982,2552401933
Mongolia,1983,2725736633
Mongolia,1984,2098734600
Mongolia,1985,2186505475
Mongolia,1986,2896178867
Mongolia,1987,3020611600
Mongolia,1988,3204461567
Mongolia,1989,3576966800
Mongolia,1990,2560785660
Mongolia,1991,2379018326
Mongolia,1992,1317611864
Mongolia,1993,768401634.2
Mongolia,1994,925817092.2
Mongolia,1995,1452165005
Mongolia,1996,1345719472
Mongolia,1997,1180934203
Mongolia,1998,1124440205
Mongolia,1999,1057408589
Mongolia,2000,1136896124
Mongolia,2001,1267997934
Mongolia,2002,1396555720
Mongolia,2003,1595297356
Mongolia,2004,1992066808
Mongolia,2005,2523471601
Mongolia,2006,3414055662
Mongolia,2007,4234999704
Mongolia,2008,5623216608
Mongolia,2009,4583850368
Mongolia,2010,7189481999
Mongolia,2011,10409797378
Mongolia,2012,12292770632
Mongolia,2013,12582122604
Mongolia,2014,12226514668
Mongolia,2015,11619892591
Mongolia,2016,11181350649
Mongolia,2017,11480847741
Mongolia,2018,13178094720
Mongolia,2019,14206359018
Mongolia,2020,13312981429
Mongolia,2021,15286441738
Mongolia,2022,17146471714
Mongolia,2023,20325121394
Mongolia,2024,23794540025
Northern Mariana Islands,2002,1284000000
Northern Mariana Islands,2003,1239000000
Northern Mariana Islands,2004,1210000000
Northern Mariana Islands,2005,1061000000
Northern Mariana Islands,2006,990000000
Northern Mariana Islands,2007,938000000
Northern Mariana Islands,2008,939000000
Northern Mariana Islands,2009,795000000
Northern Mariana Islands,2010,799000000
Northern Mariana Islands,2011,729000000
Northern Mariana Islands,2012,746000000
Northern Mariana Islands,2013,772000000
Northern Mariana Islands,2014,832000000
Northern Mariana Islands,2015,910000000
Northern Mariana Islands,2016,1230000000
Northern Mariana Islands,2017,1560000000
Northern Mariana Islands,2018,1301000000
Northern Mariana Islands,2019,1179000000
Northern Mariana Islands,2020,866000000
Northern Mariana Islands,2021,914000000
Northern Mariana Islands,2022,1096000000
Mozambique,1991,3854856435
Mozambique,1992,2798696511
Mozambique,1993,2883161897
Mozambique,1994,2958108170
Mozambique,1995,3061646174
Mozambique,1996,4030146135
Mozambique,1997,4873663775
Mozambique,1998,5551118149
Mozambique,1999,6285219691
Mozambique,2000,5930685215
Mozambique,2001,5650154067
Mozambique,2002,5950769427
Mozambique,2003,6583526861
Mozambique,2004,7937255565
Mozambique,2005,8868504900
Mozambique,2006,9509835537
Mozambique,2007,10811456006
Mozambique,2008,12920340965
Mozambique,2009,12263894790
Mozambique,2010,11411894724
Mozambique,2011,14619279989
Mozambique,2012,16688114144
Mozambique,2013,17198073057
Mozambique,2014,17978246586
Mozambique,2015,16208985770
Mozambique,2016,12069051237
Mozambique,2017,13264640646
Mozambique,2018,15017358953
Mozambique,2019,15512759047
Mozambique,2020,14235420174
Mozambique,2021,16168055475
Mozambique,2022,18883528581
Mozambique,2023,20921079533
Mozambique,2024,22745341305
Mauritania,1961,159213430.2
Mauritania,1962,164271557.5
Mauritania,1963,168186297.3
Mauritania,1964,224495743.9
Mauritania,1965,255340475
Mauritania,1966,266533605.2
Mauritania,1967,282615310.2
Mauritania,1968,311395937.3
Mauritania,1969,295062308.5
Mauritania,1970,309405316
Mauritania,1971,335568907.1
Mauritania,1972,391669449.3
Mauritania,1973,493237876.3
Mauritania,1974,613010552.5
Mauritania,1975,703377837.5
Mauritania,1976,775045516.8
Mauritania,1977,799030017.1
Mauritania,1978,804629876.8
Mauritania,1979,951900945.3
Mauritania,1980,1047925106
Mauritania,1981,1105494682
Mauritania,1982,1108776653
Mauritania,1983,1165171263
Mauritania,1984,1074373230
Mauritania,1985,1009723326
Mauritania,1986,1186628778
Mauritania,1987,1344664725
Mauritania,1988,1414951290
Mauritania,1989,1450647019
Mauritania,1990,1506914408
Mauritania,1991,2133692697
Mauritania,1992,2164298425
Mauritania,1993,1847353211
Mauritania,1994,1944876755
Mauritania,1995,2091726101
Mauritania,1996,2132087009
Mauritania,1997,2071996564
Mauritania,1998,2032347665
Mauritania,1999,1985922776
Mauritania,2000,1779520886
Mauritania,2001,1746063558
Mauritania,2002,1777057481
Mauritania,2003,2051147607
Mauritania,2004,2362501023
Mauritania,2005,2936019526
Mauritania,2006,3919577286
Mauritania,2007,4346212355
Mauritania,2008,5206437194
Mauritania,2009,4714595548
Mauritania,2010,5628878798
Mauritania,2011,6764627746
Mauritania,2012,6728208836
Mauritania,2013,7223071097
Mauritania,2014,6592537782
Mauritania,2015,6166863897
Mauritania,2016,6398747592
Mauritania,2017,6800135898
Mauritania,2018,7473550557
Mauritania,2019,7894764886
Mauritania,2020,8260752385
Mauritania,2021,9222536364
Mauritania,2022,9557966698
Mauritania,2023,10726838461
Mauritania,2024,10908045687
Mauritius,1960,162089563.8
Mauritius,1961,191757729.5
Mauritius,1962,197738207.9
Mauritius,1963,253839557.9
Mauritius,1964,218914569.2
Mauritius,1965,230024160.5
Mauritius,1966,227534083.5
Mauritius,1967,238439290.9
Mauritius,1968,206576630.6
Mauritius,1969,221553612.9
Mauritius,1970,224125805
Mauritius,1971,251437337.8
Mauritius,1972,318664899.6
Mauritius,1973,404285775.1
Mauritius,1974,669894029.6
Mauritius,1975,673311287.1
Mauritius,1976,713510051.5
Mauritius,1977,834722972.2
Mauritius,1978,1029040323
Mauritius,1979,1227446632
Mauritius,1980,1147027924
Mauritius,1981,1157769444
Mauritius,1982,1092923636
Mauritius,1983,1104956573
Mauritius,1984,1054564759
Mauritius,1985,1090611325
Mauritius,1986,1482601552
Mauritius,1987,1906174438
Mauritius,1988,2163252449
Mauritius,1989,2211312823
Mauritius,1990,2689212760
Mauritius,1991,2895354736
Mauritius,1992,3267677814
Mauritius,1993,3307302126
Mauritius,1994,3606050873
Mauritius,1995,4094741652
Mauritius,1996,4481489762
Mauritius,1997,4243755308
Mauritius,1998,4225813976
Mauritius,1999,4402193195
Mauritius,2000,4726108622
Mauritius,2001,4675755867
Mauritius,2002,4906494249
Mauritius,2003,5894873920
Mauritius,2004,6667418752
Mauritius,2005,6576108447
Mauritius,2006,7137710413
Mauritius,2007,8277442915
Mauritius,2008,10127777060
Mauritius,2009,9264513545
Mauritius,2010,10144716155
Mauritius,2011,11677718382
Mauritius,2012,11832323837
Mauritius,2013,12434596541
Mauritius,2014,13230490082
Mauritius,2015,12162211503
Mauritius,2016,12757680847
Mauritius,2017,13896938315
Mauritius,2018,14957535716
Mauritius,2019,14645235205
Mauritius,2020,11566111138
Mauritius,2021,11622048697
Mauritius,2022,12936444123
Mauritius,2023,14072212290
Mauritius,2024,14937861786
Malawi,1980,1801156775
Malawi,1981,1801193910
Malawi,1982,1717379495
Malawi,1983,1780148049
Malawi,1984,1758028656
Malawi,1985,1646442273
Malawi,1986,1722586299
Malawi,1987,1721711808
Malawi,1988,2008189508
Malawi,1989,2314205130
Malawi,1990,2737087862
Malawi,1991,3206783830
Malawi,1992,2618837835
Malawi,1993,3013392658
Malawi,1994,1719864761
Malawi,1995,2033701498
Malawi,1996,3319573750
Malawi,1997,3875785863
Malawi,1998,2547609590
Malawi,1999,2584478924
Malawi,2000,2537307580
Malawi,2001,2498008665
Malawi,2002,5087328438
Malawi,2003,4669789300
Malawi,2004,5058726350
Malawi,2005,5320409651
Malawi,2006,5818279739
Malawi,2007,6451210219
Malawi,2008,7743617352
Malawi,2009,9009887947
Malawi,2010,10128323011
Malawi,2011,11648142958
Malawi,2012,8773203178
Malawi,2013,8031571928
Malawi,2014,8801326169
Malawi,2015,9219474379
Malawi,2016,7909868618
Malawi,2017,8943543794
Malawi,2018,9879220354
Malawi,2019,11051852713
Malawi,2020,11769313598
Malawi,2021,12378119199
Malawi,2022,12429059928
Malawi,2023,13363669673
Malawi,2024,11316411329
Malaysia,1960,1916229477
Malaysia,1961,1901856123
Malaysia,1962,2001489602
Malaysia,1963,2510110348
Malaysia,1964,2674423922
Malaysia,1965,2956337669
Malaysia,1966,3143517944
Malaysia,1967,3188924677
Malaysia,1968,3330371551
Malaysia,1969,3664552041
Malaysia,1970,3864145667
Malaysia,1971,4244395956
Malaysia,1972,5043347250
Malaysia,1973,7662902678
Malaysia,1974,9496204302
Malaysia,1975,9298800799
Malaysia,1976,11050234599
Malaysia,1977,13139488633
Malaysia,1978,16358079862
Malaysia,1979,21213264962
Malaysia,1980,24488224677
Malaysia,1981,25004285792
Malaysia,1982,26804493635
Malaysia,1983,30347442111
Malaysia,1984,33942897422
Malaysia,1985,31199633353
Malaysia,1986,27734111400
Malaysia,1987,32181210158
Malaysia,1988,35272109220
Malaysia,1989,38847965293
Malaysia,1990,44024585240
Malaysia,1991,49143148094
Malaysia,1992,59167550163
Malaysia,1993,66894966969
Malaysia,1994,74478356958
Malaysia,1995,88705342903
Malaysia,1996,1.00855E+11
Malaysia,1997,1.00005E+11
Malaysia,1998,72167498981
Malaysia,1999,79148421053
Malaysia,2000,93789736842
Malaysia,2001,92783947368
Malaysia,2002,1.00846E+11
Malaysia,2003,1.10202E+11
Malaysia,2004,1.24749E+11
Malaysia,2005,1.43534E+11
Malaysia,2006,1.62692E+11
Malaysia,2007,1.9355E+11
Malaysia,2008,2.30812E+11
Malaysia,2009,2.02257E+11
Malaysia,2010,2.55018E+11
Malaysia,2011,2.97952E+11
Malaysia,2012,3.14443E+11
Malaysia,2013,3.23276E+11
Malaysia,2014,3.38066E+11
Malaysia,2015,3.01355E+11
Malaysia,2016,3.01256E+11
Malaysia,2017,3.19109E+11
Malaysia,2018,3.58789E+11
Malaysia,2019,3.65178E+11
Malaysia,2020,3.37456E+11
Malaysia,2021,3.73785E+11
Malaysia,2022,4.07831E+11
Malaysia,2023,3.99949E+11
Malaysia,2024,4.22227E+11
North America,1960,5.82625E+11
North America,1961,6.03055E+11
North America,1962,6.46056E+11
North America,1963,6.82281E+11
North America,1964,7.3374E+11
North America,1965,7.96652E+11
North America,1966,8.744E+11
North America,1967,9.25612E+11
North America,1968,1.01242E+12
North America,1969,1.09701E+12
North America,1970,1.16168E+12
North America,1971,1.26467E+12
North America,1972,1.39281E+12
North America,1973,1.55741E+12
North America,1974,1.7065E+12
North America,1975,1.85967E+12
North America,1976,2.08107E+12
North America,1977,2.2946E+12
North America,1978,2.57144E+12
North America,1979,2.87174E+12
North America,1980,3.1327E+12
North America,1981,3.51503E+12
North America,1982,3.65922E+12
North America,1983,3.97679E+12
North America,1984,4.39532E+12
North America,1985,4.7062E+12
North America,1986,4.95981E+12
North America,1987,5.28965E+12
North America,1988,5.74723E+12
North America,1989,6.21029E+12
North America,1990,6.56081E+12
North America,1991,6.77229E+12
North America,1992,7.11639E+12
North America,1993,7.43943E+12
North America,1994,7.86905E+12
North America,1995,8.24774E+12
North America,1996,8.70643E+12
North America,1997,9.23547E+12
North America,1998,9.69995E+12
North America,1999,1.03129E+13
North America,2000,1.09992E+13
North America,2001,1.13246E+13
North America,2002,1.16937E+13
North America,2003,1.23562E+13
North America,2004,1.32484E+13
North America,2005,1.42172E+13
North America,2006,1.5141E+13
North America,2007,1.59498E+13
North America,2008,1.63298E+13
North America,2009,1.58593E+13
North America,2010,1.66729E+13
North America,2011,1.73994E+13
North America,2012,1.80887E+13
North America,2013,1.86963E+13
North America,2014,1.93628E+13
North America,2015,1.97692E+13
North America,2016,2.023E+13
North America,2017,2.11337E+13
North America,2018,2.22656E+13
North America,2019,2.31321E+13
North America,2020,2.2723E+13
North America,2021,2.53447E+13
North America,2022,2.78031E+13
North America,2023,2.94741E+13
North America,2024,3.10038E+13
Namibia,1980,2421990338
Namibia,1981,2249908578
Namibia,1982,2118710248
Namibia,1983,2297400688
Namibia,1984,1951260038
Namibia,1985,1608237350
Namibia,1986,1809048527
Namibia,1987,2300068217
Namibia,1988,2495094746
Namibia,1989,2535135798
Namibia,1990,2789921854
Namibia,1991,2996869281
Namibia,1992,3429521699
Namibia,1993,3251188833
Namibia,1994,3666503530
Namibia,1995,3978514206
Namibia,1996,3989163197
Namibia,1997,4154989950
Namibia,1998,3873109866
Namibia,1999,3868551730
Namibia,2000,3922232165
Namibia,2001,3557341215
Namibia,2002,3349169826
Namibia,2003,4926439384
Namibia,2004,6609205995
Namibia,2005,7248374838
Namibia,2006,8001779551
Namibia,2007,8839536476
Namibia,2008,8607431497
Namibia,2009,8938847189
Namibia,2010,11431412421
Namibia,2011,12523359441
Namibia,2012,13042053592
Namibia,2013,12043307277
Namibia,2014,12435430970
Namibia,2015,11335161084
Namibia,2016,10722018732
Namibia,2017,12895153371
Namibia,2018,13682019076
Namibia,2019,12541928303
Namibia,2020,10583748542
Namibia,2021,12402486184
Namibia,2022,12569449123
Namibia,2023,12408271449
Namibia,2024,13372354512
New Caledonia,1965,159594492.5
New Caledonia,1966,164206536.4
New Caledonia,1967,180036767.6
New Caledonia,1968,215507162.6
New Caledonia,1969,263108841.3
New Caledonia,1970,358815684.1
New Caledonia,1971,413985778.6
New Caledonia,1972,506808996.7
New Caledonia,1973,542293399.9
New Caledonia,1974,637403478.5
New Caledonia,1975,816652164.4
New Caledonia,1976,798313521.7
New Caledonia,1977,837620126.6
New Caledonia,1978,846004687.8
New Caledonia,1979,1047225724
New Caledonia,1980,1182463951
New Caledonia,1981,972564154.8
New Caledonia,1982,904599869.7
New Caledonia,1983,823857893.2
New Caledonia,1984,796066194.7
New Caledonia,1985,854820893.6
New Caledonia,1986,1201321514
New Caledonia,1987,1488093102
New Caledonia,1988,2072775508
New Caledonia,1989,2185082939
New Caledonia,1990,2529440424
New Caledonia,1991,2653780672
New Caledonia,1992,2923883281
New Caledonia,1993,2822243781
New Caledonia,1994,3038728385
New Caledonia,1995,3628440505
New Caledonia,1996,3606968436
New Caledonia,1997,3291131281
New Caledonia,1998,3556304833
New Caledonia,1999,3647802050
New Caledonia,2000,3420032041
New Caledonia,2001,3297734891
New Caledonia,2002,3740056748
New Caledonia,2003,4915353827
New Caledonia,2004,5895008978
New Caledonia,2005,6238629487
New Caledonia,2006,6979155388
New Caledonia,2007,8819917180
New Caledonia,2008,9067619760
New Caledonia,2009,8704438102
New Caledonia,2010,9364350077
New Caledonia,2011,10351448005
New Caledonia,2012,9659151917
New Caledonia,2013,10151382933
New Caledonia,2014,10635035595
New Caledonia,2015,8738203074
New Caledonia,2016,8724568955
New Caledonia,2017,9174048682
New Caledonia,2018,9896402284
New Caledonia,2019,9475655325
New Caledonia,2020,9454629468
New Caledonia,2021,10071349664
New Caledonia,2022,9623318718
New Caledonia,2023,9769167530
New Caledonia,2024,8548919387
Niger,1960,449526873.3
Niger,1961,485785231
Niger,1962,531736599.3
Niger,1963,586294878.7
Niger,1964,582816396.4
Niger,1965,673383510.8
Niger,1966,702296078.6
Niger,1967,665586872.3
Niger,1968,641214226.2
Niger,1969,625867985.3
Niger,1970,649916621.2
Niger,1971,693573703.6
Niger,1972,742779660.8
Niger,1973,946385105.2
Niger,1974,1026137111
Niger,1975,1048690933
Niger,1976,1064517601
Niger,1977,1291458041
Niger,1978,1774365590
Niger,1979,2109277666
Niger,1980,2508524721
Niger,1981,2170893414
Niger,1982,2017612216
Niger,1983,1803099561
Niger,1984,1461243326
Niger,1985,1440581652
Niger,1986,1904096998
Niger,1987,2233006105
Niger,1988,2280356193
Niger,1989,2179567114
Niger,1990,3512356508
Niger,1991,3285796875
Niger,1992,3386232579
Niger,1993,3052673849
Niger,1994,1938058175
Niger,1995,2302537562
Niger,1996,2405686940
Niger,1997,2290318910
Niger,1998,2643363519
Niger,1999,2537789821
Niger,2000,2241753193
Niger,2001,2448714704
Niger,2002,2782192879
Niger,2003,3394084732
Niger,2004,3760443738
Niger,2005,4383315965
Niger,2006,4756361252
Niger,2007,5731485052
Niger,2008,7297600226
Niger,2009,7352131310
Niger,2010,7851192502
Niger,2011,8772950778
Niger,2012,9426912648
Niger,2013,10224897438
Niger,2014,10862943544
Niger,2015,9683867926
Niger,2016,10398861982
Niger,2017,11185104252
Niger,2018,12837307497
Niger,2019,12889555561
Niger,2020,13744653103
Niger,2021,14915002436
Niger,2022,15433852712
Niger,2023,16698786978
Niger,2024,19876128486
Nigeria,1960,4196174502
Nigeria,1961,4467287893
Nigeria,1962,4909399176
Nigeria,1963,5165590254
Nigeria,1964,5552931319
Nigeria,1965,5874537650
Nigeria,1966,6366917453
Nigeria,1967,5203237919
Nigeria,1968,5200997920
Nigeria,1969,6634317346
Nigeria,1970,12546094982
Nigeria,1971,9181769912
Nigeria,1972,12274416018
Nigeria,1973,15162871287
Nigeria,1974,24846641318
Nigeria,1975,27778934625
Nigeria,1976,36308883249
Nigeria,1977,36035407725
Nigeria,1978,36527862209
Nigeria,1979,47259911894
Nigeria,1980,64201788123
Nigeria,1981,1.64475E+11
Nigeria,1982,1.42769E+11
Nigeria,1983,97094911792
Nigeria,1984,73484359521
Nigeria,1985,73745821158
Nigeria,1986,54805852581
Nigeria,1987,52676041931
Nigeria,1988,49648470440
Nigeria,1989,44003061108
Nigeria,1990,54035795388
Nigeria,1991,59526833412
Nigeria,1992,52058181854
Nigeria,1993,56721051402
Nigeria,1994,80399613064
Nigeria,1995,1.4092E+11
Nigeria,1996,1.8573E+11
Nigeria,1997,2.0085E+11
Nigeria,1998,2.18416E+11
Nigeria,1999,59145077039
Nigeria,2000,69171451627
Nigeria,2001,73557840064
Nigeria,2002,95054059303
Nigeria,2003,1.04739E+11
Nigeria,2004,1.35765E+11
Nigeria,2005,1.75671E+11
Nigeria,2006,2.38455E+11
Nigeria,2007,2.78261E+11
Nigeria,2008,3.39476E+11
Nigeria,2009,2.95009E+11
Nigeria,2010,3.6699E+11
Nigeria,2011,4.14467E+11
Nigeria,2012,4.63971E+11
Nigeria,2013,5.20117E+11
Nigeria,2014,5.74184E+11
Nigeria,2015,4.93027E+11
Nigeria,2016,4.04649E+11
Nigeria,2017,3.75746E+11
Nigeria,2018,4.21739E+11
Nigeria,2019,6.6822E+11
Nigeria,2020,5.98587E+11
Nigeria,2021,6.09148E+11
Nigeria,2022,6.4695E+11
Nigeria,2023,4.87388E+11
Nigeria,2024,2.52262E+11
Nicaragua,1960,227223322.1
Nicaragua,1961,244144236.7
Nicaragua,1962,269283803.7
Nicaragua,1963,297324163.1
Nicaragua,1964,347119918.2
Nicaragua,1965,564290020.4
Nicaragua,1966,607140010.5
Nicaragua,1967,657140010.7
Nicaragua,1968,692859984.6
Nicaragua,1969,750000002.9
Nicaragua,1970,778569938.8
Nicaragua,1971,828569953.5
Nicaragua,1972,878570045.5
Nicaragua,1973,1092900015
Nicaragua,1974,1521400012
Nicaragua,1975,1581599959
Nicaragua,1976,1836899999
Nicaragua,1977,2226999874
Nicaragua,1978,2127699979
Nicaragua,1979,1567599982
Nicaragua,1980,2144300006
Nicaragua,1981,2474700227
Nicaragua,1982,2454499872
Nicaragua,1983,2753100058
Nicaragua,1984,3117599872
Nicaragua,1985,2683699935
Nicaragua,1986,2885799994
Nicaragua,1987,3851200118
Nicaragua,1988,2630900096
Nicaragua,1989,1013184756
Nicaragua,1990,1009455484
Nicaragua,1991,1488804124
Nicaragua,1992,1792800000
Nicaragua,1993,1756454248
Nicaragua,1994,3863185119
Nicaragua,1995,4140470000
Nicaragua,1996,4308351903
Nicaragua,1997,4389973490
Nicaragua,1998,4635347386
Nicaragua,1999,4856026259
Nicaragua,2000,5109587050
Nicaragua,2001,5351752034
Nicaragua,2002,5223727303
Nicaragua,2003,5322228351
Nicaragua,2004,5792932838
Nicaragua,2005,6321324279
Nicaragua,2006,6763672381
Nicaragua,2007,7423375015
Nicaragua,2008,8496967597
Nicaragua,2009,8298702489
Nicaragua,2010,8758602233
Nicaragua,2011,9774329333
Nicaragua,2012,10532017232
Nicaragua,2013,10982988249
Nicaragua,2014,11880438824
Nicaragua,2015,12756696261
Nicaragua,2016,13286093388
Nicaragua,2017,13785893007
Nicaragua,2018,13025221974
Nicaragua,2019,12699023614
Nicaragua,2020,12726422432
Nicaragua,2021,14209020362
Nicaragua,2022,15634572502
Nicaragua,2023,17805842284
Nicaragua,2024,19693982968
Netherlands,1960,13282979015
Netherlands,1961,14599836396
Netherlands,1962,15847582341
Netherlands,1963,17193744109
Netherlands,1964,20232048553
Netherlands,1965,22721869808
Netherlands,1966,24741480717
Netherlands,1967,27143828099
Netherlands,1968,30097635751
Netherlands,1969,34086038090
Netherlands,1970,38220884519
Netherlands,1971,44644730576
Netherlands,1972,54787070173
Netherlands,1973,71946639603
Netherlands,1974,87371810804
Netherlands,1975,1.00397E+11
Netherlands,1976,1.09329E+11
Netherlands,1977,1.27204E+11
Netherlands,1978,1.56089E+11
Netherlands,1979,1.79934E+11
Netherlands,1980,1.95439E+11
Netherlands,1981,1.64376E+11
Netherlands,1982,1.58713E+11
Netherlands,1983,1.53671E+11
Netherlands,1984,1.44124E+11
Netherlands,1985,1.44058E+11
Netherlands,1986,2.01158E+11
Netherlands,1987,2.45407E+11
Netherlands,1988,2.62296E+11
Netherlands,1989,2.58717E+11
Netherlands,1990,3.18799E+11
Netherlands,1991,3.27982E+11
Netherlands,1992,3.63497E+11
Netherlands,1993,3.5407E+11
Netherlands,1994,3.79688E+11
Netherlands,1995,4.52967E+11
Netherlands,1996,4.51373E+11
Netherlands,1997,4.17506E+11
Netherlands,1998,4.38613E+11
Netherlands,1999,4.47779E+11
Netherlands,2000,4.17649E+11
Netherlands,2001,4.32536E+11
Netherlands,2002,4.7553E+11
Netherlands,2003,5.82436E+11
Netherlands,2004,6.61225E+11
Netherlands,2005,6.88134E+11
Netherlands,2006,7.37594E+11
Netherlands,2007,8.53499E+11
Netherlands,2008,9.57902E+11
Netherlands,2009,8.78954E+11
Netherlands,2010,8.52465E+11
Netherlands,2011,9.13141E+11
Netherlands,2012,8.45689E+11
Netherlands,2013,8.83952E+11
Netherlands,2014,9.01557E+11
Netherlands,2015,7.75744E+11
Netherlands,2016,7.97164E+11
Netherlands,2017,8.48234E+11
Netherlands,2018,9.29734E+11
Netherlands,2019,9.28903E+11
Netherlands,2020,9.32561E+11
Netherlands,2021,1.05447E+12
Netherlands,2022,1.04654E+12
Netherlands,2023,1.13548E+12
Netherlands,2024,1.21493E+12
Norway,1960,5197398721
Norway,1961,5669689210
Norway,1962,6107076929
Norway,1963,6553269536
Norway,1964,7206522122
Norway,1965,8111945661
Norway,1966,8753940267
Norway,1967,9577383653
Norway,1968,10227087165
Norway,1969,11136187440
Norway,1970,12814123115
Norway,1971,14583114840
Norway,1972,17358610850
Norway,1973,22534253703
Norway,1974,27145693810
Norway,1975,32877805200
Norway,1976,35942270686
Norway,1977,41508030431
Norway,1978,46522900254
Norway,1979,53132244624
Norway,1980,64439382896
Norway,1981,63596654761
Norway,1982,62647195538
Norway,1983,61627240831
Norway,1984,62057955033
Norway,1985,65416879914
Norway,1986,78693118044
Norway,1987,94229907236
Norway,1988,1.019E+11
Norway,1989,1.02634E+11
Norway,1990,1.19792E+11
Norway,1991,1.21872E+11
Norway,1992,1.30838E+11
Norway,1993,1.20579E+11
Norway,1994,1.27131E+11
Norway,1995,1.5203E+11
Norway,1996,1.6352E+11
Norway,1997,1.61357E+11
Norway,1998,1.5423E+11
Norway,1999,1.62384E+11
Norway,2000,1.71457E+11
Norway,2001,1.74239E+11
Norway,2002,1.95915E+11
Norway,2003,2.29385E+11
Norway,2004,2.65269E+11
Norway,2005,3.09979E+11
Norway,2006,3.46915E+11
Norway,2007,4.02643E+11
Norway,2008,4.64918E+11
Norway,2009,3.87976E+11
Norway,2010,4.31052E+11
Norway,2011,5.01361E+11
Norway,2012,5.12777E+11
Norway,2013,5.26014E+11
Norway,2014,5.01736E+11
Norway,2015,3.8816E+11
Norway,2016,3.70957E+11
Norway,2017,4.01745E+11
Norway,2018,4.39789E+11
Norway,2019,4.08743E+11
Norway,2020,3.67633E+11
Norway,2021,5.03368E+11
Norway,2022,5.96298E+11
Norway,2023,4.8295E+11
Norway,2024,4.83593E+11
Nepal,1960,508334414
Nepal,1961,531959561.6
Nepal,1962,574091101.2
Nepal,1963,496947904.4
Nepal,1964,496098775.3
Nepal,1965,735267082.3
Nepal,1966,906811943.8
Nepal,1967,841974025.5
Nepal,1968,772231386.9
Nepal,1969,788641965.4
Nepal,1970,865975308.6
Nepal,1971,882765471.6
Nepal,1972,1024098400
Nepal,1973,972101725
Nepal,1974,1217953547
Nepal,1975,1575789254
Nepal,1976,1452788985
Nepal,1977,1382400000
Nepal,1978,1604162497
Nepal,1979,1851250008
Nepal,1980,1945916583
Nepal,1981,2275583317
Nepal,1982,2395423742
Nepal,1983,2447174803
Nepal,1984,2581207388
Nepal,1985,2619913956
Nepal,1986,2850782044
Nepal,1987,2957255380
Nepal,1988,3487009748
Nepal,1989,3525225787
Nepal,1990,3627560239
Nepal,1991,3921476085
Nepal,1992,3401211581
Nepal,1993,3660041667
Nepal,1994,4066775510
Nepal,1995,4401104418
Nepal,1996,4521580381
Nepal,1997,4918691917
Nepal,1998,4856255044
Nepal,1999,5033642384
Nepal,2000,5494252208
Nepal,2001,6007055042
Nepal,2002,6050875807
Nepal,2003,6330473097
Nepal,2004,7273938315
Nepal,2005,8130258378
Nepal,2006,9043715356
Nepal,2007,10325618017
Nepal,2008,12545438605
Nepal,2009,12854985464
Nepal,2010,16002656434
Nepal,2011,21573872421
Nepal,2012,21703100877
Nepal,2013,22162204925
Nepal,2014,22731612922
Nepal,2015,24360801287
Nepal,2016,24524109484
Nepal,2017,28971588940
Nepal,2018,33111525237
Nepal,2019,34186180699
Nepal,2020,33433659301
Nepal,2021,36924841394
Nepal,2022,41182939601
Nepal,2023,41047772331
Nepal,2024,42914268287
Nauru,1970,17570366.22
Nauru,1971,19009433.31
Nauru,1972,21734268.69
Nauru,1973,26529816.78
Nauru,1974,35994511.42
Nauru,1975,40106775.91
Nauru,1976,40287427.2
Nauru,1977,40444701.77
Nauru,1978,41754147.3
Nauru,1979,44431330.23
Nauru,1980,46947124.23
Nauru,1981,51689636.6
Nauru,1982,52877742.47
Nauru,1983,48439093.12
Nauru,1984,47363231.3
Nauru,1985,41548740.51
Nauru,1986,39939390.74
Nauru,1987,40118409.87
Nauru,1988,45931133.59
Nauru,1989,53736786.09
Nauru,1990,55572375.53
Nauru,1991,52533788.56
Nauru,1992,51133123.13
Nauru,1993,43542088.25
Nauru,1994,39742511.24
Nauru,1995,39969705.97
Nauru,1996,37458801.21
Nauru,1997,37331507.28
Nauru,1998,29664450.93
Nauru,1999,27328612.61
Nauru,2000,26930980.34
Nauru,2001,22613287.54
Nauru,2002,21017423.61
Nauru,2003,24778159.58
Nauru,2004,30587565.8
Nauru,2005,30070666.07
Nauru,2006,29200359.39
Nauru,2007,22766972.19
Nauru,2008,37602264.73
Nauru,2009,44176245.55
Nauru,2010,47562844.61
Nauru,2011,65071879.78
Nauru,2012,101055723
Nauru,2013,94385014.94
Nauru,2014,99149244.4
Nauru,2015,84863440.58
Nauru,2016,97541943.04
Nauru,2017,109355638.9
Nauru,2018,130995566.3
Nauru,2019,125160115.5
Nauru,2020,124685688.2
Nauru,2021,175390280.7
Nauru,2022,152373433.9
Nauru,2023,151435609.6
Nauru,2024,162588620.6
New Zealand,1960,5536098360
New Zealand,1961,5721994864
New Zealand,1962,6133158532
New Zealand,1963,6699741645
New Zealand,1964,7340766415
New Zealand,1965,5706251400
New Zealand,1966,5917437693
New Zealand,1967,6016017227
New Zealand,1968,5228045415
New Zealand,1969,5814357709
New Zealand,1970,6495605331
New Zealand,1971,7911136757
New Zealand,1972,9567331065
New Zealand,1973,12802281898
New Zealand,1974,13940981798
New Zealand,1975,12861983284
New Zealand,1976,13604832424
New Zealand,1977,15446825318
New Zealand,1978,18530518395
New Zealand,1979,20731243113
New Zealand,1980,23244547385
New Zealand,1981,24417617184
New Zealand,1982,24164603059
New Zealand,1983,24309279706
New Zealand,1984,21665975319
New Zealand,1985,24679795396
New Zealand,1986,30604668357
New Zealand,1987,40376354070
New Zealand,1988,45176811594
New Zealand,1989,43920222525
New Zealand,1990,45495129385
New Zealand,1991,42745329732
New Zealand,1992,41649829860
New Zealand,1993,46775620817
New Zealand,1994,55314732279
New Zealand,1995,63918703507
New Zealand,1996,70140835299
New Zealand,1997,66075143415
New Zealand,1998,56227169851
New Zealand,1999,58762260626
New Zealand,2000,52623281957
New Zealand,2001,53872425917
New Zealand,2002,66627729311
New Zealand,2003,88250885550
New Zealand,2004,1.03905E+11
New Zealand,2005,1.1472E+11
New Zealand,2006,1.11539E+11
New Zealand,2007,1.37189E+11
New Zealand,2008,1.33437E+11
New Zealand,2009,1.21663E+11
New Zealand,2010,1.46888E+11
New Zealand,2011,1.68485E+11
New Zealand,2012,1.76561E+11
New Zealand,2013,1.91012E+11
New Zealand,2014,2.01518E+11
New Zealand,2015,1.78224E+11
New Zealand,2016,1.891E+11
New Zealand,2017,2.06746E+11
New Zealand,2018,2.11986E+11
New Zealand,2019,2.13006E+11
New Zealand,2020,2.1303E+11
New Zealand,2021,2.53978E+11
New Zealand,2022,2.4951E+11
New Zealand,2023,2.55195E+11
New Zealand,2024,2.60172E+11
OECD members,1960,1.0615E+12
OECD members,1961,1.13213E+12
OECD members,1962,1.22416E+12
OECD members,1963,1.31761E+12
OECD members,1964,1.44185E+12
OECD members,1965,1.56649E+12
OECD members,1966,1.71494E+12
OECD members,1967,1.8329E+12
OECD members,1968,1.98802E+12
OECD members,1969,2.19083E+12
OECD members,1970,2.40043E+12
OECD members,1971,2.65938E+12
OECD members,1972,3.08899E+12
OECD members,1973,3.73908E+12
OECD members,1974,4.1942E+12
OECD members,1975,4.70021E+12
OECD members,1976,5.0931E+12
OECD members,1977,5.74406E+12
OECD members,1978,6.91445E+12
OECD members,1979,7.98284E+12
OECD members,1980,8.86595E+12
OECD members,1981,9.02819E+12
OECD members,1982,8.88851E+12
OECD members,1983,9.18852E+12
OECD members,1984,9.604E+12
OECD members,1985,1.01102E+13
OECD members,1986,1.22534E+13
OECD members,1987,1.4192E+13
OECD members,1988,1.60016E+13
OECD members,1989,1.67409E+13
OECD members,1990,1.88528E+13
OECD members,1991,1.99623E+13
OECD members,1992,2.14768E+13
OECD members,1993,2.18101E+13
OECD members,1994,2.33172E+13
OECD members,1995,2.57753E+13
OECD members,1996,2.59985E+13
OECD members,1997,2.5613E+13
OECD members,1998,2.57976E+13
OECD members,1999,2.71067E+13
OECD members,2000,2.77109E+13
OECD members,2001,2.74573E+13
OECD members,2002,2.86478E+13
OECD members,2003,3.20445E+13
OECD members,2004,3.56799E+13
OECD members,2005,3.77413E+13
OECD members,2006,3.98314E+13
OECD members,2007,4.36147E+13
OECD members,2008,4.63103E+13
OECD members,2009,4.33307E+13
OECD members,2010,4.54542E+13
OECD members,2011,4.89075E+13
OECD members,2012,4.88484E+13
OECD members,2013,4.95137E+13
OECD members,2014,5.05443E+13
OECD members,2015,4.76472E+13
OECD members,2016,4.85525E+13
OECD members,2017,5.06967E+13
OECD members,2018,5.36521E+13
OECD members,2019,5.41687E+13
OECD members,2020,5.28516E+13
OECD members,2021,5.90248E+13
OECD members,2022,6.05882E+13
OECD members,2023,6.46489E+13
OECD members,2024,6.75001E+13
Oman,1960,44234656.45
Oman,1961,45634487.35
Oman,1962,56273202.2
Oman,1963,59912762.54
Oman,1964,61872525.8
Oman,1965,63279974.69
Oman,1966,67759972.9
Oman,1967,107151832.5
Oman,1968,188879848.9
Oman,1969,239999808
Oman,1970,256319794.9
Oman,1971,301010587.1
Oman,1972,366883548.3
Oman,1973,483066990.6
Oman,1974,1645917776
Oman,1975,2096699189
Oman,1976,2560220035
Oman,1977,2741169948
Oman,1978,2740301390
Oman,1979,3733352635
Oman,1980,5981760278
Oman,1981,7259120151
Oman,1982,7554719456
Oman,1983,7932541691
Oman,1984,8821443151
Oman,1985,10005645420
Oman,1986,7324167369
Oman,1987,7811183095
Oman,1988,8386215865
Oman,1989,9372171651
Oman,1990,13310273082
Oman,1991,12918335501
Oman,1992,14183615085
Oman,1993,14230429129
Oman,1994,14715214564
Oman,1995,15722236671
Oman,1996,17402080624
Oman,1997,18039791938
Oman,1998,16044213264
Oman,1999,17832769831
Oman,2000,22259557867
Oman,2001,22205721717
Oman,2002,23065539662
Oman,2003,24733680104
Oman,2004,28378933680
Oman,2005,35506892068
Oman,2006,42577633290
Oman,2007,48300390117
Oman,2008,69804681404
Oman,2009,55454096229
Oman,2010,64993498049
Oman,2011,77497529259
Oman,2012,87408842653
Oman,2013,89936020806
Oman,2014,92699089727
Oman,2015,78710793238
Oman,2016,75128738622
Oman,2017,80856697009
Oman,2018,91505851756
Oman,2019,88060858257
Oman,2020,75909492848
Oman,2021,87323797139
Oman,2022,1.09853E+11
Oman,2023,1.06175E+11
Oman,2024,1.07137E+11
Other small states,1975,7536675204
Other small states,1976,8756552569
Other small states,1977,10751088166
Other small states,1978,12466371861
Other small states,1979,16393627219
Other small states,1980,24469509824
Other small states,1981,22822814057
Other small states,1982,21876317951
Other small states,1983,20072665046
Other small states,1984,19829824800
Other small states,1985,19321547628
Other small states,1986,19271096442
Other small states,1987,24115018695
Other small states,1988,25998041841
Other small states,1989,26569541981
Other small states,1990,31954015146
Other small states,1991,33550913339
Other small states,1992,36340445475
Other small states,1993,34799288269
Other small states,1994,36855488520
Other small states,1995,43750838198
Other small states,1996,44988678306
Other small states,1997,45001855691
Other small states,1998,45175657738
Other small states,1999,47126365701
Other small states,2000,47447997553
Other small states,2001,47626338324
Other small states,2002,52120882271
Other small states,2003,64819023763
Other small states,2004,76946971608
Other small states,2005,86284116802
Other small states,2006,95906051122
Other small states,2007,1.15441E+11
Other small states,2008,1.25085E+11
Other small states,2009,1.07801E+11
Other small states,2010,1.12787E+11
Other small states,2011,1.28764E+11
Other small states,2012,1.25761E+11
Other small states,2013,1.30969E+11
Other small states,2014,1.35416E+11
Other small states,2015,1.21434E+11
Other small states,2016,1.28159E+11
Other small states,2017,1.43285E+11
Other small states,2018,1.58074E+11
Other small states,2019,1.5853E+11
Other small states,2020,1.46158E+11
Other small states,2021,1.72038E+11
Other small states,2022,1.8186E+11
Other small states,2023,1.96616E+11
Other small states,2024,2.08127E+11
Pakistan,1960,3749265015
Pakistan,1961,4118647627
Pakistan,1962,4310163797
Pakistan,1963,4630827383
Pakistan,1964,5204955901
Pakistan,1965,5929231415
Pakistan,1966,6561108778
Pakistan,1967,7464510710
Pakistan,1968,8041999160
Pakistan,1969,8683116338
Pakistan,1970,10027509450
Pakistan,1971,10665896682
Pakistan,1972,9415016360
Pakistan,1973,6383429490
Pakistan,1974,8899191919
Pakistan,1975,11230606061
Pakistan,1976,13168080808
Pakistan,1977,15126060606
Pakistan,1978,17811515152
Pakistan,1979,19688383838
Pakistan,1980,23654444444
Pakistan,1981,28100606061
Pakistan,1982,30725971564
Pakistan,1983,28691889764
Pakistan,1984,31151825467
Pakistan,1985,31144920844
Pakistan,1986,31899070056
Pakistan,1987,33351529275
Pakistan,1988,38472742808
Pakistan,1989,40171106279
Pakistan,1990,40010423970
Pakistan,1991,45625336680
Pakistan,1992,48884671947
Pakistan,1993,51809999353
Pakistan,1994,52293470813
Pakistan,1995,60636071684
Pakistan,1996,63320170084
Pakistan,1997,62433340468
Pakistan,1998,62191955814
Pakistan,1999,62973857069
Pakistan,2000,99484802345
Pakistan,2001,97145618480
Pakistan,2002,97923302809
Pakistan,2003,1.12372E+11
Pakistan,2004,1.32216E+11
Pakistan,2005,1.45209E+11
Pakistan,2006,1.61871E+11
Pakistan,2007,1.84141E+11
Pakistan,2008,2.02204E+11
Pakistan,2009,1.87338E+11
Pakistan,2010,1.9671E+11
Pakistan,2011,2.30587E+11
Pakistan,2012,2.50107E+11
Pakistan,2013,2.58657E+11
Pakistan,2014,2.7139E+11
Pakistan,2015,2.99964E+11
Pakistan,2016,3.1363E+11
Pakistan,2017,3.39206E+11
Pakistan,2018,3.56128E+11
Pakistan,2019,3.20909E+11
Pakistan,2020,3.00426E+11
Pakistan,2021,3.48517E+11
Pakistan,2022,3.7489E+11
Pakistan,2023,3.36686E+11
Pakistan,2024,3.7157E+11
Panama,1960,537147100
Panama,1961,599026300
Panama,1962,652120900
Panama,1963,722784500
Panama,1964,776137500
Panama,1965,852485300
Panama,1966,928833000
Panama,1967,1034376400
Panama,1968,1112791100
Panama,1969,1221305700
Panama,1970,1351006400
Panama,1971,1523917200
Panama,1972,1673411700
Panama,1973,1913793400
Panama,1974,2188307600
Panama,1975,2435304100
Panama,1976,2588106000
Panama,1977,2738261900
Panama,1978,3244558600
Panama,1979,3704551600
Panama,1980,4614086400
Panama,1981,5222421500
Panama,1982,5769767900
Panama,1983,5923755900
Panama,1984,6183387100
Panama,1985,6541517100
Panama,1986,6797834200
Panama,1987,6827665300
Panama,1988,5902783400
Panama,1989,5918469800
Panama,1990,6433967000
Panama,1991,7074675500
Panama,1992,8042337700
Panama,1993,8782585400
Panama,1994,9365289800
Panama,1995,9573813700
Panama,1996,9197503323
Panama,1997,10058854386
Panama,1998,11019557689
Panama,1999,11660704777
Panama,2000,11966497049
Panama,2001,12252906341
Panama,2002,12800851271
Panama,2003,13603456003
Panama,2004,15100203362
Panama,2005,16623906739
Panama,2006,18659721513
Panama,2007,21717433808
Panama,2008,25721327955
Panama,2009,27791215547
Panama,2010,30231009533
Panama,2011,35687738252
Panama,2012,41595439721
Panama,2013,46949496479
Panama,2014,51427104882
Panama,2015,55767806073
Panama,2016,59760858718
Panama,2017,64327688826
Panama,2018,67316471181
Panama,2019,69778991193
Panama,2020,57059846522
Panama,2021,67396392506
Panama,2022,76479304471
Panama,2023,83812155244
Panama,2024,86523959132
Peru,1960,2571986572
Peru,1961,2897852693
Peru,1962,3284322201
Peru,1963,3598272493
Peru,1964,4353664867
Peru,1965,5163008077
Peru,1966,6109048737
Peru,1967,6194340080
Peru,1968,5736083835
Peru,1969,6420909790
Peru,1970,7432223177
Peru,1971,8289582884
Peru,1972,9189413409
Peru,1973,10994381895
Peru,1974,13858441211
Peru,1975,16931162355
Peru,1976,16131958851
Peru,1977,14544913961
Peru,1978,12491876743
Peru,1979,15954012439
Peru,1980,18136838538
Peru,1981,21648214893
Peru,1982,21794535621
Peru,1983,17345260564
Peru,1984,17600400385
Peru,1985,15078736875
Peru,1986,21859448586
Peru,1987,36889706593
Peru,1988,15439408447
Peru,1989,22499558526
Peru,1990,26410386963
Peru,1991,34341465998
Peru,1992,35966302303
Peru,1993,34832077221
Peru,1994,44882079767
Peru,1995,53312793687
Peru,1996,55252414130
Peru,1997,58147522523
Peru,1998,55501467877
Peru,1999,50187324568
Peru,2000,51744749133
Peru,2001,52030158775
Peru,2002,54777553515
Peru,2003,58731030122
Peru,2004,66768703498
Peru,2005,76060606061
Peru,2006,88643193062
Peru,2007,1.02171E+11
Peru,2008,1.20551E+11
Peru,2009,1.20823E+11
Peru,2010,1.47528E+11
Peru,2011,1.71762E+11
Peru,2012,1.9265E+11
Peru,2013,2.01176E+11
Peru,2014,2.00786E+11
Peru,2015,1.89803E+11
Peru,2016,1.91898E+11
Peru,2017,2.11008E+11
Peru,2018,2.22597E+11
Peru,2019,2.28346E+11
Peru,2020,2.0141E+11
Peru,2021,2.26329E+11
Peru,2022,2.46066E+11
Peru,2023,2.66959E+11
Peru,2024,2.89222E+11
Philippines,1960,7515894111
Philippines,1961,8171194425
Philippines,1962,4954593072
Philippines,1963,5505023238
Philippines,1964,5953756195
Philippines,1965,6517349772
Philippines,1966,7189017888
Philippines,1967,7724873935
Philippines,1968,8632749269
Philippines,1969,9571800653
Philippines,1970,7559115517
Philippines,1971,8375075630
Philippines,1972,9067815521
Philippines,1973,11412449735
Philippines,1974,15607882555
Philippines,1975,16875240684
Philippines,1976,19381055197
Philippines,1977,22283109803
Philippines,1978,25762224563
Philippines,1979,31218296292
Philippines,1980,36848080899
Philippines,1981,40499388869
Philippines,1982,42206011275
Philippines,1983,37759179895
Philippines,1984,35730185634
Philippines,1985,34961486348
Philippines,1986,33987207295
Philippines,1987,37791488666
Philippines,1988,43152128959
Philippines,1989,48513773721
Philippines,1990,50508286642
Philippines,1991,51784144943
Philippines,1992,60422328242
Philippines,1993,62036529147
Philippines,1994,73159336915
Philippines,1995,84644328727
Philippines,1996,94648084429
Philippines,1997,94106317565
Philippines,1998,74492416330
Philippines,1999,85640171045
Philippines,2000,83669788377
Philippines,2001,78921234458
Philippines,2002,84307345888
Philippines,2003,87039092974
Philippines,2004,95001999685
Philippines,2005,1.0742E+11
Philippines,2006,1.27653E+11
Philippines,2007,1.5598E+11
Philippines,2008,1.81625E+11
Philippines,2009,1.75975E+11
Philippines,2010,2.08369E+11
Philippines,2011,2.34217E+11
Philippines,2012,2.61921E+11
Philippines,2013,2.83903E+11
Philippines,2014,2.97484E+11
Philippines,2015,3.06446E+11
Philippines,2016,3.18627E+11
Philippines,2017,3.28481E+11
Philippines,2018,3.46842E+11
Philippines,2019,3.76823E+11
Philippines,2020,3.61751E+11
Philippines,2021,3.94087E+11
Philippines,2022,4.04353E+11
Philippines,2023,4.37056E+11
Philippines,2024,4.61618E+11
Palau,1970,11563041
Palau,1971,12706874
Palau,1972,13956474
Palau,1973,15331889
Palau,1974,16848759
Palau,1975,18521112
Palau,1976,20364420
Palau,1977,22308104
Palau,1978,24530015
Palau,1979,27004251
Palau,1980,29728054
Palau,1981,32726594
Palau,1982,36027583
Palau,1983,39661530
Palau,1984,44814259
Palau,1985,51030637
Palau,1986,58109314
Palau,1987,66169905
Palau,1988,75348615
Palau,1989,85800543
Palau,1990,97702303
Palau,1991,106555300
Palau,1992,104771300
Palau,1993,96455700
Palau,1994,106138500
Palau,1995,121018500
Palau,1996,137494600
Palau,1997,143860800
Palau,1998,149079600
Palau,1999,144206500
Palau,2000,149551483.2
Palau,2001,159446228
Palau,2002,162658721.9
Palau,2003,154566787.7
Palau,2004,166363739
Palau,2005,190961685.2
Palau,2006,193611358.6
Palau,2007,200789764.4
Palau,2008,201067733.8
Palau,2009,189854705.8
Palau,2010,188042373.7
Palau,2011,198742370.6
Palau,2012,215616882.3
Palau,2013,224110611
Palau,2014,245591095
Palau,2015,287057525.6
Palau,2016,305227020.3
Palau,2017,292148590.1
Palau,2018,287998352.1
Palau,2019,282041290.3
Palau,2020,261688507.1
Palau,2021,231343460.1
Palau,2022,243826812.7
Palau,2023,276733062.7
Papua New Guinea,1960,230496036.9
Papua New Guinea,1961,244832039.2
Papua New Guinea,1962,261184041.8
Papua New Guinea,1963,275968044.2
Papua New Guinea,1964,305312048.8
Papua New Guinea,1965,344176055.1
Papua New Guinea,1966,390992062.6
Papua New Guinea,1967,441728182.7
Papua New Guinea,1968,485184189.6
Papua New Guinea,1969,551263864.2
Papua New Guinea,1970,645568215.3
Papua New Guinea,1971,717750278.1
Papua New Guinea,1972,858761926.1
Papua New Guinea,1973,1299079410
Papua New Guinea,1974,1467417672
Papua New Guinea,1975,1356603608
Papua New Guinea,1976,1511843235
Papua New Guinea,1977,1640746619
Papua New Guinea,1978,1947878831
Papua New Guinea,1979,2293760511
Papua New Guinea,1980,2545808456
Papua New Guinea,1981,2498190847
Papua New Guinea,1982,2368719683
Papua New Guinea,1983,2562351551
Papua New Guinea,1984,2552662617
Papua New Guinea,1985,2423339172
Papua New Guinea,1986,2647995602
Papua New Guinea,1987,3143851794
Papua New Guinea,1988,3656177881
Papua New Guinea,1989,3546472566
Papua New Guinea,1990,3219729083
Papua New Guinea,1991,3787394958
Papua New Guinea,1992,4377980510
Papua New Guinea,1993,4974550286
Papua New Guinea,1994,5502786070
Papua New Guinea,1995,4636057476
Papua New Guinea,1996,5155311077
Papua New Guinea,1997,4936615299
Papua New Guinea,1998,3789443015
Papua New Guinea,1999,3477038204
Papua New Guinea,2000,3521339699
Papua New Guinea,2001,3081024212
Papua New Guinea,2002,2999511040
Papua New Guinea,2003,3536411824
Papua New Guinea,2004,3927157867
Papua New Guinea,2005,4865892972
Papua New Guinea,2006,8354911041
Papua New Guinea,2007,9545028944
Papua New Guinea,2008,11670892801
Papua New Guinea,2009,11619456449
Papua New Guinea,2010,14250786675
Papua New Guinea,2011,17985138066
Papua New Guinea,2012,21295168666
Papua New Guinea,2013,21261338065
Papua New Guinea,2014,23210823987
Papua New Guinea,2015,21723437010
Papua New Guinea,2016,20758876953
Papua New Guinea,2017,22742699138
Papua New Guinea,2018,24109780708
Papua New Guinea,2019,24750626030
Papua New Guinea,2020,23848447850
Papua New Guinea,2021,26109413521
Papua New Guinea,2022,31653185953
Papua New Guinea,2023,30816367067
Papua New Guinea,2024,31800428266
Poland,1990,65977748211
Poland,1991,85500935935
Poland,1992,94337050693
Poland,1993,96043157273
Poland,1994,1.10804E+11
Poland,1995,1.42839E+11
Poland,1996,1.60813E+11
Poland,1997,1.59894E+11
Poland,1998,1.75282E+11
Poland,1999,1.70704E+11
Poland,2000,1.72954E+11
Poland,2001,1.91823E+11
Poland,2002,1.99694E+11
Poland,2003,2.18561E+11
Poland,2004,2.56269E+11
Poland,2005,3.07E+11
Poland,2006,3.45898E+11
Poland,2007,4.29715E+11
Poland,2008,5.35612E+11
Poland,2009,4.40891E+11
Poland,2010,4.78112E+11
Poland,2011,5.27849E+11
Poland,2012,4.98149E+11
Poland,2013,5.1818E+11
Poland,2014,5.42134E+11
Poland,2015,4.80054E+11
Poland,2016,4.7326E+11
Poland,2017,5.28357E+11
Poland,2018,5.94617E+11
Poland,2019,6.02684E+11
Poland,2020,6.05914E+11
Poland,2021,6.8917E+11
Poland,2022,6.95607E+11
Poland,2023,8.12451E+11
Poland,2024,9.17767E+11
Pre-demographic dividend,1960,24364156194
Pre-demographic dividend,1961,25256725916
Pre-demographic dividend,1962,27666238152
Pre-demographic dividend,1963,31983402735
Pre-demographic dividend,1964,30268695832
Pre-demographic dividend,1965,33350877902
Pre-demographic dividend,1966,36463686476
Pre-demographic dividend,1967,34694458408
Pre-demographic dividend,1968,37417938618
Pre-demographic dividend,1969,42086630831
Pre-demographic dividend,1970,47414033707
Pre-demographic dividend,1971,46895053548
Pre-demographic dividend,1972,55102867456
Pre-demographic dividend,1973,67902484336
Pre-demographic dividend,1974,93597653616
Pre-demographic dividend,1975,1.06608E+11
Pre-demographic dividend,1976,1.24631E+11
Pre-demographic dividend,1977,1.37555E+11
Pre-demographic dividend,1978,1.56118E+11
Pre-demographic dividend,1979,1.92717E+11
Pre-demographic dividend,1980,2.38217E+11
Pre-demographic dividend,1981,3.25165E+11
Pre-demographic dividend,1982,3.08203E+11
Pre-demographic dividend,1983,2.55682E+11
Pre-demographic dividend,1984,2.38958E+11
Pre-demographic dividend,1985,2.47848E+11
Pre-demographic dividend,1986,2.14951E+11
Pre-demographic dividend,1987,2.31284E+11
Pre-demographic dividend,1988,2.42239E+11
Pre-demographic dividend,1989,2.44959E+11
Pre-demographic dividend,1990,3.97041E+11
Pre-demographic dividend,1991,2.24731E+11
Pre-demographic dividend,1992,1.74865E+11
Pre-demographic dividend,1993,1.82711E+11
Pre-demographic dividend,1994,1.90512E+11
Pre-demographic dividend,1995,2.80322E+11
Pre-demographic dividend,1996,3.39779E+11
Pre-demographic dividend,1997,3.72343E+11
Pre-demographic dividend,1998,3.94008E+11
Pre-demographic dividend,1999,2.45466E+11
Pre-demographic dividend,2000,2.83218E+11
Pre-demographic dividend,2001,2.69596E+11
Pre-demographic dividend,2002,3.12135E+11
Pre-demographic dividend,2003,3.40469E+11
Pre-demographic dividend,2004,4.24234E+11
Pre-demographic dividend,2005,5.31122E+11
Pre-demographic dividend,2006,6.68501E+11
Pre-demographic dividend,2007,8.08147E+11
Pre-demographic dividend,2008,1.00876E+12
Pre-demographic dividend,2009,9.14568E+11
Pre-demographic dividend,2010,1.06903E+12
Pre-demographic dividend,2011,1.23691E+12
Pre-demographic dividend,2012,1.3462E+12
Pre-demographic dividend,2013,1.47656E+12
Pre-demographic dividend,2014,1.56425E+12
Pre-demographic dividend,2015,1.32763E+12
Pre-demographic dividend,2016,1.1788E+12
Pre-demographic dividend,2017,1.2326E+12
Pre-demographic dividend,2018,1.37202E+12
Pre-demographic dividend,2019,1.63463E+12
Pre-demographic dividend,2020,1.49428E+12
Pre-demographic dividend,2021,1.63393E+12
Pre-demographic dividend,2022,1.86079E+12
Pre-demographic dividend,2023,1.68024E+12
Pre-demographic dividend,2024,1.5108E+12
Puerto Rico (US),1960,1691900000
Puerto Rico (US),1961,1865100000
Puerto Rico (US),1962,2094400000
Puerto Rico (US),1963,2333600000
Puerto Rico (US),1964,2570500000
Puerto Rico (US),1965,2881500000
Puerto Rico (US),1966,3170500000
Puerto Rico (US),1967,3532700000
Puerto Rico (US),1968,3941700000
Puerto Rico (US),1969,4460700000
Puerto Rico (US),1970,5034700000
Puerto Rico (US),1971,5646800000
Puerto Rico (US),1972,6328900000
Puerto Rico (US),1973,7002400000
Puerto Rico (US),1974,7684800000
Puerto Rico (US),1975,8198300000
Puerto Rico (US),1976,8968600000
Puerto Rico (US),1977,9910900000
Puerto Rico (US),1978,11165000000
Puerto Rico (US),1979,12750000000
Puerto Rico (US),1980,14436100000
Puerto Rico (US),1981,15955700000
Puerto Rico (US),1982,16764200000
Puerto Rico (US),1983,17276600000
Puerto Rico (US),1984,19162600000
Puerto Rico (US),1985,20289200000
Puerto Rico (US),1986,22009300000
Puerto Rico (US),1987,24025800000
Puerto Rico (US),1988,26385800000
Puerto Rico (US),1989,28161200000
Puerto Rico (US),1990,30603919000
Puerto Rico (US),1991,32287031000
Puerto Rico (US),1992,34630430000
Puerto Rico (US),1993,36922456000
Puerto Rico (US),1994,39690630000
Puerto Rico (US),1995,42647331000
Puerto Rico (US),1996,45340835000
Puerto Rico (US),1997,48187039000
Puerto Rico (US),1998,54086400000
Puerto Rico (US),1999,57841000000
Puerto Rico (US),2000,61701800000
Puerto Rico (US),2001,69208400000
Puerto Rico (US),2002,71623500000
Puerto Rico (US),2003,74827400000
Puerto Rico (US),2004,80322313000
Puerto Rico (US),2005,83914521300
Puerto Rico (US),2006,87276164400
Puerto Rico (US),2007,89524131600
Puerto Rico (US),2008,93639300000
Puerto Rico (US),2009,96385600000
Puerto Rico (US),2010,98381300000
Puerto Rico (US),2011,1.00352E+11
Puerto Rico (US),2012,1.01565E+11
Puerto Rico (US),2013,1.0245E+11
Puerto Rico (US),2014,1.02446E+11
Puerto Rico (US),2015,1.03376E+11
Puerto Rico (US),2016,1.04337E+11
Puerto Rico (US),2017,1.03446E+11
Puerto Rico (US),2018,1.00958E+11
Puerto Rico (US),2019,1.05126E+11
Puerto Rico (US),2020,1.03131E+11
Puerto Rico (US),2021,1.06427E+11
Puerto Rico (US),2022,1.13844E+11
Puerto Rico (US),2023,1.18479E+11
Puerto Rico (US),2024,1.2603E+11
Portugal,1960,3339150158
Portugal,1961,3573719085
Portugal,1962,3835883663
Portugal,1963,4084251593
Portugal,1964,4429202657
Portugal,1965,4901711248
Portugal,1966,5370108031
Portugal,1967,6002607030
Portugal,1968,6644693214
Portugal,1969,7287555035
Portugal,1970,8108235704
Portugal,1971,9201604240
Portugal,1972,11239117865
Portugal,1973,15090564186
Portugal,1974,17512391476
Portugal,1975,19347607843
Portugal,1976,20332831565
Portugal,1977,21439523311
Portugal,1978,23487614051
Portugal,1979,26622819672
Portugal,1980,32896519824
Portugal,1981,31977276873
Portugal,1982,30527754793
Portugal,1983,27239650742
Portugal,1984,25217969050
Portugal,1985,27115807742
Portugal,1986,38745901354
Portugal,1987,48182925857
Portugal,1988,56347250696
Portugal,1989,60594092182
Portugal,1990,78713860217
Portugal,1991,89233599278
Portugal,1992,1.07592E+11
Portugal,1993,95009751901
Portugal,1994,99688641304
Portugal,1995,1.18122E+11
Portugal,1996,1.2263E+11
Portugal,1997,1.17017E+11
Portugal,1998,1.23946E+11
Portugal,1999,1.2747E+11
Portugal,2000,1.18605E+11
Portugal,2001,1.21604E+11
Portugal,2002,1.34796E+11
Portugal,2003,1.65226E+11
Portugal,2004,1.89382E+11
Portugal,2005,1.97254E+11
Portugal,2006,2.08756E+11
Portugal,2007,2.40496E+11
Portugal,2008,2.63416E+11
Portugal,2009,2.44668E+11
Portugal,2010,2.38444E+11
Portugal,2011,2.45427E+11
Portugal,2012,2.16537E+11
Portugal,2013,2.26677E+11
Portugal,2014,2.30079E+11
Portugal,2015,1.99039E+11
Portugal,2016,2.06305E+11
Portugal,2017,2.20863E+11
Portugal,2018,2.42093E+11
Portugal,2019,2.40116E+11
Portugal,2020,2.29619E+11
Portugal,2021,2.56056E+11
Portugal,2022,2.56899E+11
Portugal,2023,2.92324E+11
Portugal,2024,3.13271E+11
Paraguay,1960,288884368
Paraguay,1961,322053713.2
Paraguay,1962,360698412.7
Paraguay,1963,383904761.9
Paraguay,1964,408349206.3
Paraguay,1965,443587301.6
Paraguay,1966,465888888.9
Paraguay,1967,492674603.2
Paraguay,1968,517650793.7
Paraguay,1969,556293650.8
Paraguay,1970,594611111.1
Paraguay,1971,664571428.6
Paraguay,1972,769039682.5
Paraguay,1973,995531746
Paraguay,1974,1333475397
Paraguay,1975,1511420635
Paraguay,1976,1698960317
Paraguay,1977,2092158730
Paraguay,1978,2559857143
Paraguay,1979,3416777778
Paraguay,1980,4448087302
Paraguay,1981,5624515873
Paraguay,1982,5419411765
Paraguay,1983,5673248726
Paraguay,1984,4502462807
Paraguay,1985,3282449236
Paraguay,1986,3723993943
Paraguay,1987,3971044724
Paraguay,1988,4255683528
Paraguay,1989,4757732200
Paraguay,1990,5812114523
Paraguay,1991,6984367763
Paraguay,1992,7157424031
Paraguay,1993,7249533620
Paraguay,1994,7870982005
Paraguay,1995,9062131475
Paraguay,1996,9788391781
Paraguay,1997,9965225678
Paraguay,1998,9260481572
Paraguay,1999,8837070236
Paraguay,2000,8855705140
Paraguay,2001,8495806432
Paraguay,2002,7196260657
Paraguay,2003,7691367471
Paraguay,2004,9624440836
Paraguay,2005,10737500188
Paraguay,2006,13429430050
Paraguay,2007,17856393235
Paraguay,2008,24615267664
Paraguay,2009,22355151162
Paraguay,2010,27260886405
Paraguay,2011,33756238766
Paraguay,2012,33271921136
Paraguay,2013,38501122141
Paraguay,2014,40377929296
Paraguay,2015,36211447840
Paraguay,2016,36089700223
Paraguay,2017,38997129474
Paraguay,2018,40225448341
Paraguay,2019,37925338329
Paraguay,2020,35432178068
Paraguay,2021,39950899939
Paraguay,2022,41952910858
Paraguay,2023,43118053175
Paraguay,2024,44458118397
West Bank and Gaza,1994,2843300000
West Bank and Gaza,1995,3282800000
West Bank and Gaza,1996,3409600000
West Bank and Gaza,1997,3759800000
West Bank and Gaza,1998,4067800000
West Bank and Gaza,1999,4271200000
West Bank and Gaza,2000,4313600000
West Bank and Gaza,2001,4003700000
West Bank and Gaza,2002,3555800000
West Bank and Gaza,2003,3968000000
West Bank and Gaza,2004,4603100000
West Bank and Gaza,2005,5125700000
West Bank and Gaza,2006,5348300000
West Bank and Gaza,2007,5815700000
West Bank and Gaza,2008,7310400000
West Bank and Gaza,2009,8085700000
West Bank and Gaza,2010,9681500000
West Bank and Gaza,2011,11186100000
West Bank and Gaza,2012,12208400000
West Bank and Gaza,2013,13515500000
West Bank and Gaza,2014,13989700000
West Bank and Gaza,2015,13972400000
West Bank and Gaza,2016,15405400000
West Bank and Gaza,2017,16128000000
West Bank and Gaza,2018,16276600000
West Bank and Gaza,2019,17133500000
West Bank and Gaza,2020,15531700000
West Bank and Gaza,2021,18109000000
West Bank and Gaza,2022,19165500000
West Bank and Gaza,2023,17847900000
West Bank and Gaza,2024,13711100000
Pacific island small states,1970,423802353.2
Pacific island small states,1971,477298982.4
Pacific island small states,1972,565885771.7
Pacific island small states,1973,757316230.7
Pacific island small states,1974,1027747650
Pacific island small states,1975,1136928462
Pacific island small states,1976,1137538860
Pacific island small states,1977,1196696801
Pacific island small states,1978,1371556833
Pacific island small states,1979,1652934749
Pacific island small states,1980,1890599862
Pacific island small states,1981,1955541041
Pacific island small states,1982,1925494376
Pacific island small states,1983,1843535003
Pacific island small states,1984,1938376709
Pacific island small states,1985,1862560930
Pacific island small states,1986,2030345447
Pacific island small states,1987,1986467978
Pacific island small states,1988,2046486236
Pacific island small states,1989,2132424515
Pacific island small states,1990,2385132399
Pacific island small states,1991,2529727433
Pacific island small states,1992,2776997612
Pacific island small states,1993,2916179027
Pacific island small states,1994,3414639448
Pacific island small states,1995,3704482553
Pacific island small states,1996,3969814413
Pacific island small states,1997,3979427588
Pacific island small states,1998,3430045709
Pacific island small states,1999,3741318814
Pacific island small states,2000,3444510978
Pacific island small states,2001,3387243162
Pacific island small states,2002,3551511825
Pacific island small states,2003,4235417104
Pacific island small states,2004,4871855228
Pacific island small states,2005,5408552592
Pacific island small states,2006,5676286531
Pacific island small states,2007,6254737580
Pacific island small states,2008,6698070453
Pacific island small states,2009,6037139997
Pacific island small states,2010,6641384396
Pacific island small states,2011,7750253720
Pacific island small states,2012,8215475283
Pacific island small states,2013,8541905878
Pacific island small states,2014,9287744622
Pacific island small states,2015,9105865615
Pacific island small states,2016,9556119494
Pacific island small states,2017,10290493043
Pacific island small states,2018,10796141328
Pacific island small states,2019,10624838178
Pacific island small states,2020,9323221713
Pacific island small states,2021,9453908128
Pacific island small states,2022,10350119920
Pacific island small states,2023,11224282183
Pacific island small states,2024,12124739863
Post-demographic dividend,1960,1.03685E+12
Post-demographic dividend,1961,1.10453E+12
Post-demographic dividend,1962,1.19489E+12
Post-demographic dividend,1963,1.2856E+12
Post-demographic dividend,1964,1.40457E+12
Post-demographic dividend,1965,1.52739E+12
Post-demographic dividend,1966,1.67105E+12
Post-demographic dividend,1967,1.78581E+12
Post-demographic dividend,1968,1.93681E+12
Post-demographic dividend,1969,2.13371E+12
Post-demographic dividend,1970,2.34098E+12
Post-demographic dividend,1971,2.59863E+12
Post-demographic dividend,1972,3.01721E+12
Post-demographic dividend,1973,3.64903E+12
Post-demographic dividend,1974,4.07684E+12
Post-demographic dividend,1975,4.5689E+12
Post-demographic dividend,1976,4.95642E+12
Post-demographic dividend,1977,5.60099E+12
Post-demographic dividend,1978,6.74712E+12
Post-demographic dividend,1979,7.7528E+12
Post-demographic dividend,1980,8.57908E+12
Post-demographic dividend,1981,8.67849E+12
Post-demographic dividend,1982,8.63901E+12
Post-demographic dividend,1983,8.96548E+12
Post-demographic dividend,1984,9.36768E+12
Post-demographic dividend,1985,9.86268E+12
Post-demographic dividend,1986,1.20574E+13
Post-demographic dividend,1987,1.39796E+13
Post-demographic dividend,1988,1.5749E+13
Post-demographic dividend,1989,1.6447E+13
Post-demographic dividend,1990,1.84523E+13
Post-demographic dividend,1991,1.94637E+13
Post-demographic dividend,1992,2.08834E+13
Post-demographic dividend,1993,2.10353E+13
Post-demographic dividend,1994,2.25319E+13
Post-demographic dividend,1995,2.50037E+13
Post-demographic dividend,1996,2.51237E+13
Post-demographic dividend,1997,2.4632E+13
Post-demographic dividend,1998,2.47296E+13
Post-demographic dividend,1999,2.59797E+13
Post-demographic dividend,2000,2.64385E+13
Post-demographic dividend,2001,2.6184E+13
Post-demographic dividend,2002,2.73134E+13
Post-demographic dividend,2003,3.06287E+13
Post-demographic dividend,2004,3.40397E+13
Post-demographic dividend,2005,3.58321E+13
Post-demographic dividend,2006,3.77141E+13
Post-demographic dividend,2007,4.11694E+13
Post-demographic dividend,2008,4.36069E+13
Post-demographic dividend,2009,4.1066E+13
Post-demographic dividend,2010,4.28351E+13
Post-demographic dividend,2011,4.6024E+13
Post-demographic dividend,2012,4.59425E+13
Post-demographic dividend,2013,4.64138E+13
Post-demographic dividend,2014,4.73523E+13
Post-demographic dividend,2015,4.47675E+13
Post-demographic dividend,2016,4.57756E+13
Post-demographic dividend,2017,4.77345E+13
Post-demographic dividend,2018,5.06075E+13
Post-demographic dividend,2019,5.11074E+13
Post-demographic dividend,2020,4.99791E+13
Post-demographic dividend,2021,5.56675E+13
Post-demographic dividend,2022,5.69534E+13
Post-demographic dividend,2023,6.03422E+13
Post-demographic dividend,2024,6.27878E+13
French Polynesia,1965,176534588.4
French Polynesia,1966,215659453.6
French Polynesia,1967,220984367.6
French Polynesia,1968,259590074.5
French Polynesia,1969,242943783.1
French Polynesia,1970,254036000.8
French Polynesia,1971,296865513.7
French Polynesia,1972,326433558.1
French Polynesia,1973,431252938.1
French Polynesia,1974,555340842.9
French Polynesia,1975,690323388.5
French Polynesia,1976,732288906.3
French Polynesia,1977,793196378.7
French Polynesia,1978,1005569835
French Polynesia,1979,1215032464
French Polynesia,1980,1320416025
French Polynesia,1981,1234743073
French Polynesia,1982,1235897958
French Polynesia,1983,1284180701
French Polynesia,1984,1325515445
French Polynesia,1985,1448281228
French Polynesia,1986,2212028300
French Polynesia,1987,2677977163
French Polynesia,1988,2723496362
French Polynesia,1989,2731683484
French Polynesia,1990,3320159522
French Polynesia,1991,3410078968
French Polynesia,1992,3713785765
French Polynesia,1993,3544608548
French Polynesia,1994,3676123788
French Polynesia,1995,4186994249
French Polynesia,1996,4166072830
French Polynesia,1997,3762859093
French Polynesia,1998,3903186593
French Polynesia,1999,3911602004
French Polynesia,2000,3599845480
French Polynesia,2001,3573808556
French Polynesia,2002,3965405553
French Polynesia,2003,4927780607
French Polynesia,2004,5564109982
French Polynesia,2005,5705052135
French Polynesia,2006,5877997980
French Polynesia,2007,6631156406
French Polynesia,2008,7136741422
French Polynesia,2009,6584557974
French Polynesia,2010,6086644799
French Polynesia,2011,6203940037
French Polynesia,2012,5692858099
French Polynesia,2013,6031827123
French Polynesia,2014,6151996561
French Polynesia,2015,5325846362
French Polynesia,2016,5497036477
French Polynesia,2017,5833352693
French Polynesia,2018,6135116253
French Polynesia,2019,6022276196
French Polynesia,2020,5574821989
French Polynesia,2021,5994931236
French Polynesia,2022,5622688338
French Polynesia,2023,6137447783
French Polynesia,2024,6323716355
Qatar,1970,301791301.8
Qatar,1971,387703105.5
Qatar,1972,510262500.2
Qatar,1973,793885560
Qatar,1974,2401403227
Qatar,1975,2512773166
Qatar,1976,3284273987
Qatar,1977,3617564638
Qatar,1978,4052000413
Qatar,1979,5632962997
Qatar,1980,7829165262
Qatar,1981,8661263764
Qatar,1982,7596703214
Qatar,1983,6467582308
Qatar,1984,6704395824
Qatar,1985,6153296456
Qatar,1986,5053021951
Qatar,1987,5446428681
Qatar,1988,6038187033
Qatar,1989,6487912088
Qatar,1990,7360439423
Qatar,1991,6883516484
Qatar,1992,7646153984
Qatar,1993,7156593654
Qatar,1994,7374450769
Qatar,1995,8137911978
Qatar,1996,9059340385
Qatar,1997,11297802115
Qatar,1998,10255495027
Qatar,1999,12393131868
Qatar,2000,17759890110
Qatar,2001,17538461538
Qatar,2002,19363736264
Qatar,2003,23533791209
Qatar,2004,31734065934
Qatar,2005,44530494505
Qatar,2006,60882142857
Qatar,2007,79712087912
Qatar,2008,1.1527E+11
Qatar,2009,97798351648
Qatar,2010,1.23627E+11
Qatar,2011,1.67775E+11
Qatar,2012,1.86834E+11
Qatar,2013,1.98728E+11
Qatar,2014,2.06225E+11
Qatar,2015,1.6174E+11
Qatar,2016,1.51732E+11
Qatar,2017,1.61099E+11
Qatar,2018,1.83335E+11
Qatar,2019,1.76371E+11
Qatar,2020,1.44412E+11
Qatar,2021,1.79732E+11
Qatar,2022,2.35709E+11
Qatar,2023,2.17309E+11
Qatar,2024,2.19163E+11
Romania,1987,38067567568
Romania,1988,40424528302
Romania,1989,41450777202
Romania,1990,38247882300
Romania,1991,28850634900
Romania,1992,25121666667
Romania,1993,26361160450
Romania,1994,30072805104
Romania,1995,37430162103
Romania,1996,36937074278
Romania,1997,35575214078
Romania,1998,41696091974
Romania,1999,35953156754
Romania,2000,37253739511
Romania,2001,40395116581
Romania,2002,46065502703
Romania,2003,57806384143
Romania,2004,74973656852
Romania,2005,98454380120
Romania,2006,1.22024E+11
Romania,2007,1.74589E+11
Romania,2008,2.14316E+11
Romania,2009,1.74111E+11
Romania,2010,1.70064E+11
Romania,2011,1.92624E+11
Romania,2012,1.79117E+11
Romania,2013,1.89799E+11
Romania,2014,1.99722E+11
Romania,2015,1.77885E+11
Romania,2016,1.85291E+11
Romania,2017,2.10147E+11
Romania,2018,2.41791E+11
Romania,2019,2.5008E+11
Romania,2020,2.50625E+11
Romania,2021,2.85071E+11
Romania,2022,2.95319E+11
Romania,2023,3.47758E+11
Romania,2024,3.82564E+11
Russian Federation,1988,5.54829E+11
Russian Federation,1989,5.06631E+11
Russian Federation,1990,5.17014E+11
Russian Federation,1991,5.17963E+11
Russian Federation,1992,4.60291E+11
Russian Federation,1993,4.35084E+11
Russian Federation,1994,3.95077E+11
Russian Federation,1995,3.95537E+11
Russian Federation,1996,3.91725E+11
Russian Federation,1997,4.04929E+11
Russian Federation,1998,2.70955E+11
Russian Federation,1999,1.95907E+11
Russian Federation,2000,2.5971E+11
Russian Federation,2001,3.06602E+11
Russian Federation,2002,3.4547E+11
Russian Federation,2003,4.30347E+11
Russian Federation,2004,5.91017E+11
Russian Federation,2005,7.64016E+11
Russian Federation,2006,9.89932E+11
Russian Federation,2007,1.2997E+12
Russian Federation,2008,1.66085E+12
Russian Federation,2009,1.22265E+12
Russian Federation,2010,1.52492E+12
Russian Federation,2011,2.04592E+12
Russian Federation,2012,2.20829E+12
Russian Federation,2013,2.29247E+12
Russian Federation,2014,2.05924E+12
Russian Federation,2015,1.36348E+12
Russian Federation,2016,1.27679E+12
Russian Federation,2017,1.5742E+12
Russian Federation,2018,1.65733E+12
Russian Federation,2019,1.69312E+12
Russian Federation,2020,1.49308E+12
Russian Federation,2021,1.82919E+12
Russian Federation,2022,2.29161E+12
Russian Federation,2023,2.07151E+12
Russian Federation,2024,2.17384E+12
Rwanda,1960,119000024
Rwanda,1961,122000016
Rwanda,1962,125000008
Rwanda,1963,128000000
Rwanda,1964,129999994
Rwanda,1965,148799980
Rwanda,1966,124525702.9
Rwanda,1967,159560018
Rwanda,1968,172200018
Rwanda,1969,188700037
Rwanda,1970,219900006
Rwanda,1971,222952504.4
Rwanda,1972,246457838.3
Rwanda,1973,290746157.1
Rwanda,1974,308458423.2
Rwanda,1975,571863500.2
Rwanda,1976,637753853.1
Rwanda,1977,746650613
Rwanda,1978,905709076.4
Rwanda,1979,1109346131
Rwanda,1980,1254765642
Rwanda,1981,1407062527
Rwanda,1982,1407243139
Rwanda,1983,1479687587
Rwanda,1984,1587413084
Rwanda,1985,1715626331
Rwanda,1986,1944710684
Rwanda,1987,2157432668
Rwanda,1988,2395492687
Rwanda,1989,2405022593
Rwanda,1990,2550185679
Rwanda,1991,1911600237
Rwanda,1992,2029026962
Rwanda,1993,1971525712
Rwanda,1994,753636370.5
Rwanda,1995,1293535193
Rwanda,1996,1382334879
Rwanda,1997,1851558197
Rwanda,1998,1989343546
Rwanda,1999,2157108263
Rwanda,2000,2068836754
Rwanda,2001,1966600715
Rwanda,2002,1966003468
Rwanda,2003,2138237279
Rwanda,2004,2376496067
Rwanda,2005,2933819766
Rwanda,2006,3319784539
Rwanda,2007,4070507895
Rwanda,2008,5179854065
Rwanda,2009,5674476969
Rwanda,2010,6124756654
Rwanda,2011,6884913658
Rwanda,2012,7654761050
Rwanda,2013,7819964030
Rwanda,2014,8238966124
Rwanda,2015,8543760200
Rwanda,2016,8695272058
Rwanda,2017,9252833891
Rwanda,2018,9637904521
Rwanda,2019,10349300277
Rwanda,2020,10174386857
Rwanda,2021,11078787090
Rwanda,2022,13316161002
Rwanda,2023,14331722703
Rwanda,2024,14251642235
South Asia,1960,43270012739
South Asia,1961,46076379864
South Asia,1962,49304727903
South Asia,1963,55539363102
South Asia,1964,63741466509
South Asia,1965,67970199333
South Asia,1966,54738691617
South Asia,1967,60155334542
South Asia,1968,63211416561
South Asia,1969,69748993758
South Asia,1970,74658791270
South Asia,1971,79443177466
South Asia,1972,81426298287
South Asia,1973,97561887958
South Asia,1974,1.16964E+11
South Asia,1975,1.23401E+11
South Asia,1976,1.17989E+11
South Asia,1977,1.36743E+11
South Asia,1978,1.5504E+11
South Asia,1979,1.73921E+11
South Asia,1980,2.10608E+11
South Asia,1981,2.20616E+11
South Asia,1982,2.26595E+11
South Asia,1983,2.43701E+11
South Asia,1984,2.39973E+11
South Asia,1985,2.63679E+11
South Asia,1986,2.80349E+11
South Asia,1987,3.13355E+11
South Asia,1988,3.34075E+11
South Asia,1989,3.35791E+11
South Asia,1990,3.6474E+11
South Asia,1991,3.14469E+11
South Asia,1992,3.33546E+11
South Asia,1993,3.27009E+11
South Asia,1994,3.77443E+11
South Asia,1995,4.16342E+11
South Asia,1996,4.58508E+11
South Asia,1997,4.84983E+11
South Asia,1998,4.92856E+11
South Asia,1999,5.31826E+11
South Asia,2000,5.44941E+11
South Asia,2001,5.62554E+11
South Asia,2002,5.93707E+11
South Asia,2003,6.94776E+11
South Asia,2004,8.0416E+11
South Asia,2005,9.2442E+11
South Asia,2006,1.05188E+12
South Asia,2007,1.34215E+12
South Asia,2008,1.34738E+12
South Asia,2009,1.50296E+12
South Asia,2010,1.86983E+12
South Asia,2011,2.04574E+12
South Asia,2012,2.05796E+12
South Asia,2013,2.1111E+12
South Asia,2014,2.32306E+12
South Asia,2015,2.4145E+12
South Asia,2016,2.67931E+12
South Asia,2017,3.07596E+12
South Asia,2018,3.15984E+12
South Asia,2019,3.31848E+12
South Asia,2020,3.17277E+12
South Asia,2021,3.71705E+12
South Asia,2022,3.93064E+12
South Asia,2023,4.2103E+12
South Asia,2024,4.5123E+12
Saudi Arabia,1960,1748124064
Saudi Arabia,1961,1920811284
Saudi Arabia,1962,2130606532
Saudi Arabia,1963,2207393172
Saudi Arabia,1964,2371808713
Saudi Arabia,1965,2647955558
Saudi Arabia,1966,2920555557
Saudi Arabia,1967,3257022223
Saudi Arabia,1968,4187777711
Saudi Arabia,1969,4485777644
Saudi Arabia,1970,5377333333
Saudi Arabia,1971,7184806909
Saudi Arabia,1972,9664267087
Saudi Arabia,1973,14947435499
Saudi Arabia,1974,45412957746
Saudi Arabia,1975,46773208643
Saudi Arabia,1976,64005665722
Saudi Arabia,1977,74188986586
Saudi Arabia,1978,80266516687
Saudi Arabia,1979,1.11858E+11
Saudi Arabia,1980,1.6454E+11
Saudi Arabia,1981,1.84291E+11
Saudi Arabia,1982,1.5324E+11
Saudi Arabia,1983,1.29172E+11
Saudi Arabia,1984,1.19625E+11
Saudi Arabia,1985,1.03898E+11
Saudi Arabia,1986,86961922765
Saudi Arabia,1987,85695861148
Saudi Arabia,1988,88256074766
Saudi Arabia,1989,95344459279
Saudi Arabia,1990,1.1763E+11
Saudi Arabia,1991,1.32223E+11
Saudi Arabia,1992,1.37088E+11
Saudi Arabia,1993,1.32968E+11
Saudi Arabia,1994,1.35175E+11
Saudi Arabia,1995,1.43343E+11
Saudi Arabia,1996,1.58662E+11
Saudi Arabia,1997,1.65964E+11
Saudi Arabia,1998,1.46775E+11
Saudi Arabia,1999,1.61717E+11
Saudi Arabia,2000,1.89515E+11
Saudi Arabia,2001,1.84138E+11
Saudi Arabia,2002,1.89606E+11
Saudi Arabia,2003,2.15808E+11
Saudi Arabia,2004,2.58742E+11
Saudi Arabia,2005,3.2846E+11
Saudi Arabia,2006,3.769E+11
Saudi Arabia,2007,4.15965E+11
Saudi Arabia,2008,5.19797E+11
Saudi Arabia,2009,4.29098E+11
Saudi Arabia,2010,5.28207E+11
Saudi Arabia,2011,6.80661E+11
Saudi Arabia,2012,7.51921E+11
Saudi Arabia,2013,7.69756E+11
Saudi Arabia,2014,7.87153E+11
Saudi Arabia,2015,6.93414E+11
Saudi Arabia,2016,6.89279E+11
Saudi Arabia,2017,7.41266E+11
Saudi Arabia,2018,8.86565E+11
Saudi Arabia,2019,8.8889E+11
Saudi Arabia,2020,7.67951E+11
Saudi Arabia,2021,9.82661E+11
Saudi Arabia,2022,1.23908E+12
Saudi Arabia,2023,1.21858E+12
Saudi Arabia,2024,1.2398E+12
Sudan,1960,1126364162
Sudan,1961,1222860429
Sudan,1962,1328259625
Sudan,1963,1351234926
Sudan,1964,1388282600
Sudan,1965,1446869619
Sudan,1966,1484491676
Sudan,1967,1607409539
Sudan,1968,1677771401
Sudan,1969,1847501441
Sudan,1970,2100229759
Sudan,1971,2288340041
Sudan,1972,2483055722
Sudan,1973,3077254460
Sudan,1974,3958931660
Sudan,1975,4823090192
Sudan,1976,6013210816
Sudan,1977,7499005639
Sudan,1978,8128719315
Sudan,1979,8418407787
Sudan,1980,8951800000
Sudan,1981,10753888154
Sudan,1982,8732542274
Sudan,1983,8230153846
Sudan,1984,10447615385
Sudan,1985,8075259600
Sudan,1986,10092200000
Sudan,1987,12093333333
Sudan,1988,14372555556
Sudan,1989,21408111111
Sudan,1990,33641222222
Sudan,1991,44171194366
Sudan,1992,7031933492
Sudan,1993,8881005436
Sudan,1994,12793794737
Sudan,1995,13830363900
Sudan,1996,9018300725
Sudan,1997,11681175864
Sudan,1998,11250221537
Sudan,1999,10682028340
Sudan,2000,12257299147
Sudan,2001,15716361792
Sudan,2002,18137128388
Sudan,2003,21355298460
Sudan,2004,26646007251
Sudan,2005,35182711988
Sudan,2006,45263831634
Sudan,2007,59440139775
Sudan,2008,64833083257
Sudan,2009,51621044077
Sudan,2010,58962978034
Sudan,2011,55018567211
Sudan,2012,37632919967
Sudan,2013,43024018082
Sudan,2014,49516748618
Sudan,2015,51726758677
Sudan,2016,42630376000
Sudan,2017,41283617976
Sudan,2018,32333780383
Sudan,2019,32338079165
Sudan,2020,27034593750
Sudan,2021,34229513775
Sudan,2022,51666875363
Sudan,2023,39898289821
Sudan,2024,49672435513
Senegal,1960,1003692370
Senegal,1961,1058975257
Senegal,1962,1085475791
Senegal,1963,1122139862
Senegal,1964,1188930645
Senegal,1965,1210058228
Senegal,1966,1246908186
Senegal,1967,1246480766
Senegal,1968,1309384862
Senegal,1969,1245234931
Senegal,1970,1297407655
Senegal,1971,1339549033
Senegal,1972,1620857104
Senegal,1973,1863398590
Senegal,1974,2099325229
Senegal,1975,2830388405
Senegal,1976,2869777884
Senegal,1977,2938046463
Senegal,1978,3280354921
Senegal,1979,4084877823
Senegal,1980,4510108291
Senegal,1981,4095892781
Senegal,1982,4013951443
Senegal,1983,3569356125
Senegal,1984,3485165432
Senegal,1985,3818944918
Senegal,1986,5392093446
Senegal,1987,6487353103
Senegal,1988,6418419389
Senegal,1989,6366039373
Senegal,1990,7390967360
Senegal,1991,7255210470
Senegal,1992,7769817840
Senegal,1993,7367986241
Senegal,1994,5034588196
Senegal,1995,6326342633
Senegal,1996,6559712166
Senegal,1997,6041478726
Senegal,1998,6505607909
Senegal,1999,6592834933
Senegal,2000,6013185004
Senegal,2001,6507824829
Senegal,2002,7006402320
Senegal,2003,8768721563
Senegal,2004,10076816667
Senegal,2005,11009033438
Senegal,2006,11697918243
Senegal,2007,13994218413
Senegal,2008,16853989628
Senegal,2009,16145867495
Senegal,2010,16121315909
Senegal,2011,17814283639
Senegal,2012,17660870412
Senegal,2013,18918667725
Senegal,2014,19797253440
Senegal,2015,17774766696
Senegal,2016,19040312333
Senegal,2017,20996562944
Senegal,2018,23116701556
Senegal,2019,23403995992
Senegal,2020,24530513038
Senegal,2021,27520784130
Senegal,2022,27783332223
Senegal,2023,30696331296
Senegal,2024,32808056601
Singapore,1960,704751700.3
Singapore,1961,764629788.1
Singapore,1962,826239211.8
Singapore,1963,917608012.5
Singapore,1964,894153311.4
Singapore,1965,974644096.1
Singapore,1966,1096425608
Singapore,1967,1238035816
Singapore,1968,1425706091
Singapore,1969,1659893768
Singapore,1970,1920574150
Singapore,1971,2263785444
Singapore,1972,2721440981
Singapore,1973,3696213333
Singapore,1974,5221534956
Singapore,1975,5633673930
Singapore,1976,6327077974
Singapore,1977,6618585074
Singapore,1978,7517176355
Singapore,1979,9296921724
Singapore,1980,11896256783
Singapore,1981,14175228844
Singapore,1982,16084252378
Singapore,1983,17784112150
Singapore,1984,19749361098
Singapore,1985,19156532746
Singapore,1986,18586746057
Singapore,1987,20919215578
Singapore,1988,25371462488
Singapore,1989,30465364739
Singapore,1990,36144336769
Singapore,1991,45466164978
Singapore,1992,52131320033
Singapore,1993,60603815716
Singapore,1994,73688724431
Singapore,1995,87812540788
Singapore,1996,96293086513
Singapore,1997,1.00124E+11
Singapore,1998,85728207782
Singapore,1999,86286849755
Singapore,2000,96076539926
Singapore,2001,89793790670
Singapore,2002,92538372870
Singapore,2003,97646401096
Singapore,2004,1.15034E+11
Singapore,2005,1.27808E+11
Singapore,2006,1.48627E+11
Singapore,2007,1.80942E+11
Singapore,2008,1.93617E+11
Singapore,2009,1.9415E+11
Singapore,2010,2.39808E+11
Singapore,2011,2.79356E+11
Singapore,2012,2.95093E+11
Singapore,2013,3.07576E+11
Singapore,2014,3.14864E+11
Singapore,2015,3.07999E+11
Singapore,2016,3.19646E+11
Singapore,2017,3.43673E+11
Singapore,2018,3.77124E+11
Singapore,2019,3.76162E+11
Singapore,2020,3.49166E+11
Singapore,2021,4.36591E+11
Singapore,2022,5.09018E+11
Singapore,2023,5.0544E+11
Singapore,2024,5.47387E+11
Solomon Islands,1967,25203524.03
Solomon Islands,1968,28084252.76
Solomon Islands,1969,28606411.4
Solomon Islands,1971,50056882.82
Solomon Islands,1972,40606712.05
Solomon Islands,1973,55272108.84
Solomon Islands,1974,84539332.28
Solomon Islands,1975,74620320.03
Solomon Islands,1976,83100834.31
Solomon Islands,1977,93145283.36
Solomon Islands,1978,111027427.2
Solomon Islands,1979,151276496.5
Solomon Islands,1980,182852106.5
Solomon Islands,1981,193750540.7
Solomon Islands,1982,192902018.7
Solomon Islands,1983,181220399
Solomon Islands,1984,181570473.8
Solomon Islands,1985,165524943.5
Solomon Islands,1986,147620047.7
Solomon Islands,1987,155128542.4
Solomon Islands,1988,176494394
Solomon Islands,1989,172882410.6
Solomon Islands,1990,214877666.8
Solomon Islands,1991,227540473.3
Solomon Islands,1992,269034595.8
Solomon Islands,1993,300746361.1
Solomon Islands,1994,402837005.3
Solomon Islands,1995,469443201.5
Solomon Islands,1996,510586430.2
Solomon Islands,1997,526554006
Solomon Islands,1998,457579840.2
Solomon Islands,1999,488024514.4
Solomon Islands,2000,419842674.2
Solomon Islands,2001,409508553
Solomon Islands,2002,346406738.9
Solomon Islands,2003,417666638.6
Solomon Islands,2004,468000121.3
Solomon Islands,2005,552881356.7
Solomon Islands,2006,617257457.8
Solomon Islands,2007,695291218
Solomon Islands,2008,776335523.5
Solomon Islands,2009,805557289.5
Solomon Islands,2010,898128551.3
Solomon Islands,2011,1063898227
Solomon Islands,2012,1185217634
Solomon Islands,2013,1285905958
Solomon Islands,2014,1335576763
Solomon Islands,2015,1307908814
Solomon Islands,2016,1379486291
Solomon Islands,2017,1469790526
Solomon Islands,2018,1615473250
Solomon Islands,2019,1619150564
Solomon Islands,2020,1536143428
Solomon Islands,2021,1558312104
Solomon Islands,2022,1466670930
Solomon Islands,2023,1506124566
Solomon Islands,2024,1583964704
Sierra Leone,1960,322009961.5
Sierra Leone,1961,327834190.6
Sierra Leone,1962,342721416.5
Sierra Leone,1963,348547278.8
Sierra Leone,1964,371847461.4
Sierra Leone,1965,359379856.2
Sierra Leone,1966,375479849.8
Sierra Leone,1967,348795303
Sierra Leone,1968,329859731.9
Sierra Leone,1969,408690163.5
Sierra Leone,1970,434410973.8
Sierra Leone,1971,419549304.7
Sierra Leone,1972,465381339.7
Sierra Leone,1973,575230724.4
Sierra Leone,1974,648590642.9
Sierra Leone,1975,679336343.6
Sierra Leone,1976,594895941.9
Sierra Leone,1977,691777584
Sierra Leone,1978,960728338.9
Sierra Leone,1979,1109374911
Sierra Leone,1980,1100685845
Sierra Leone,1981,1114830472
Sierra Leone,1982,1295361886
Sierra Leone,1983,995104305.3
Sierra Leone,1984,1087471862
Sierra Leone,1985,856890459.4
Sierra Leone,1986,490181456.6
Sierra Leone,1987,660106336.1
Sierra Leone,1988,1055083933
Sierra Leone,1989,932974420.3
Sierra Leone,1990,649644097.6
Sierra Leone,1991,779981987.1
Sierra Leone,1992,679940813.9
Sierra Leone,1993,768867883
Sierra Leone,1994,911853802.4
Sierra Leone,1995,870740291.5
Sierra Leone,1996,941709422.5
Sierra Leone,1997,850232760
Sierra Leone,1998,672368187.1
Sierra Leone,1999,669386624
Sierra Leone,2000,635866403.8
Sierra Leone,2001,1681473894
Sierra Leone,2002,1933863911
Sierra Leone,2003,2142618046
Sierra Leone,2004,2237350687
Sierra Leone,2005,2545275313
Sierra Leone,2006,3263697467
Sierra Leone,2007,3632957611
Sierra Leone,2008,4157895298
Sierra Leone,2009,3953403098
Sierra Leone,2010,4262805967
Sierra Leone,2011,4861632885
Sierra Leone,2012,6141666509
Sierra Leone,2013,7502762863
Sierra Leone,2014,7686138791
Sierra Leone,2015,6788352975
Sierra Leone,2016,6084297211
Sierra Leone,2017,5749846528
Sierra Leone,2018,6390514689
Sierra Leone,2019,6523577594
Sierra Leone,2020,6688307703
Sierra Leone,2021,7166931485
Sierra Leone,2022,7121125278
Sierra Leone,2023,6415852767
Sierra Leone,2024,6971127235
El Salvador,1965,877720000
El Salvador,1966,929520000
El Salvador,1967,976200000
El Salvador,1968,1009760100
El Salvador,1969,1049400000
El Salvador,1970,1132920000
El Salvador,1971,1186120000
El Salvador,1972,1263720000
El Salvador,1973,1442320000
El Salvador,1974,1665880000
El Salvador,1975,1884120100
El Salvador,1976,2328280100
El Salvador,1977,2941640100
El Salvador,1978,3127960000
El Salvador,1979,3463639900
El Salvador,1980,3573959900
El Salvador,1981,3437200200
El Salvador,1982,3399189100
El Salvador,1983,3506347800
El Salvador,1984,3661683400
El Salvador,1985,3800368600
El Salvador,1986,3771663200
El Salvador,1987,3958045800
El Salvador,1988,4189880000
El Salvador,1989,4372215300
El Salvador,1990,4817542204
El Salvador,1991,5252342400
El Salvador,1992,5813399300
El Salvador,1993,6680269200
El Salvador,1994,7679384000
El Salvador,1995,8921947100
El Salvador,1996,9586327800
El Salvador,1997,10221705900
El Salvador,1998,10936669900
El Salvador,1999,11284197000
El Salvador,2000,11784927700
El Salvador,2001,12282533600
El Salvador,2002,12664190300
El Salvador,2003,13243892200
El Salvador,2004,13724810900
El Salvador,2005,14698000000
El Salvador,2006,15999890000
El Salvador,2007,17011750000
El Salvador,2008,17986890000
El Salvador,2009,17601620000
El Salvador,2010,18447920000
El Salvador,2011,20283780000
El Salvador,2012,21386150000
El Salvador,2013,21990960000
El Salvador,2014,22593470000
El Salvador,2015,23438240000
El Salvador,2016,24191430000
El Salvador,2017,24979190000
El Salvador,2018,26020850000
El Salvador,2019,26881140000
El Salvador,2020,24921190000
El Salvador,2021,29043140000
El Salvador,2022,31870120000
El Salvador,2023,33853940000
El Salvador,2024,35364960000
San Marino,1997,976606910.6
San Marino,1998,1048316226
San Marino,1999,1109473368
San Marino,2000,1007661367
San Marino,2001,1059529812
San Marino,2002,1148872072
San Marino,2003,1462590267
San Marino,2004,1715340543
San Marino,2005,1786514058
San Marino,2006,1909765165
San Marino,2007,2188654628
San Marino,2008,2403213305
San Marino,2009,2064277126
San Marino,2010,1881191925
San Marino,2011,1813717439
San Marino,2012,1604701299
San Marino,2013,1678741475
San Marino,2014,1673911426
San Marino,2015,1419401071
San Marino,2016,1468343140
San Marino,2017,1528620346
San Marino,2018,1655353653
San Marino,2019,1616340692
San Marino,2020,1541248249
San Marino,2021,1855652786
San Marino,2022,1829211864
San Marino,2023,2027527228
"Somalia, Fed. Rep.",1960,180459936.8
"Somalia, Fed. Rep.",1961,191659914.4
"Somalia, Fed. Rep.",1962,203531927.5
"Somalia, Fed. Rep.",1963,216145935.9
"Somalia, Fed. Rep.",1964,229529912.7
"Somalia, Fed. Rep.",1965,243725898
"Somalia, Fed. Rep.",1966,257375897
"Somalia, Fed. Rep.",1967,271781886.8
"Somalia, Fed. Rep.",1968,286719885.3
"Somalia, Fed. Rep.",1969,306357284.6
"Somalia, Fed. Rep.",1970,347985394.3
"Somalia, Fed. Rep.",1971,347039445.7
"Somalia, Fed. Rep.",1972,447883941.2
"Somalia, Fed. Rep.",1973,483699610.6
"Somalia, Fed. Rep.",1974,572504035.9
"Somalia, Fed. Rep.",1975,757015878.8
"Somalia, Fed. Rep.",1976,871344245.1
"Somalia, Fed. Rep.",1977,498550724.6
"Somalia, Fed. Rep.",1978,564571823.2
"Somalia, Fed. Rep.",1979,589566929.1
"Somalia, Fed. Rep.",1980,602515548.5
"Somalia, Fed. Rep.",1981,699302473.1
"Somalia, Fed. Rep.",1982,774578932
"Somalia, Fed. Rep.",1983,735408641.8
"Somalia, Fed. Rep.",1984,787434541.7
"Somalia, Fed. Rep.",1985,875702247.2
"Somalia, Fed. Rep.",1986,916590786.3
"Somalia, Fed. Rep.",1987,1018972664
"Somalia, Fed. Rep.",1988,1051596967
"Somalia, Fed. Rep.",1989,1181360844
"Somalia, Fed. Rep.",1990,1031282081
"Somalia, Fed. Rep.",1991,717974929.8
"Somalia, Fed. Rep.",1992,709297578.5
"Somalia, Fed. Rep.",1993,1260132956
"Somalia, Fed. Rep.",1994,1481205098
"Somalia, Fed. Rep.",1995,1534756135
"Somalia, Fed. Rep.",1996,1792234297
"Somalia, Fed. Rep.",1997,2191749014
"Somalia, Fed. Rep.",1998,2962047564
"Somalia, Fed. Rep.",1999,3045751528
"Somalia, Fed. Rep.",2000,3412797450
"Somalia, Fed. Rep.",2001,2252847465
"Somalia, Fed. Rep.",2002,2192684135
"Somalia, Fed. Rep.",2003,2836724352
"Somalia, Fed. Rep.",2004,3859592813
"Somalia, Fed. Rep.",2005,4683246454
"Somalia, Fed. Rep.",2006,5026743282
"Somalia, Fed. Rep.",2007,5430713729
"Somalia, Fed. Rep.",2008,5913620293
"Somalia, Fed. Rep.",2009,2948594552
"Somalia, Fed. Rep.",2010,2687807004
"Somalia, Fed. Rep.",2011,2906000097
"Somalia, Fed. Rep.",2012,4364670160
"Somalia, Fed. Rep.",2013,5062881600
"Somalia, Fed. Rep.",2014,5728399720
"Somalia, Fed. Rep.",2015,6152149100
"Somalia, Fed. Rep.",2016,6613743070
"Somalia, Fed. Rep.",2017,7621501710
"Somalia, Fed. Rep.",2018,7873000000
"Somalia, Fed. Rep.",2019,8656000000
"Somalia, Fed. Rep.",2020,8628000000
"Somalia, Fed. Rep.",2021,9483000000
"Somalia, Fed. Rep.",2022,10203000000
"Somalia, Fed. Rep.",2023,10958000000
"Somalia, Fed. Rep.",2024,11967000000
Serbia,1995,17921892655
Serbia,1996,23277430168
Serbia,1997,27153408995
Serbia,1998,21004077441
Serbia,1999,20878694851
Serbia,2000,7326373882
Serbia,2001,13599378662
Serbia,2002,17930583571
Serbia,2003,23593044418
Serbia,2004,26845632342
Serbia,2005,28334256181
Serbia,2006,33298057362
Serbia,2007,44888028946
Serbia,2008,54220641202
Serbia,2009,46955984410
Serbia,2010,43536629233
Serbia,2011,51251098408
Serbia,2012,45103269969
Serbia,2013,50455529604
Serbia,2014,49114321280
Serbia,2015,41297410635
Serbia,2016,42225495910
Serbia,2017,45972834714
Serbia,2018,52787520249
Serbia,2019,53864693665
Serbia,2020,55874017669
Serbia,2021,66159884073
Serbia,2022,66809895701
Serbia,2023,81343999280
Serbia,2024,90097765959
Sub-Saharan Africa (excluding high income),1960,34318581555
Sub-Saharan Africa (excluding high income),1961,35775152382
Sub-Saharan Africa (excluding high income),1962,38743773907
Sub-Saharan Africa (excluding high income),1963,44252709651
Sub-Saharan Africa (excluding high income),1964,43834461491
Sub-Saharan Africa (excluding high income),1965,48308630395
Sub-Saharan Africa (excluding high income),1966,52377020048
Sub-Saharan Africa (excluding high income),1967,52285172403
Sub-Saharan Africa (excluding high income),1968,55967306234
Sub-Saharan Africa (excluding high income),1969,63402019319
Sub-Saharan Africa (excluding high income),1970,70861621390
Sub-Saharan Africa (excluding high income),1971,72751099714
Sub-Saharan Africa (excluding high income),1972,82091677366
Sub-Saharan Africa (excluding high income),1973,1.0509E+11
Sub-Saharan Africa (excluding high income),1974,1.33953E+11
Sub-Saharan Africa (excluding high income),1975,1.47548E+11
Sub-Saharan Africa (excluding high income),1976,1.59631E+11
Sub-Saharan Africa (excluding high income),1977,1.75173E+11
Sub-Saharan Africa (excluding high income),1978,1.96493E+11
Sub-Saharan Africa (excluding high income),1979,2.32171E+11
Sub-Saharan Africa (excluding high income),1980,2.92958E+11
Sub-Saharan Africa (excluding high income),1981,3.97377E+11
Sub-Saharan Africa (excluding high income),1982,3.68486E+11
Sub-Saharan Africa (excluding high income),1983,3.29002E+11
Sub-Saharan Africa (excluding high income),1984,2.93477E+11
Sub-Saharan Africa (excluding high income),1985,2.7837E+11
Sub-Saharan Africa (excluding high income),1986,2.59861E+11
Sub-Saharan Africa (excluding high income),1987,2.91517E+11
Sub-Saharan Africa (excluding high income),1988,3.07147E+11
Sub-Saharan Africa (excluding high income),1989,3.12233E+11
Sub-Saharan Africa (excluding high income),1990,3.66869E+11
Sub-Saharan Africa (excluding high income),1991,3.92434E+11
Sub-Saharan Africa (excluding high income),1992,3.54645E+11
Sub-Saharan Africa (excluding high income),1993,3.60285E+11
Sub-Saharan Africa (excluding high income),1994,3.70569E+11
Sub-Saharan Africa (excluding high income),1995,4.72706E+11
Sub-Saharan Africa (excluding high income),1996,5.2826E+11
Sub-Saharan Africa (excluding high income),1997,5.55912E+11
Sub-Saharan Africa (excluding high income),1998,5.58197E+11
Sub-Saharan Africa (excluding high income),1999,3.96098E+11
Sub-Saharan Africa (excluding high income),2000,4.19896E+11
Sub-Saharan Africa (excluding high income),2001,4.02042E+11
Sub-Saharan Africa (excluding high income),2002,4.40921E+11
Sub-Saharan Africa (excluding high income),2003,5.56578E+11
Sub-Saharan Africa (excluding high income),2004,6.91867E+11
Sub-Saharan Africa (excluding high income),2005,8.23669E+11
Sub-Saharan Africa (excluding high income),2006,9.72568E+11
Sub-Saharan Africa (excluding high income),2007,1.1245E+12
Sub-Saharan Africa (excluding high income),2008,1.27298E+12
Sub-Saharan Africa (excluding high income),2009,1.20867E+12
Sub-Saharan Africa (excluding high income),2010,1.4387E+12
Sub-Saharan Africa (excluding high income),2011,1.61794E+12
Sub-Saharan Africa (excluding high income),2012,1.6729E+12
Sub-Saharan Africa (excluding high income),2013,1.77651E+12
Sub-Saharan Africa (excluding high income),2014,1.84591E+12
Sub-Saharan Africa (excluding high income),2015,1.62449E+12
Sub-Saharan Africa (excluding high income),2016,1.46185E+12
Sub-Saharan Africa (excluding high income),2017,1.59409E+12
Sub-Saharan Africa (excluding high income),2018,1.71367E+12
Sub-Saharan Africa (excluding high income),2019,1.95201E+12
Sub-Saharan Africa (excluding high income),2020,1.80233E+12
Sub-Saharan Africa (excluding high income),2021,2.03024E+12
Sub-Saharan Africa (excluding high income),2022,2.16746E+12
Sub-Saharan Africa (excluding high income),2023,1.97954E+12
Sub-Saharan Africa (excluding high income),2024,1.82717E+12
South Sudan,2008,14586253383
South Sudan,2009,12231264525
South Sudan,2010,14602072411
South Sudan,2011,14907308933
South Sudan,2012,11931472169
South Sudan,2013,18426469017
South Sudan,2014,13962212847
South Sudan,2015,11997800760
Sub-Saharan Africa,1960,35992821735
Sub-Saharan Africa,1961,37521652880
Sub-Saharan Africa,1962,40553510690
Sub-Saharan Africa,1963,46127211026
Sub-Saharan Africa,1964,45891005946
Sub-Saharan Africa,1965,50543636348
Sub-Saharan Africa,1966,54780137859
Sub-Saharan Africa,1967,54842900794
Sub-Saharan Africa,1968,58686298468
Sub-Saharan Africa,1969,66258274672
Sub-Saharan Africa,1970,73998855804
Sub-Saharan Africa,1971,76078810558
Sub-Saharan Africa,1972,85727757472
Sub-Saharan Africa,1973,1.0928E+11
Sub-Saharan Africa,1974,1.38642E+11
Sub-Saharan Africa,1975,1.52221E+11
Sub-Saharan Africa,1976,1.64674E+11
Sub-Saharan Africa,1977,1.80959E+11
Sub-Saharan Africa,1978,2.02653E+11
Sub-Saharan Africa,1979,2.38924E+11
Sub-Saharan Africa,1980,3.00099E+11
Sub-Saharan Africa,1981,4.04964E+11
Sub-Saharan Africa,1982,3.76485E+11
Sub-Saharan Africa,1983,3.37928E+11
Sub-Saharan Africa,1984,3.01936E+11
Sub-Saharan Africa,1985,2.8831E+11
Sub-Saharan Africa,1986,2.7024E+11
Sub-Saharan Africa,1987,3.02632E+11
Sub-Saharan Africa,1988,3.1869E+11
Sub-Saharan Africa,1989,3.2439E+11
Sub-Saharan Africa,1990,3.79792E+11
Sub-Saharan Africa,1991,4.06697E+11
Sub-Saharan Africa,1992,3.65899E+11
Sub-Saharan Africa,1993,3.69858E+11
Sub-Saharan Africa,1994,3.78182E+11
Sub-Saharan Africa,1995,4.81079E+11
Sub-Saharan Africa,1996,5.3753E+11
Sub-Saharan Africa,1997,5.65283E+11
Sub-Saharan Africa,1998,5.66816E+11
Sub-Saharan Africa,1999,4.04652E+11
Sub-Saharan Africa,2000,4.28789E+11
Sub-Saharan Africa,2001,4.10936E+11
Sub-Saharan Africa,2002,4.49501E+11
Sub-Saharan Africa,2003,5.6592E+11
Sub-Saharan Africa,2004,7.02843E+11
Sub-Saharan Africa,2005,8.36994E+11
Sub-Saharan Africa,2006,9.88873E+11
Sub-Saharan Africa,2007,1.14524E+12
Sub-Saharan Africa,2008,1.30103E+12
Sub-Saharan Africa,2009,1.24196E+12
Sub-Saharan Africa,2010,1.46962E+12
Sub-Saharan Africa,2011,1.65096E+12
Sub-Saharan Africa,2012,1.7173E+12
Sub-Saharan Africa,2013,1.82549E+12
Sub-Saharan Africa,2014,1.90291E+12
Sub-Saharan Africa,2015,1.68802E+12
Sub-Saharan Africa,2016,1.5319E+12
Sub-Saharan Africa,2017,1.67213E+12
Sub-Saharan Africa,2018,1.7988E+12
Sub-Saharan Africa,2019,2.04571E+12
Sub-Saharan Africa,2020,1.90239E+12
Sub-Saharan Africa,2021,2.1408E+12
Sub-Saharan Africa,2022,2.29262E+12
Sub-Saharan Africa,2023,2.1176E+12
Sub-Saharan Africa,2024,1.97908E+12
Small states,1970,4890889497
Small states,1971,5468619820
Small states,1972,6351288901
Small states,1973,7975691955
Small states,1974,12697499906
Small states,1975,13756779385
Small states,1976,15045613015
Small states,1977,18115910570
Small states,1978,20865461499
Small states,1979,26701110584
Small states,1980,37297800330
Small states,1981,37080220828
Small states,1982,37651257006
Small states,1983,35757123310
Small states,1984,36203727886
Small states,1985,35762826952
Small states,1986,33618097085
Small states,1987,38725831003
Small states,1988,41025318188
Small states,1989,41503137702
Small states,1990,47935378887
Small states,1991,50019032461
Small states,1992,53255036349
Small states,1993,51480858165
Small states,1994,55018329444
Small states,1995,63080936166
Small states,1996,65815856152
Small states,1997,69056214799
Small states,1998,70249508111
Small states,1999,74261596905
Small states,2000,76518051458
Small states,2001,77518242612
Small states,2002,83414441022
Small states,2003,99643830273
Small states,2004,1.15417E+11
Small states,2005,1.29917E+11
Small states,2006,1.45908E+11
Small states,2007,1.71435E+11
Small states,2008,1.89079E+11
Small states,2009,1.61752E+11
Small states,2010,1.72476E+11
Small states,2011,1.93343E+11
Small states,2012,1.94404E+11
Small states,2013,2.01576E+11
Small states,2014,2.08778E+11
Small states,2015,1.93085E+11
Small states,2016,1.95789E+11
Small states,2017,2.13265E+11
Small states,2018,2.30122E+11
Small states,2019,2.3134E+11
Small states,2020,2.08802E+11
Small states,2021,2.44179E+11
Small states,2022,2.70716E+11
Small states,2023,2.87375E+11
Small states,2024,3.10642E+11
Sao Tome and Principe,1970,37211826.09
Sao Tome and Principe,1971,37288845.21
Sao Tome and Principe,1972,41430256.81
Sao Tome and Principe,1973,56011244.74
Sao Tome and Principe,1974,57817591.46
Sao Tome and Principe,1975,60101709.85
Sao Tome and Principe,1976,52039421.2
Sao Tome and Principe,1977,49207692.32
Sao Tome and Principe,1978,55044562.8
Sao Tome and Principe,1979,65755928.14
Sao Tome and Principe,1980,81662231.03
Sao Tome and Principe,1981,83499263.5
Sao Tome and Principe,1982,80307762.62
Sao Tome and Principe,1983,75110289.18
Sao Tome and Principe,1984,78213795.93
Sao Tome and Principe,1985,82733069.44
Sao Tome and Principe,1986,115928906.7
Sao Tome and Principe,1987,115952925.5
Sao Tome and Principe,1988,99000764.39
Sao Tome and Principe,1989,98545367.04
Sao Tome and Principe,1990,119297932.8
Sao Tome and Principe,1991,107484142.7
Sao Tome and Principe,1992,94861780.62
Sao Tome and Principe,1993,125742228.8
Sao Tome and Principe,1994,131338414.6
Sao Tome and Principe,1995,103695236.8
Sao Tome and Principe,1996,135188165.7
Sao Tome and Principe,1997,91920274.24
Sao Tome and Principe,1998,72285403.84
Sao Tome and Principe,1999,77302211.92
Sao Tome and Principe,2000,76198394.82
Sao Tome and Principe,2001,75951133.38
Sao Tome and Principe,2002,85171073.88
Sao Tome and Principe,2003,102085769.1
Sao Tome and Principe,2004,114582283.9
Sao Tome and Principe,2005,136450662.4
Sao Tome and Principe,2006,142775104.1
Sao Tome and Principe,2007,149146918.9
Sao Tome and Principe,2008,188021165
Sao Tome and Principe,2009,200668065
Sao Tome and Principe,2010,190021192.5
Sao Tome and Principe,2011,226455001.2
Sao Tome and Principe,2012,225815131.9
Sao Tome and Principe,2013,267041747.6
Sao Tome and Principe,2014,293119143.2
Sao Tome and Principe,2015,259999643
Sao Tome and Principe,2016,292267272.2
Sao Tome and Principe,2017,322002845.2
Sao Tome and Principe,2018,383717327.8
Sao Tome and Principe,2019,412976082.6
Sao Tome and Principe,2020,471229484.6
Sao Tome and Principe,2021,524402455.5
Sao Tome and Principe,2022,540809499.2
Sao Tome and Principe,2023,690456806.7
Sao Tome and Principe,2024,822154621.1
Suriname,1960,99650000
Suriname,1961,107700000
Suriname,1962,116150000
Suriname,1963,125950000
Suriname,1964,134400000
Suriname,1965,154150000
Suriname,1966,190350000
Suriname,1967,220700000
Suriname,1968,241350000
Suriname,1969,259650000
Suriname,1970,274900000
Suriname,1971,301000000
Suriname,1972,311950000
Suriname,1973,339450000
Suriname,1974,409850000
Suriname,1975,465500000
Suriname,1976,505500000
Suriname,1977,641500000
Suriname,1978,735500000
Suriname,1979,782500000
Suriname,1980,795000000
Suriname,1981,889000000
Suriname,1982,915000000
Suriname,1983,883500000
Suriname,1984,864000000
Suriname,1985,873000000
Suriname,1986,891000000
Suriname,1987,980000000
Suriname,1988,1161000000
Suriname,1989,542600000
Suriname,1990,388400000
Suriname,1991,448100000
Suriname,1992,404600000
Suriname,1993,428764705.9
Suriname,1994,605492537.3
Suriname,1995,691590497.7
Suriname,1996,861372806.2
Suriname,1997,926422500
Suriname,1998,1110850000
Suriname,1999,886290697.7
Suriname,2000,947671969.7
Suriname,2001,834279357.8
Suriname,2002,1093574468
Suriname,2003,1274190311
Suriname,2004,1484092538
Suriname,2005,1793410397
Suriname,2006,2626380435
Suriname,2007,2936612022
Suriname,2008,3532969035
Suriname,2009,3875409836
Suriname,2010,4368370998
Suriname,2011,4422276622
Suriname,2012,4980000000
Suriname,2013,5145757576
Suriname,2014,5240606061
Suriname,2015,5126237646
Suriname,2016,3317421648
Suriname,2017,3591679431
Suriname,2018,3996198867
Suriname,2019,4016040575
Suriname,2020,2911807496
Suriname,2021,3107923198
Suriname,2022,3791603200
Suriname,2023,3472693412
Suriname,2024,4416775112
Slovak Republic,1990,12915046978
Slovak Republic,1991,14459924589
Slovak Republic,1992,15699327209
Slovak Republic,1993,16737973764
Slovak Republic,1994,20428139756
Slovak Republic,1995,26180022222
Slovak Republic,1996,28197790875
Slovak Republic,1997,27844628979
Slovak Republic,1998,29976207629
Slovak Republic,1999,30496272225
Slovak Republic,2000,29215726005
Slovak Republic,2001,30726659551
Slovak Republic,2002,35243658399
Slovak Republic,2003,46616149117
Slovak Republic,2004,57215475076
Slovak Republic,2005,62547753148
Slovak Republic,2006,70751813443
Slovak Republic,2007,86587749518
Slovak Republic,2008,1.0083E+11
Slovak Republic,2009,89342984698
Slovak Republic,2010,91112160801
Slovak Republic,2011,99705104723
Slovak Republic,2012,94724394278
Slovak Republic,2013,99134277850
Slovak Republic,2014,1.01713E+11
Slovak Republic,2015,89178548717
Slovak Republic,2016,90347173229
Slovak Republic,2017,95978130735
Slovak Republic,2018,1.06612E+11
Slovak Republic,2019,1.05843E+11
Slovak Republic,2020,1.07733E+11
Slovak Republic,2021,1.20511E+11
Slovak Republic,2022,1.15793E+11
Slovak Republic,2023,1.33579E+11
Slovak Republic,2024,1.40934E+11
Slovenia,1990,19832029087
Slovenia,1991,14454495059
Slovenia,1992,14277261541
Slovenia,1993,14449298372
Slovenia,1994,16400767070
Slovenia,1995,21367422159
Slovenia,1996,21470699363
Slovenia,1997,20726878752
Slovenia,1998,22058635314
Slovenia,1999,22609669084
Slovenia,2000,20159190702
Slovenia,2001,20668868707
Slovenia,2002,23214593516
Slovenia,2003,29360575032
Slovenia,2004,34156553313
Slovenia,2005,35947936824
Slovenia,2006,39260368837
Slovenia,2007,47880266543
Slovenia,2008,55509332322
Slovenia,2009,49975540955
Slovenia,2010,47793117241
Slovenia,2011,51199194599
Slovenia,2012,46167053954
Slovenia,2013,47867056859
Slovenia,2014,49514466380
Slovenia,2015,42709468275
Slovenia,2016,44290685824
Slovenia,2017,48153200135
Slovenia,2018,53689067640
Slovenia,2019,53909922736
Slovenia,2020,53384760135
Slovenia,2021,61540813362
Slovenia,2022,59899117741
Slovenia,2023,69255264238
Slovenia,2024,72972015197
Sweden,1960,15930075467
Sweden,1961,17329620585
Sweden,1962,18794066990
Sweden,1963,20342131882
Sweden,1964,22685490195
Sweden,1965,24963947415
Sweden,1966,27154716721
Sweden,1967,29474881506
Sweden,1968,31277871669
Sweden,1969,33967301561
Sweden,1970,38037226668
Sweden,1971,41506151115
Sweden,1972,48883173400
Sweden,1973,59318842992
Sweden,1974,65917634590
Sweden,1975,82765232648
Sweden,1976,89232517046
Sweden,1977,94331782622
Sweden,1978,1.04291E+11
Sweden,1979,1.23208E+11
Sweden,1980,1.41886E+11
Sweden,1981,1.29499E+11
Sweden,1982,1.14215E+11
Sweden,1983,1.04862E+11
Sweden,1984,1.09043E+11
Sweden,1985,1.13958E+11
Sweden,1986,1.5028E+11
Sweden,1987,1.82744E+11
Sweden,1988,2.06687E+11
Sweden,1989,2.17632E+11
Sweden,1990,2.61467E+11
Sweden,1991,2.73831E+11
Sweden,1992,2.83909E+11
Sweden,1993,2.12645E+11
Sweden,1994,2.28699E+11
Sweden,1995,2.6705E+11
Sweden,1996,2.9195E+11
Sweden,1997,2.6825E+11
Sweden,1998,2.70887E+11
Sweden,1999,2.74318E+11
Sweden,2000,2.62904E+11
Sweden,2001,2.42498E+11
Sweden,2002,2.67372E+11
Sweden,2003,3.34072E+11
Sweden,2004,3.84545E+11
Sweden,2005,3.91688E+11
Sweden,2006,4.22528E+11
Sweden,2007,4.90048E+11
Sweden,2008,5.14614E+11
Sweden,2009,4.34312E+11
Sweden,2010,4.92751E+11
Sweden,2011,5.70539E+11
Sweden,2012,5.4974E+11
Sweden,2013,5.84125E+11
Sweden,2014,5.77728E+11
Sweden,2015,5.01602E+11
Sweden,2016,5.13058E+11
Sweden,2017,5.35172E+11
Sweden,2018,5.49649E+11
Sweden,2019,5.30894E+11
Sweden,2020,5.44266E+11
Sweden,2021,6.31693E+11
Sweden,2022,5.75071E+11
Sweden,2023,5.78991E+11
Sweden,2024,6.03715E+11
Eswatini,1960,35076845.97
Eswatini,1961,43026042.79
Eswatini,1962,45927961.63
Eswatini,1963,54129438.35
Eswatini,1964,64980554.01
Eswatini,1965,70279971.89
Eswatini,1966,76859969.26
Eswatini,1967,74759970.1
Eswatini,1968,79799968.08
Eswatini,1969,105419957.8
Eswatini,1970,112139955.1
Eswatini,1971,136462080.7
Eswatini,1972,146736479.2
Eswatini,1973,221915127.6
Eswatini,1974,264320941
Eswatini,1975,288299788.5
Eswatini,1976,272550068.1
Eswatini,1977,304060076
Eswatini,1978,340630085.2
Eswatini,1979,412093133.8
Eswatini,1980,541976852.6
Eswatini,1981,570774824.8
Eswatini,1982,537568059.4
Eswatini,1983,555336145.8
Eswatini,1984,494483408.9
Eswatini,1985,360079419.4
Eswatini,1986,449140318.4
Eswatini,1987,584126092.3
Eswatini,1988,692026454.7
Eswatini,1989,696921542.4
Eswatini,1990,1114694041
Eswatini,1991,1156135718
Eswatini,1992,1284759928
Eswatini,1993,1357189552
Eswatini,1994,1419294254
Eswatini,1995,1698989464
Eswatini,1996,1602741834
Eswatini,1997,1716714070
Eswatini,1998,1576908856
Eswatini,1999,1547888496
Eswatini,2000,1697161558
Eswatini,2001,1502870486
Eswatini,2002,1393945031
Eswatini,2003,2149632433
Eswatini,2004,2710331785
Eswatini,2005,3097946371
Eswatini,2006,3215307901
Eswatini,2007,3391122887
Eswatini,2008,3235921171
Eswatini,2009,3525213502
Eswatini,2010,4360714359
Eswatini,2011,4722912047
Eswatini,2012,4747813067
Eswatini,2013,4463396204
Eswatini,2014,4285065665
Eswatini,2015,3908217914
Eswatini,2016,3722306117
Eswatini,2017,4462640651
Eswatini,2018,4643751059
Eswatini,2019,4617018959
Eswatini,2020,4134677810
Eswatini,2021,4807069277
Eswatini,2022,4746660274
Eswatini,2023,4621191262
Eswatini,2024,4858885841
Sint Maarten (Dutch part),2009,854972067
Sint Maarten (Dutch part),2010,892290502.8
Sint Maarten (Dutch part),2011,936089385.5
Sint Maarten (Dutch part),2012,985865921.8
Sint Maarten (Dutch part),2013,1022905028
Sint Maarten (Dutch part),2014,1361811508
Sint Maarten (Dutch part),2015,1417888715
Sint Maarten (Dutch part),2016,1427017207
Sint Maarten (Dutch part),2017,1353212123
Sint Maarten (Dutch part),2018,1259200447
Sint Maarten (Dutch part),2019,1407880447
Sint Maarten (Dutch part),2020,1236428101
Sint Maarten (Dutch part),2021,1353071061
Sint Maarten (Dutch part),2022,1592564639
Sint Maarten (Dutch part),2023,1686525953
Sint Maarten (Dutch part),2024,1797836666
Seychelles,1960,12012024.62
Seychelles,1961,11592023.76
Seychelles,1962,12642025.92
Seychelles,1963,13923028.54
Seychelles,1964,15393031.56
Seychelles,1965,15603031.99
Seychelles,1966,16443033.71
Seychelles,1967,16632032.13
Seychelles,1968,16074027.65
Seychelles,1969,16452028.3
Seychelles,1970,18432031.7
Seychelles,1971,21965950.77
Seychelles,1972,30645122.92
Seychelles,1973,36896280.48
Seychelles,1974,43134496.16
Seychelles,1975,47803145.95
Seychelles,1976,49278981.76
Seychelles,1977,64526401.46
Seychelles,1978,85552365.8
Seychelles,1979,127261099.2
Seychelles,1980,156783829.5
Seychelles,1981,163750728.2
Seychelles,1982,157211789.7
Seychelles,1983,156098237
Seychelles,1984,160992921
Seychelles,1985,179691482.7
Seychelles,1986,221147061.3
Seychelles,1987,265212956.8
Seychelles,1988,301985618.1
Seychelles,1989,324333366.5
Seychelles,1990,392163560.9
Seychelles,1991,398307169.9
Seychelles,1992,461409398.9
Seychelles,1993,504230620.6
Seychelles,1994,517570058.2
Seychelles,1995,540733047.7
Seychelles,1996,535250347.1
Seychelles,1997,598966982.4
Seychelles,1998,647287375.8
Seychelles,1999,662838614.9
Seychelles,2000,654212394.3
Seychelles,2001,662064155.9
Seychelles,2002,742134837.5
Seychelles,2003,750847230.1
Seychelles,2004,893012218.2
Seychelles,2005,977899381.8
Seychelles,2006,1081441283
Seychelles,2007,1077308814
Seychelles,2008,979597394.3
Seychelles,2009,850901620.4
Seychelles,2010,981616542.3
Seychelles,2011,1058918707
Seychelles,2012,1089407839
Seychelles,2013,1333160407
Seychelles,2014,1387577870
Seychelles,2015,1432403352
Seychelles,2016,1568513348
Seychelles,2017,1675370641
Seychelles,2018,1784313927
Seychelles,2019,1868690097
Seychelles,2020,1382551752
Seychelles,2021,1487173795
Seychelles,2022,2018346589
Seychelles,2023,2187379755
Seychelles,2024,2167239562
Syrian Arab Republic,1960,857704413.4
Syrian Arab Republic,1961,945244972.1
Syrian Arab Republic,1962,1110565881
Syrian Arab Republic,1963,1200447408
Syrian Arab Republic,1964,1339494267
Syrian Arab Republic,1965,1472036540
Syrian Arab Republic,1966,1342287553
Syrian Arab Republic,1967,1580229799
Syrian Arab Republic,1968,1753746430
Syrian Arab Republic,1969,2245011515
Syrian Arab Republic,1970,2140384010
Syrian Arab Republic,1971,2589851325
Syrian Arab Republic,1972,3059681698
Syrian Arab Republic,1973,3239487516
Syrian Arab Republic,1974,5159557148
Syrian Arab Republic,1975,6826980444
Syrian Arab Republic,1976,7633528867
Syrian Arab Republic,1977,7696011396
Syrian Arab Republic,1978,9275200458
Syrian Arab Republic,1979,9929681529
Syrian Arab Republic,1980,13062420382
Syrian Arab Republic,1981,15518201335
Syrian Arab Republic,1982,16298929011
Syrian Arab Republic,1983,17589277143
Syrian Arab Republic,1984,17503078174
Syrian Arab Republic,1985,16403539893
Syrian Arab Republic,1986,13293205278
Syrian Arab Republic,1987,11356215543
Syrian Arab Republic,1988,10577041645
Syrian Arab Republic,1989,9853395762
Syrian Arab Republic,1990,12308624418
Syrian Arab Republic,1991,12981833333
Syrian Arab Republic,1992,13253565861
Syrian Arab Republic,1993,13695962055
Syrian Arab Republic,1994,10122020000
Syrian Arab Republic,1995,11396706587
Syrian Arab Republic,1996,13789560878
Syrian Arab Republic,1997,14505233463
Syrian Arab Republic,1998,15200846154
Syrian Arab Republic,1999,15873875969
Syrian Arab Republic,2000,18937052543
Syrian Arab Republic,2001,20237024725
Syrian Arab Republic,2002,20669357462
Syrian Arab Republic,2003,21828144686
Syrian Arab Republic,2004,25086950495
Syrian Arab Republic,2005,28858965517
Syrian Arab Republic,2006,33751788856
Syrian Arab Republic,2007,40465318382
Syrian Arab Republic,2008,52557913569
Syrian Arab Republic,2009,54111735629
Syrian Arab Republic,2010,61390830875
Syrian Arab Republic,2011,67539428159
Syrian Arab Republic,2012,43190318033
Syrian Arab Republic,2013,21361254635
Syrian Arab Republic,2014,21502061466
Syrian Arab Republic,2015,16466863117
Syrian Arab Republic,2016,12597854877
Syrian Arab Republic,2017,16369843352
Syrian Arab Republic,2018,21497782868
Syrian Arab Republic,2019,22583045060
Syrian Arab Republic,2020,12047752036
Syrian Arab Republic,2021,14353205678
Syrian Arab Republic,2022,23622827080
Turks and Caicos Islands,2001,358744800
Turks and Caicos Islands,2002,366707900
Turks and Caicos Islands,2003,409753600
Turks and Caicos Islands,2004,485598800
Turks and Caicos Islands,2005,578645800
Turks and Caicos Islands,2006,721891500
Turks and Caicos Islands,2007,773490000
Turks and Caicos Islands,2008,862684000
Turks and Caicos Islands,2009,703176000
Turks and Caicos Islands,2010,686788000
Turks and Caicos Islands,2011,842941000
Turks and Caicos Islands,2012,832848000
Turks and Caicos Islands,2013,863328000
Turks and Caicos Islands,2014,956605000
Turks and Caicos Islands,2015,1078274000
Turks and Caicos Islands,2016,1202078000
Turks and Caicos Islands,2017,1197958000
Turks and Caicos Islands,2018,1314329000
Turks and Caicos Islands,2019,1371838000
Turks and Caicos Islands,2020,918387000
Turks and Caicos Islands,2021,1236459000
Turks and Caicos Islands,2022,1434119000
Turks and Caicos Islands,2023,1638653000
Turks and Caicos Islands,2024,1745378000
Chad,1960,313582728.1
Chad,1961,333975336.1
Chad,1962,357635713.4
Chad,1963,371767002.2
Chad,1964,392247517.7
Chad,1965,416926303.3
Chad,1966,432794921.7
Chad,1967,449826322.6
Chad,1968,453980096.2
Chad,1969,471635621.6
Chad,1970,469266736.7
Chad,1971,501866730.1
Chad,1972,585427546.8
Chad,1973,647199483
Chad,1974,652532795.1
Chad,1975,864602104.7
Chad,1976,866044962
Chad,1977,935360464.7
Chad,1978,1113920124
Chad,1979,1004316496
Chad,1980,1033002404
Chad,1981,876937558.3
Chad,1982,834369859.7
Chad,1983,832415806
Chad,1984,919103734.9
Chad,1985,1033069709
Chad,1986,1067828246
Chad,1987,1163426852
Chad,1988,1482597298
Chad,1989,1433686312
Chad,1990,1738605558
Chad,1991,1877137982
Chad,1992,1881847670
Chad,1993,1463251164
Chad,1994,1179837963
Chad,1995,1445919895
Chad,1996,1607345356
Chad,1997,1544689577
Chad,1998,1744794531
Chad,1999,1534673583
Chad,2000,1388506772
Chad,2001,1710843377
Chad,2002,1997005709
Chad,2003,2742815072
Chad,2004,4422855661
Chad,2005,8655892393
Chad,2006,9709626596
Chad,2007,10865385132
Chad,2008,13385593990
Chad,2009,12317614054
Chad,2010,14058506664
Chad,2011,16685349674
Chad,2012,17892228570
Chad,2013,17865316886
Chad,2014,18144336904
Chad,2015,14559599500
Chad,2016,13026289836
Chad,2017,13349041409
Chad,2018,15327000249
Chad,2019,14905517743
Chad,2020,14932897821
Chad,2021,16871937698
Chad,2022,17828508290
Chad,2023,18340233749
Chad,2024,19518819751
East Asia & Pacific (IDA & IBRD countries),1960,80803222393
East Asia & Pacific (IDA & IBRD countries),1961,71174424447
East Asia & Pacific (IDA & IBRD countries),1962,64922599309
East Asia & Pacific (IDA & IBRD countries),1963,70216443535
East Asia & Pacific (IDA & IBRD countries),1964,81101169481
East Asia & Pacific (IDA & IBRD countries),1965,94498004640
East Asia & Pacific (IDA & IBRD countries),1966,1.03377E+11
East Asia & Pacific (IDA & IBRD countries),1967,1.00372E+11
East Asia & Pacific (IDA & IBRD countries),1968,1.01477E+11
East Asia & Pacific (IDA & IBRD countries),1969,1.14101E+11
East Asia & Pacific (IDA & IBRD countries),1970,1.27052E+11
East Asia & Pacific (IDA & IBRD countries),1971,1.36441E+11
East Asia & Pacific (IDA & IBRD countries),1972,1.55359E+11
East Asia & Pacific (IDA & IBRD countries),1973,1.95413E+11
East Asia & Pacific (IDA & IBRD countries),1974,2.21441E+11
East Asia & Pacific (IDA & IBRD countries),1975,2.4852E+11
East Asia & Pacific (IDA & IBRD countries),1976,2.52687E+11
East Asia & Pacific (IDA & IBRD countries),1977,2.9123E+11
East Asia & Pacific (IDA & IBRD countries),1978,2.82631E+11
East Asia & Pacific (IDA & IBRD countries),1979,3.2725E+11
East Asia & Pacific (IDA & IBRD countries),1980,3.7755E+11
East Asia & Pacific (IDA & IBRD countries),1981,4.0313E+11
East Asia & Pacific (IDA & IBRD countries),1982,4.23408E+11
East Asia & Pacific (IDA & IBRD countries),1983,4.43371E+11
East Asia & Pacific (IDA & IBRD countries),1984,4.80404E+11
East Asia & Pacific (IDA & IBRD countries),1985,5.26032E+11
East Asia & Pacific (IDA & IBRD countries),1986,5.24622E+11
East Asia & Pacific (IDA & IBRD countries),1987,5.18488E+11
East Asia & Pacific (IDA & IBRD countries),1988,5.75525E+11
East Asia & Pacific (IDA & IBRD countries),1989,6.22194E+11
East Asia & Pacific (IDA & IBRD countries),1990,6.66726E+11
East Asia & Pacific (IDA & IBRD countries),1991,7.23905E+11
East Asia & Pacific (IDA & IBRD countries),1992,8.1213E+11
East Asia & Pacific (IDA & IBRD countries),1993,8.91466E+11
East Asia & Pacific (IDA & IBRD countries),1994,1.07328E+12
East Asia & Pacific (IDA & IBRD countries),1995,1.32424E+12
East Asia & Pacific (IDA & IBRD countries),1996,1.52137E+12
East Asia & Pacific (IDA & IBRD countries),1997,1.57497E+12
East Asia & Pacific (IDA & IBRD countries),1998,1.43965E+12
East Asia & Pacific (IDA & IBRD countries),1999,1.58595E+12
East Asia & Pacific (IDA & IBRD countries),2000,1.7466E+12
East Asia & Pacific (IDA & IBRD countries),2001,1.86078E+12
East Asia & Pacific (IDA & IBRD countries),2002,2.06145E+12
East Asia & Pacific (IDA & IBRD countries),2003,2.33515E+12
East Asia & Pacific (IDA & IBRD countries),2004,2.70916E+12
East Asia & Pacific (IDA & IBRD countries),2005,3.13637E+12
East Asia & Pacific (IDA & IBRD countries),2006,3.77875E+12
East Asia & Pacific (IDA & IBRD countries),2007,4.78127E+12
East Asia & Pacific (IDA & IBRD countries),2008,6.05465E+12
East Asia & Pacific (IDA & IBRD countries),2009,6.57333E+12
East Asia & Pacific (IDA & IBRD countries),2010,7.9988E+12
East Asia & Pacific (IDA & IBRD countries),2011,9.76226E+12
East Asia & Pacific (IDA & IBRD countries),2012,1.0892E+13
East Asia & Pacific (IDA & IBRD countries),2013,1.20327E+13
East Asia & Pacific (IDA & IBRD countries),2014,1.29887E+13
East Asia & Pacific (IDA & IBRD countries),2015,1.35323E+13
East Asia & Pacific (IDA & IBRD countries),2016,1.38272E+13
East Asia & Pacific (IDA & IBRD countries),2017,1.50971E+13
East Asia & Pacific (IDA & IBRD countries),2018,1.68813E+13
East Asia & Pacific (IDA & IBRD countries),2019,1.74817E+13
East Asia & Pacific (IDA & IBRD countries),2020,1.77832E+13
East Asia & Pacific (IDA & IBRD countries),2021,2.12052E+13
East Asia & Pacific (IDA & IBRD countries),2022,2.15372E+13
East Asia & Pacific (IDA & IBRD countries),2023,2.16177E+13
East Asia & Pacific (IDA & IBRD countries),2024,2.22334E+13
Europe & Central Asia (IDA & IBRD countries),1988,9.91142E+11
Europe & Central Asia (IDA & IBRD countries),1989,9.6417E+11
Europe & Central Asia (IDA & IBRD countries),1990,1.02335E+12
Europe & Central Asia (IDA & IBRD countries),1991,1.00172E+12
Europe & Central Asia (IDA & IBRD countries),1992,9.28556E+11
Europe & Central Asia (IDA & IBRD countries),1993,9.19179E+11
Europe & Central Asia (IDA & IBRD countries),1994,8.28927E+11
Europe & Central Asia (IDA & IBRD countries),1995,9.9138E+11
Europe & Central Asia (IDA & IBRD countries),1996,1.02124E+12
Europe & Central Asia (IDA & IBRD countries),1997,1.05634E+12
Europe & Central Asia (IDA & IBRD countries),1998,9.49935E+11
Europe & Central Asia (IDA & IBRD countries),1999,8.24131E+11
Europe & Central Asia (IDA & IBRD countries),2000,8.96291E+11
Europe & Central Asia (IDA & IBRD countries),2001,9.1168E+11
Europe & Central Asia (IDA & IBRD countries),2002,1.02483E+12
Europe & Central Asia (IDA & IBRD countries),2003,1.26102E+12
Europe & Central Asia (IDA & IBRD countries),2004,1.63137E+12
Europe & Central Asia (IDA & IBRD countries),2005,2.04299E+12
Europe & Central Asia (IDA & IBRD countries),2006,2.47127E+12
Europe & Central Asia (IDA & IBRD countries),2007,3.17913E+12
Europe & Central Asia (IDA & IBRD countries),2008,3.93616E+12
Europe & Central Asia (IDA & IBRD countries),2009,3.1218E+12
Europe & Central Asia (IDA & IBRD countries),2010,3.66784E+12
Europe & Central Asia (IDA & IBRD countries),2011,4.46121E+12
Europe & Central Asia (IDA & IBRD countries),2012,4.65639E+12
Europe & Central Asia (IDA & IBRD countries),2013,4.92481E+12
Europe & Central Asia (IDA & IBRD countries),2014,4.65302E+12
Europe & Central Asia (IDA & IBRD countries),2015,3.63366E+12
Europe & Central Asia (IDA & IBRD countries),2016,3.49209E+12
Europe & Central Asia (IDA & IBRD countries),2017,3.92765E+12
Europe & Central Asia (IDA & IBRD countries),2018,4.09899E+12
Europe & Central Asia (IDA & IBRD countries),2019,4.18453E+12
Europe & Central Asia (IDA & IBRD countries),2020,3.92414E+12
Europe & Central Asia (IDA & IBRD countries),2021,4.63776E+12
Europe & Central Asia (IDA & IBRD countries),2022,5.26448E+12
Europe & Central Asia (IDA & IBRD countries),2023,5.56278E+12
Europe & Central Asia (IDA & IBRD countries),2024,6.13167E+12
Togo,1960,171057069.1
Togo,1961,178497098.3
Togo,1962,186745757.9
Togo,1963,202305865.2
Togo,1964,234572186.5
Togo,1965,264505506
Togo,1966,305227594.8
Togo,1967,327215843.6
Togo,1968,341691567.5
Togo,1969,378091809.6
Togo,1970,358665753.9
Togo,1971,404648367.8
Togo,1972,474043921.8
Togo,1973,574030984
Togo,1974,791450308.4
Togo,1975,871781686.9
Togo,1976,874681611.9
Togo,1977,1097893826
Togo,1978,1164025637
Togo,1979,1259365712
Togo,1980,1604836916
Togo,1981,1359026709
Togo,1982,1160337039
Togo,1983,1081387265
Togo,1984,1014170069
Togo,1985,1076604520
Togo,1986,1498219579
Togo,1987,1763978066
Togo,1988,1947208354
Togo,1989,1910635575
Togo,1990,2299665506
Togo,1991,2262767860
Togo,1992,2390796916
Togo,1993,1741944426
Togo,1994,1387662121
Togo,1995,1849110468
Togo,1996,2069506014
Togo,1997,2116818623
Togo,1998,2241650112
Togo,1999,2226577204
Togo,2000,2106848752
Togo,2001,2093498674
Togo,2002,2410199032
Togo,2003,2987984051
Togo,2004,3191561509
Togo,2005,3221910408
Togo,2006,3320907722
Togo,2007,3759962853
Togo,2008,4578847113
Togo,2009,4721888275
Togo,2010,4746386893
Togo,2011,5422439152
Togo,2012,5413541649
Togo,2013,6021729630
Togo,2014,6393314708
Togo,2015,5755457836
Togo,2016,6071167584
Togo,2017,6387424240
Togo,2018,7029215766
Togo,2019,6992654019
Togo,2020,7486031562
Togo,2021,8541668141
Togo,2022,8646453099
Togo,2023,9816236303
Togo,2024,10651180147
Thailand,1960,2760750861
Thailand,1961,3034037811
Thailand,1962,3308912797
Thailand,1963,3540403457
Thailand,1964,3889129942
Thailand,1965,4388937649
Thailand,1966,5279230817
Thailand,1967,5638461442
Thailand,1968,6081009428
Thailand,1969,6695336567
Thailand,1970,7086538438
Thailand,1971,7375000024
Thailand,1972,8177873151
Thailand,1973,10838587358
Thailand,1974,13702998512
Thailand,1975,14882770594
Thailand,1976,16985208648
Thailand,1977,19779312261
Thailand,1978,24006566637
Thailand,1979,27371650825
Thailand,1980,32353514989
Thailand,1981,34846039194
Thailand,1982,36589772404
Thailand,1983,40042798388
Thailand,1984,41797647776
Thailand,1985,38900711333
Thailand,1986,43096773981
Thailand,1987,50535446555
Thailand,1988,61667253471
Thailand,1989,72250748100
Thailand,1990,85343190719
Thailand,1991,98234714971
Thailand,1992,1.11453E+11
Thailand,1993,1.28889E+11
Thailand,1994,1.46684E+11
Thailand,1995,1.69279E+11
Thailand,1996,1.83035E+11
Thailand,1997,1.5018E+11
Thailand,1998,1.13676E+11
Thailand,1999,1.26669E+11
Thailand,2000,1.26392E+11
Thailand,2001,1.20296E+11
Thailand,2002,1.34301E+11
Thailand,2003,1.52281E+11
Thailand,2004,1.72896E+11
Thailand,2005,1.89318E+11
Thailand,2006,2.21758E+11
Thailand,2007,2.62943E+11
Thailand,2008,2.91383E+11
Thailand,2009,2.81711E+11
Thailand,2010,3.41105E+11
Thailand,2011,3.70819E+11
Thailand,2012,3.97558E+11
Thailand,2013,4.20334E+11
Thailand,2014,4.07339E+11
Thailand,2015,4.01296E+11
Thailand,2016,4.13366E+11
Thailand,2017,4.56357E+11
Thailand,2018,5.06754E+11
Thailand,2019,5.43977E+11
Thailand,2020,5.00462E+11
Thailand,2021,5.06195E+11
Thailand,2022,4.95645E+11
Thailand,2023,5.15906E+11
Thailand,2024,5.26518E+11
Tajikistan,1990,2629395066
Tajikistan,1991,2536585366
Tajikistan,1992,1908554572
Tajikistan,1993,1646623195
Tajikistan,1994,1522001206
Tajikistan,1995,1231561860
Tajikistan,1996,1043654822
Tajikistan,1997,921518032.9
Tajikistan,1998,1320199582
Tajikistan,1999,1086612290
Tajikistan,2000,860541842.3
Tajikistan,2001,1080772551
Tajikistan,2002,1221106220
Tajikistan,2003,1555318261
Tajikistan,2004,2076176869
Tajikistan,2005,2312352021
Tajikistan,2006,2830213849
Tajikistan,2007,3719524541
Tajikistan,2008,5161299725
Tajikistan,2009,4979472364
Tajikistan,2010,5642221099
Tajikistan,2011,6522756255
Tajikistan,2012,7633036903
Tajikistan,2013,8448411318
Tajikistan,2014,9112605459
Tajikistan,2015,8271431485
Tajikistan,2016,6992416097
Tajikistan,2017,7536402853
Tajikistan,2018,7764999999
Tajikistan,2019,8300813599
Tajikistan,2020,8133963551
Tajikistan,2021,8937805347
Tajikistan,2022,10713525200
Tajikistan,2023,12244169293
Tajikistan,2024,14204575549
Turkmenistan,1987,2331358820
Turkmenistan,1988,3010982414
Turkmenistan,1989,3006988217
Turkmenistan,1990,3189539641
Turkmenistan,1991,3208098919
Turkmenistan,1992,3200539816
Turkmenistan,1993,3179225949
Turkmenistan,1994,2561118608
Turkmenistan,1995,2482228440
Turkmenistan,1996,2378759975
Turkmenistan,1997,2450350625
Turkmenistan,1998,2605689134
Turkmenistan,1999,2450564100
Turkmenistan,2000,2904663311
Turkmenistan,2001,3534772732
Turkmenistan,2002,4462029109
Turkmenistan,2003,5977440583
Turkmenistan,2004,6838351088
Turkmenistan,2005,8103901996
Turkmenistan,2006,10276674365
Turkmenistan,2007,12664165103
Turkmenistan,2008,19271523179
Turkmenistan,2009,20214385965
Turkmenistan,2010,22583157895
Turkmenistan,2011,29233333333
Turkmenistan,2012,35164210526
Turkmenistan,2013,39197543860
Turkmenistan,2014,43524210526
Turkmenistan,2015,35799714286
Turkmenistan,2016,36169428571
Turkmenistan,2017,37926285714
Turkmenistan,2018,40765428571
Turkmenistan,2019,40810067975
Turkmenistan,2020,41509903182
Turkmenistan,2021,40589905812
Turkmenistan,2022,42208726138
Turkmenistan,2023,45894538666
Turkmenistan,2024,51387209872
Latin America & the Caribbean (IDA & IBRD countries),1960,74399051116
Latin America & the Caribbean (IDA & IBRD countries),1961,82362832266
Latin America & the Caribbean (IDA & IBRD countries),1962,86399815745
Latin America & the Caribbean (IDA & IBRD countries),1963,93844819441
Latin America & the Caribbean (IDA & IBRD countries),1964,1.04303E+11
Latin America & the Caribbean (IDA & IBRD countries),1965,1.11947E+11
Latin America & the Caribbean (IDA & IBRD countries),1966,1.23241E+11
Latin America & the Caribbean (IDA & IBRD countries),1967,1.25362E+11
Latin America & the Caribbean (IDA & IBRD countries),1968,1.34362E+11
Latin America & the Caribbean (IDA & IBRD countries),1969,1.49979E+11
Latin America & the Caribbean (IDA & IBRD countries),1970,1.635E+11
Latin America & the Caribbean (IDA & IBRD countries),1971,1.81795E+11
Latin America & the Caribbean (IDA & IBRD countries),1972,2.04232E+11
Latin America & the Caribbean (IDA & IBRD countries),1973,2.74036E+11
Latin America & the Caribbean (IDA & IBRD countries),1974,3.58183E+11
Latin America & the Caribbean (IDA & IBRD countries),1975,3.74351E+11
Latin America & the Caribbean (IDA & IBRD countries),1976,4.11065E+11
Latin America & the Caribbean (IDA & IBRD countries),1977,4.52377E+11
Latin America & the Caribbean (IDA & IBRD countries),1978,5.41375E+11
Latin America & the Caribbean (IDA & IBRD countries),1979,6.07503E+11
Latin America & the Caribbean (IDA & IBRD countries),1980,7.43796E+11
Latin America & the Caribbean (IDA & IBRD countries),1981,8.52847E+11
Latin America & the Caribbean (IDA & IBRD countries),1982,7.79872E+11
Latin America & the Caribbean (IDA & IBRD countries),1983,6.81555E+11
Latin America & the Caribbean (IDA & IBRD countries),1984,7.15171E+11
Latin America & the Caribbean (IDA & IBRD countries),1985,7.06308E+11
Latin America & the Caribbean (IDA & IBRD countries),1986,7.12611E+11
Latin America & the Caribbean (IDA & IBRD countries),1987,7.65001E+11
Latin America & the Caribbean (IDA & IBRD countries),1988,8.39372E+11
Latin America & the Caribbean (IDA & IBRD countries),1989,9.31219E+11
Latin America & the Caribbean (IDA & IBRD countries),1990,1.03937E+12
Latin America & the Caribbean (IDA & IBRD countries),1991,1.12357E+12
Latin America & the Caribbean (IDA & IBRD countries),1992,1.23256E+12
Latin America & the Caribbean (IDA & IBRD countries),1993,1.46687E+12
Latin America & the Caribbean (IDA & IBRD countries),1994,1.71519E+12
Latin America & the Caribbean (IDA & IBRD countries),1995,1.85593E+12
Latin America & the Caribbean (IDA & IBRD countries),1996,2.01632E+12
Latin America & the Caribbean (IDA & IBRD countries),1997,2.21207E+12
Latin America & the Caribbean (IDA & IBRD countries),1998,2.23335E+12
Latin America & the Caribbean (IDA & IBRD countries),1999,2.00275E+12
Latin America & the Caribbean (IDA & IBRD countries),2000,2.21446E+12
Latin America & the Caribbean (IDA & IBRD countries),2001,2.16136E+12
Latin America & the Caribbean (IDA & IBRD countries),2002,1.92732E+12
Latin America & the Caribbean (IDA & IBRD countries),2003,1.96052E+12
Latin America & the Caribbean (IDA & IBRD countries),2004,2.26488E+12
Latin America & the Caribbean (IDA & IBRD countries),2005,2.752E+12
Latin America & the Caribbean (IDA & IBRD countries),2006,3.23493E+12
Latin America & the Caribbean (IDA & IBRD countries),2007,3.82696E+12
Latin America & the Caribbean (IDA & IBRD countries),2008,4.46581E+12
Latin America & the Caribbean (IDA & IBRD countries),2009,4.17679E+12
Latin America & the Caribbean (IDA & IBRD countries),2010,5.21262E+12
Latin America & the Caribbean (IDA & IBRD countries),2011,5.94222E+12
Latin America & the Caribbean (IDA & IBRD countries),2012,5.99925E+12
Latin America & the Caribbean (IDA & IBRD countries),2013,6.04463E+12
Latin America & the Caribbean (IDA & IBRD countries),2014,6.00526E+12
Latin America & the Caribbean (IDA & IBRD countries),2015,5.06861E+12
Latin America & the Caribbean (IDA & IBRD countries),2016,4.92209E+12
Latin America & the Caribbean (IDA & IBRD countries),2017,5.48276E+12
Latin America & the Caribbean (IDA & IBRD countries),2018,5.34706E+12
Latin America & the Caribbean (IDA & IBRD countries),2019,5.23055E+12
Latin America & the Caribbean (IDA & IBRD countries),2020,4.38791E+12
Latin America & the Caribbean (IDA & IBRD countries),2021,5.11894E+12
Latin America & the Caribbean (IDA & IBRD countries),2022,5.85188E+12
Latin America & the Caribbean (IDA & IBRD countries),2023,6.59134E+12
Latin America & the Caribbean (IDA & IBRD countries),2024,6.7769E+12
Timor-Leste,1990,128210142
Timor-Leste,1991,147713000
Timor-Leste,1992,187891500
Timor-Leste,1993,216914400
Timor-Leste,1994,239040500
Timor-Leste,1995,262819900
Timor-Leste,1996,306956900
Timor-Leste,1997,319972700
Timor-Leste,1998,325729800
Timor-Leste,1999,225357600
Timor-Leste,2000,366924276.5
Timor-Leste,2001,477359252.6
Timor-Leste,2002,469455490.8
Timor-Leste,2003,490439116.2
Timor-Leste,2004,440771962.2
Timor-Leste,2005,462267954
Timor-Leste,2006,453792414.6
Timor-Leste,2007,542795446.5
Timor-Leste,2008,648523571.3
Timor-Leste,2009,726937835.8
Timor-Leste,2010,881909347.1
Timor-Leste,2011,1042534598
Timor-Leste,2012,1160555040
Timor-Leste,2013,1395727421
Timor-Leste,2014,1447535183
Timor-Leste,2015,1590282371
Timor-Leste,2016,1640464612
Timor-Leste,2017,1584878440
Timor-Leste,2018,1555988614
Timor-Leste,2019,2032550389
Timor-Leste,2020,2162619241
Timor-Leste,2021,3625024341
Timor-Leste,2022,3208599889
Timor-Leste,2023,2079767170
Timor-Leste,2024,1865608515
"Middle East, North Africa, Afghanistan & Pakistan (IDA & IBRD)",1960,21778972839
"Middle East, North Africa, Afghanistan & Pakistan (IDA & IBRD)",1961,22717751213
"Middle East, North Africa, Afghanistan & Pakistan (IDA & IBRD)",1962,23127900672
"Middle East, North Africa, Afghanistan & Pakistan (IDA & IBRD)",1963,25478894502
"Middle East, North Africa, Afghanistan & Pakistan (IDA & IBRD)",1964,28460826047
"Middle East, North Africa, Afghanistan & Pakistan (IDA & IBRD)",1965,31555336449
"Middle East, North Africa, Afghanistan & Pakistan (IDA & IBRD)",1966,33702284400
"Middle East, North Africa, Afghanistan & Pakistan (IDA & IBRD)",1967,37016912903
"Middle East, North Africa, Afghanistan & Pakistan (IDA & IBRD)",1968,41567819038
"Middle East, North Africa, Afghanistan & Pakistan (IDA & IBRD)",1969,46228188358
"Middle East, North Africa, Afghanistan & Pakistan (IDA & IBRD)",1970,51929379859
"Middle East, North Africa, Afghanistan & Pakistan (IDA & IBRD)",1971,58738170013
"Middle East, North Africa, Afghanistan & Pakistan (IDA & IBRD)",1972,66728372393
"Middle East, North Africa, Afghanistan & Pakistan (IDA & IBRD)",1973,82296472037
"Middle East, North Africa, Afghanistan & Pakistan (IDA & IBRD)",1974,1.26534E+11
"Middle East, North Africa, Afghanistan & Pakistan (IDA & IBRD)",1975,1.45361E+11
"Middle East, North Africa, Afghanistan & Pakistan (IDA & IBRD)",1976,1.79327E+11
"Middle East, North Africa, Afghanistan & Pakistan (IDA & IBRD)",1977,2.07141E+11
"Middle East, North Africa, Afghanistan & Pakistan (IDA & IBRD)",1978,2.22363E+11
"Middle East, North Africa, Afghanistan & Pakistan (IDA & IBRD)",1979,2.76441E+11
"Middle East, North Africa, Afghanistan & Pakistan (IDA & IBRD)",1980,3.3568E+11
"Middle East, North Africa, Afghanistan & Pakistan (IDA & IBRD)",1981,3.27782E+11
"Middle East, North Africa, Afghanistan & Pakistan (IDA & IBRD)",1982,3.66322E+11
"Middle East, North Africa, Afghanistan & Pakistan (IDA & IBRD)",1983,4.00996E+11
"Middle East, North Africa, Afghanistan & Pakistan (IDA & IBRD)",1984,4.18884E+11
"Middle East, North Africa, Afghanistan & Pakistan (IDA & IBRD)",1985,4.50074E+11
"Middle East, North Africa, Afghanistan & Pakistan (IDA & IBRD)",1986,4.83834E+11
"Middle East, North Africa, Afghanistan & Pakistan (IDA & IBRD)",1987,4.2361E+11
"Middle East, North Africa, Afghanistan & Pakistan (IDA & IBRD)",1988,4.108E+11
"Middle East, North Africa, Afghanistan & Pakistan (IDA & IBRD)",1989,4.12557E+11
"Middle East, North Africa, Afghanistan & Pakistan (IDA & IBRD)",1990,5.57462E+11
"Middle East, North Africa, Afghanistan & Pakistan (IDA & IBRD)",1991,3.77591E+11
"Middle East, North Africa, Afghanistan & Pakistan (IDA & IBRD)",1992,3.87386E+11
"Middle East, North Africa, Afghanistan & Pakistan (IDA & IBRD)",1993,3.41579E+11
"Middle East, North Africa, Afghanistan & Pakistan (IDA & IBRD)",1994,3.5909E+11
"Middle East, North Africa, Afghanistan & Pakistan (IDA & IBRD)",1995,4.0007E+11
"Middle East, North Africa, Afghanistan & Pakistan (IDA & IBRD)",1996,4.43484E+11
"Middle East, North Africa, Afghanistan & Pakistan (IDA & IBRD)",1997,4.62009E+11
"Middle East, North Africa, Afghanistan & Pakistan (IDA & IBRD)",1998,4.71749E+11
"Middle East, North Africa, Afghanistan & Pakistan (IDA & IBRD)",1999,5.1097E+11
"Middle East, North Africa, Afghanistan & Pakistan (IDA & IBRD)",2000,5.73242E+11
"Middle East, North Africa, Afghanistan & Pakistan (IDA & IBRD)",2001,5.7641E+11
"Middle East, North Africa, Afghanistan & Pakistan (IDA & IBRD)",2002,5.61356E+11
"Middle East, North Africa, Afghanistan & Pakistan (IDA & IBRD)",2003,6.20752E+11
"Middle East, North Africa, Afghanistan & Pakistan (IDA & IBRD)",2004,7.35138E+11
"Middle East, North Africa, Afghanistan & Pakistan (IDA & IBRD)",2005,8.51999E+11
"Middle East, North Africa, Afghanistan & Pakistan (IDA & IBRD)",2006,9.91121E+11
"Middle East, North Africa, Afghanistan & Pakistan (IDA & IBRD)",2007,1.20418E+12
"Middle East, North Africa, Afghanistan & Pakistan (IDA & IBRD)",2008,1.45884E+12
"Middle East, North Africa, Afghanistan & Pakistan (IDA & IBRD)",2009,1.41058E+12
"Middle East, North Africa, Afghanistan & Pakistan (IDA & IBRD)",2010,1.61638E+12
"Middle East, North Africa, Afghanistan & Pakistan (IDA & IBRD)",2011,1.89487E+12
"Middle East, North Africa, Afghanistan & Pakistan (IDA & IBRD)",2012,2.04068E+12
"Middle East, North Africa, Afghanistan & Pakistan (IDA & IBRD)",2013,1.91691E+12
"Middle East, North Africa, Afghanistan & Pakistan (IDA & IBRD)",2014,1.9058E+12
"Middle East, North Africa, Afghanistan & Pakistan (IDA & IBRD)",2015,1.76669E+12
"Middle East, North Africa, Afghanistan & Pakistan (IDA & IBRD)",2016,1.83372E+12
"Middle East, North Africa, Afghanistan & Pakistan (IDA & IBRD)",2017,1.86213E+12
"Middle East, North Africa, Afghanistan & Pakistan (IDA & IBRD)",2018,1.8616E+12
"Middle East, North Africa, Afghanistan & Pakistan (IDA & IBRD)",2019,1.81722E+12
"Middle East, North Africa, Afghanistan & Pakistan (IDA & IBRD)",2020,1.65243E+12
"Middle East, North Africa, Afghanistan & Pakistan (IDA & IBRD)",2021,1.9216E+12
"Middle East, North Africa, Afghanistan & Pakistan (IDA & IBRD)",2022,2.14165E+12
"Middle East, North Africa, Afghanistan & Pakistan (IDA & IBRD)",2023,2.07682E+12
"Middle East, North Africa, Afghanistan & Pakistan (IDA & IBRD)",2024,2.18989E+12
Tonga,1975,32506741.72
Tonga,1976,30036416.96
Tonga,1977,34139387.89
Tonga,1978,41567471.67
Tonga,1979,44667002.01
Tonga,1980,53260077.43
Tonga,1981,62242013.33
Tonga,1982,62068161.07
Tonga,1983,60863963.96
Tonga,1984,64248354.54
Tonga,1985,60058663.31
Tonga,1986,68195855.61
Tonga,1987,81667133.45
Tonga,1988,106657267.4
Tonga,1989,106344855
Tonga,1990,113563821.6
Tonga,1991,132201141.4
Tonga,1992,137066290.6
Tonga,1993,138489884.4
Tonga,1994,195990986.2
Tonga,1995,208871665.7
Tonga,1996,222100576.3
Tonga,1997,214991452.3
Tonga,1998,191504892.8
Tonga,1999,199208717.5
Tonga,2000,204848487.8
Tonga,2001,181117230.4
Tonga,2002,182764280.8
Tonga,2003,202246591.2
Tonga,2004,230678011.4
Tonga,2005,261823805.4
Tonga,2006,292232703.3
Tonga,2007,298519623.3
Tonga,2008,344438844.3
Tonga,2009,312415028.4
Tonga,2010,366887375
Tonga,2011,414143828.5
Tonga,2012,471122971.3
Tonga,2013,451788498.3
Tonga,2014,440997738
Tonga,2015,437525514.2
Tonga,2016,420828262.3
Tonga,2017,459976850.3
Tonga,2018,493530783
Tonga,2019,506031239
Tonga,2020,506571467.9
Tonga,2021,519306352.8
Tonga,2022,556514555.4
Tonga,2023,591139749.4
South Asia (IDA & IBRD),1960,43270012739
South Asia (IDA & IBRD),1961,46076379864
South Asia (IDA & IBRD),1962,49304727903
South Asia (IDA & IBRD),1963,55539363102
South Asia (IDA & IBRD),1964,63741466509
South Asia (IDA & IBRD),1965,67970199333
South Asia (IDA & IBRD),1966,54738691617
South Asia (IDA & IBRD),1967,60155334542
South Asia (IDA & IBRD),1968,63211416561
South Asia (IDA & IBRD),1969,69748993758
South Asia (IDA & IBRD),1970,74658791270
South Asia (IDA & IBRD),1971,79443177466
South Asia (IDA & IBRD),1972,81426298287
South Asia (IDA & IBRD),1973,97561887958
South Asia (IDA & IBRD),1974,1.16964E+11
South Asia (IDA & IBRD),1975,1.23401E+11
South Asia (IDA & IBRD),1976,1.17989E+11
South Asia (IDA & IBRD),1977,1.36743E+11
South Asia (IDA & IBRD),1978,1.5504E+11
South Asia (IDA & IBRD),1979,1.73921E+11
South Asia (IDA & IBRD),1980,2.10608E+11
South Asia (IDA & IBRD),1981,2.20616E+11
South Asia (IDA & IBRD),1982,2.26595E+11
South Asia (IDA & IBRD),1983,2.43701E+11
South Asia (IDA & IBRD),1984,2.39973E+11
South Asia (IDA & IBRD),1985,2.63679E+11
South Asia (IDA & IBRD),1986,2.80349E+11
South Asia (IDA & IBRD),1987,3.13355E+11
South Asia (IDA & IBRD),1988,3.34075E+11
South Asia (IDA & IBRD),1989,3.35791E+11
South Asia (IDA & IBRD),1990,3.6474E+11
South Asia (IDA & IBRD),1991,3.14469E+11
South Asia (IDA & IBRD),1992,3.33546E+11
South Asia (IDA & IBRD),1993,3.27009E+11
South Asia (IDA & IBRD),1994,3.77443E+11
South Asia (IDA & IBRD),1995,4.16342E+11
South Asia (IDA & IBRD),1996,4.58508E+11
South Asia (IDA & IBRD),1997,4.84983E+11
South Asia (IDA & IBRD),1998,4.92856E+11
South Asia (IDA & IBRD),1999,5.31826E+11
South Asia (IDA & IBRD),2000,5.44941E+11
South Asia (IDA & IBRD),2001,5.62554E+11
South Asia (IDA & IBRD),2002,5.93707E+11
South Asia (IDA & IBRD),2003,6.94776E+11
South Asia (IDA & IBRD),2004,8.0416E+11
South Asia (IDA & IBRD),2005,9.2442E+11
South Asia (IDA & IBRD),2006,1.05188E+12
South Asia (IDA & IBRD),2007,1.34215E+12
South Asia (IDA & IBRD),2008,1.34738E+12
South Asia (IDA & IBRD),2009,1.50296E+12
South Asia (IDA & IBRD),2010,1.86983E+12
South Asia (IDA & IBRD),2011,2.04574E+12
South Asia (IDA & IBRD),2012,2.05796E+12
South Asia (IDA & IBRD),2013,2.1111E+12
South Asia (IDA & IBRD),2014,2.32306E+12
South Asia (IDA & IBRD),2015,2.4145E+12
South Asia (IDA & IBRD),2016,2.67931E+12
South Asia (IDA & IBRD),2017,3.07596E+12
South Asia (IDA & IBRD),2018,3.15984E+12
South Asia (IDA & IBRD),2019,3.31848E+12
South Asia (IDA & IBRD),2020,3.17277E+12
South Asia (IDA & IBRD),2021,3.71705E+12
South Asia (IDA & IBRD),2022,3.93064E+12
South Asia (IDA & IBRD),2023,4.2103E+12
South Asia (IDA & IBRD),2024,4.5123E+12
Sub-Saharan Africa (IDA & IBRD countries),1960,35992821735
Sub-Saharan Africa (IDA & IBRD countries),1961,37521652880
Sub-Saharan Africa (IDA & IBRD countries),1962,40553510690
Sub-Saharan Africa (IDA & IBRD countries),1963,46127211026
Sub-Saharan Africa (IDA & IBRD countries),1964,45891005946
Sub-Saharan Africa (IDA & IBRD countries),1965,50543636348
Sub-Saharan Africa (IDA & IBRD countries),1966,54780137859
Sub-Saharan Africa (IDA & IBRD countries),1967,54842900794
Sub-Saharan Africa (IDA & IBRD countries),1968,58686298468
Sub-Saharan Africa (IDA & IBRD countries),1969,66258274672
Sub-Saharan Africa (IDA & IBRD countries),1970,73998855804
Sub-Saharan Africa (IDA & IBRD countries),1971,76078810558
Sub-Saharan Africa (IDA & IBRD countries),1972,85727757472
Sub-Saharan Africa (IDA & IBRD countries),1973,1.0928E+11
Sub-Saharan Africa (IDA & IBRD countries),1974,1.38642E+11
Sub-Saharan Africa (IDA & IBRD countries),1975,1.52221E+11
Sub-Saharan Africa (IDA & IBRD countries),1976,1.64674E+11
Sub-Saharan Africa (IDA & IBRD countries),1977,1.80959E+11
Sub-Saharan Africa (IDA & IBRD countries),1978,2.02653E+11
Sub-Saharan Africa (IDA & IBRD countries),1979,2.38924E+11
Sub-Saharan Africa (IDA & IBRD countries),1980,3.00099E+11
Sub-Saharan Africa (IDA & IBRD countries),1981,4.04964E+11
Sub-Saharan Africa (IDA & IBRD countries),1982,3.76485E+11
Sub-Saharan Africa (IDA & IBRD countries),1983,3.37928E+11
Sub-Saharan Africa (IDA & IBRD countries),1984,3.01936E+11
Sub-Saharan Africa (IDA & IBRD countries),1985,2.8831E+11
Sub-Saharan Africa (IDA & IBRD countries),1986,2.7024E+11
Sub-Saharan Africa (IDA & IBRD countries),1987,3.02632E+11
Sub-Saharan Africa (IDA & IBRD countries),1988,3.1869E+11
Sub-Saharan Africa (IDA & IBRD countries),1989,3.2439E+11
Sub-Saharan Africa (IDA & IBRD countries),1990,3.79792E+11
Sub-Saharan Africa (IDA & IBRD countries),1991,4.06697E+11
Sub-Saharan Africa (IDA & IBRD countries),1992,3.65899E+11
Sub-Saharan Africa (IDA & IBRD countries),1993,3.69858E+11
Sub-Saharan Africa (IDA & IBRD countries),1994,3.78182E+11
Sub-Saharan Africa (IDA & IBRD countries),1995,4.81079E+11
Sub-Saharan Africa (IDA & IBRD countries),1996,5.3753E+11
Sub-Saharan Africa (IDA & IBRD countries),1997,5.65283E+11
Sub-Saharan Africa (IDA & IBRD countries),1998,5.66816E+11
Sub-Saharan Africa (IDA & IBRD countries),1999,4.04652E+11
Sub-Saharan Africa (IDA & IBRD countries),2000,4.28789E+11
Sub-Saharan Africa (IDA & IBRD countries),2001,4.10936E+11
Sub-Saharan Africa (IDA & IBRD countries),2002,4.49501E+11
Sub-Saharan Africa (IDA & IBRD countries),2003,5.6592E+11
Sub-Saharan Africa (IDA & IBRD countries),2004,7.02843E+11
Sub-Saharan Africa (IDA & IBRD countries),2005,8.36994E+11
Sub-Saharan Africa (IDA & IBRD countries),2006,9.88873E+11
Sub-Saharan Africa (IDA & IBRD countries),2007,1.14524E+12
Sub-Saharan Africa (IDA & IBRD countries),2008,1.30103E+12
Sub-Saharan Africa (IDA & IBRD countries),2009,1.24196E+12
Sub-Saharan Africa (IDA & IBRD countries),2010,1.46962E+12
Sub-Saharan Africa (IDA & IBRD countries),2011,1.65096E+12
Sub-Saharan Africa (IDA & IBRD countries),2012,1.7173E+12
Sub-Saharan Africa (IDA & IBRD countries),2013,1.82549E+12
Sub-Saharan Africa (IDA & IBRD countries),2014,1.90291E+12
Sub-Saharan Africa (IDA & IBRD countries),2015,1.68802E+12
Sub-Saharan Africa (IDA & IBRD countries),2016,1.5319E+12
Sub-Saharan Africa (IDA & IBRD countries),2017,1.67213E+12
Sub-Saharan Africa (IDA & IBRD countries),2018,1.7988E+12
Sub-Saharan Africa (IDA & IBRD countries),2019,2.04571E+12
Sub-Saharan Africa (IDA & IBRD countries),2020,1.90239E+12
Sub-Saharan Africa (IDA & IBRD countries),2021,2.1408E+12
Sub-Saharan Africa (IDA & IBRD countries),2022,2.29262E+12
Sub-Saharan Africa (IDA & IBRD countries),2023,2.1176E+12
Sub-Saharan Africa (IDA & IBRD countries),2024,1.97908E+12
Trinidad and Tobago,1960,535673252.5
Trinidad and Tobago,1961,584964620.9
Trinidad and Tobago,1962,619322810
Trinidad and Tobago,1963,678239329.4
Trinidad and Tobago,1964,711897520.3
Trinidad and Tobago,1965,736573158.6
Trinidad and Tobago,1966,723739857.3
Trinidad and Tobago,1967,761981912.4
Trinidad and Tobago,1968,758899950
Trinidad and Tobago,1969,779200000
Trinidad and Tobago,1970,821850000
Trinidad and Tobago,1971,896765214.6
Trinidad and Tobago,1972,1083391758
Trinidad and Tobago,1973,1308785431
Trinidad and Tobago,1974,2042001071
Trinidad and Tobago,1975,2442669825
Trinidad and Tobago,1976,2500424955
Trinidad and Tobago,1977,3138666667
Trinidad and Tobago,1978,3562333458
Trinidad and Tobago,1979,4602416625
Trinidad and Tobago,1980,6235833333
Trinidad and Tobago,1981,6992083333
Trinidad and Tobago,1982,8140416667
Trinidad and Tobago,1983,7763750000
Trinidad and Tobago,1984,7757083333
Trinidad and Tobago,1985,7375918367
Trinidad and Tobago,1986,4794444444
Trinidad and Tobago,1987,4797777778
Trinidad and Tobago,1988,4496910569
Trinidad and Tobago,1989,4323058824
Trinidad and Tobago,1990,5068000000
Trinidad and Tobago,1991,5307905882
Trinidad and Tobago,1992,5439552941
Trinidad and Tobago,1993,4669491134
Trinidad and Tobago,1994,4947181646
Trinidad and Tobago,1995,5329217747
Trinidad and Tobago,1996,5759570336
Trinidad and Tobago,1997,5737771523
Trinidad and Tobago,1998,6043686654
Trinidad and Tobago,1999,6808982521
Trinidad and Tobago,2000,8154342116
Trinidad and Tobago,2001,8824849191
Trinidad and Tobago,2002,9008298229
Trinidad and Tobago,2003,11305459802
Trinidad and Tobago,2004,13280291990
Trinidad and Tobago,2005,15982389018
Trinidad and Tobago,2006,18369361094
Trinidad and Tobago,2007,21641620050
Trinidad and Tobago,2008,27871587350
Trinidad and Tobago,2009,19172165226
Trinidad and Tobago,2010,22157920592
Trinidad and Tobago,2011,25433007437
Trinidad and Tobago,2012,27147349937
Trinidad and Tobago,2013,28560537057
Trinidad and Tobago,2014,29474180005
Trinidad and Tobago,2015,26841141793
Trinidad and Tobago,2016,23624322193
Trinidad and Tobago,2017,23830750901
Trinidad and Tobago,2018,23883058083
Trinidad and Tobago,2019,23477745792
Trinidad and Tobago,2020,20888515184
Trinidad and Tobago,2021,24222963263
Trinidad and Tobago,2022,28341164301
Trinidad and Tobago,2023,25036993423
Trinidad and Tobago,2024,25633544529
Tunisia,1961,866155428.6
Tunisia,1962,880027733.3
Tunisia,1963,1026737600
Tunisia,1964,1025866792
Tunisia,1965,991047619
Tunisia,1966,1040952381
Tunisia,1967,1085714286
Tunisia,1968,1214666667
Tunisia,1969,1289904762
Tunisia,1970,1439238095
Tunisia,1971,1685162272
Tunisia,1972,2237556149
Tunisia,1973,2730813385
Tunisia,1974,3545868575
Tunisia,1975,4328965588
Tunisia,1976,4508191942
Tunisia,1977,5109324009
Tunisia,1978,5968460080
Tunisia,1979,7188863904
Tunisia,1980,8744134354
Tunisia,1981,8428445294
Tunisia,1982,8133580052
Tunisia,1983,8350582748
Tunisia,1984,8254541195
Tunisia,1985,8410226053
Tunisia,1986,9017806654
Tunisia,1987,9696715911
Tunisia,1988,10096245762
Tunisia,1989,10101851745
Tunisia,1990,12290568182
Tunisia,1991,13074782609
Tunisia,1992,15496708060
Tunisia,1993,14608335608
Tunisia,1994,15633174304
Tunisia,1995,18030876599
Tunisia,1996,19587161807
Tunisia,1997,20746210354
Tunisia,1998,21802893587
Tunisia,1999,22943202175
Tunisia,2000,21473528161
Tunisia,2001,22065832449
Tunisia,2002,23141616605
Tunisia,2003,27453902261
Tunisia,2004,31183885241
Tunisia,2005,32272186695
Tunisia,2006,34376664601
Tunisia,2007,38915353867
Tunisia,2008,44859439902
Tunisia,2009,43455740497
Tunisia,2010,46206091938
Tunisia,2011,48123325825
Tunisia,2012,47311401813
Tunisia,2013,48685446414
Tunisia,2014,50271812921
Tunisia,2015,45779494042
Tunisia,2016,44360072680
Tunisia,2017,42163530591
Tunisia,2018,42686504460
Tunisia,2019,41905642419
Tunisia,2020,42491780918
Tunisia,2021,47073234359
Tunisia,2022,44929920093
Tunisia,2023,48205328303
Tunisia,2024,51332285657
Turkiye,1960,7566666667
Turkiye,1961,7988888889
Turkiye,1962,8922222222
Turkiye,1963,10355555556
Turkiye,1964,11177777778
Turkiye,1965,11966666667
Turkiye,1966,14100000000
Turkiye,1967,15644444444
Turkiye,1968,17500000000
Turkiye,1969,19466666667
Turkiye,1970,17863636364
Turkiye,1971,16166666667
Turkiye,1972,20650000000
Turkiye,1973,26000000000
Turkiye,1974,35414285714
Turkiye,1975,46042857143
Turkiye,1976,51450000000
Turkiye,1977,58683333333
Turkiye,1978,65912500000
Turkiye,1979,89616129032
Turkiye,1980,68823684211
Turkiye,1981,71180180180
Turkiye,1982,64369325153
Turkiye,1983,61803555556
Turkiye,1984,59937602180
Turkiye,1985,67232758621
Turkiye,1986,75673037037
Turkiye,1987,87190081680
Turkiye,1988,90875175809
Turkiye,1989,1.07127E+11
Turkiye,1990,1.50656E+11
Turkiye,1991,1.51035E+11
Turkiye,1992,1.59105E+11
Turkiye,1993,1.80416E+11
Turkiye,1994,1.3065E+11
Turkiye,1995,2.347E+11
Turkiye,1996,2.50367E+11
Turkiye,1997,2.63818E+11
Turkiye,1998,2.76035E+11
Turkiye,1999,2.56674E+11
Turkiye,2000,2.74748E+11
Turkiye,2001,2.02195E+11
Turkiye,2002,2.40778E+11
Turkiye,2003,3.15393E+11
Turkiye,2004,4.10157E+11
Turkiye,2005,5.08314E+11
Turkiye,2006,5.59668E+11
Turkiye,2007,6.85228E+11
Turkiye,2008,7.75416E+11
Turkiye,2009,6.53894E+11
Turkiye,2010,7.82546E+11
Turkiye,2011,8.44193E+11
Turkiye,2012,8.85328E+11
Turkiye,2013,9.62168E+11
Turkiye,2014,9.42343E+11
Turkiye,2015,8.6546E+11
Turkiye,2016,8.70818E+11
Turkiye,2017,8.63875E+11
Turkiye,2018,7.88357E+11
Turkiye,2019,7.75853E+11
Turkiye,2020,7.33628E+11
Turkiye,2021,8.39939E+11
Turkiye,2022,9.26097E+11
Turkiye,2023,1.14124E+12
Turkiye,2024,1.35912E+12
Tuvalu,1970,2585955.874
Tuvalu,1971,2716989.584
Tuvalu,1972,2968457.944
Tuvalu,1973,3411915.439
Tuvalu,1974,4122328.666
Tuvalu,1975,4014748.054
Tuvalu,1976,3919072.23
Tuvalu,1977,3669419.592
Tuvalu,1978,3798781.863
Tuvalu,1979,4065659.434
Tuvalu,1980,4206128.134
Tuvalu,1981,4773017.532
Tuvalu,1982,4118945.162
Tuvalu,1983,4152550.304
Tuvalu,1984,4481977.903
Tuvalu,1985,3862851.883
Tuvalu,1986,4574706.212
Tuvalu,1987,5020513.499
Tuvalu,1988,7011059.371
Tuvalu,1989,8454523.247
Tuvalu,1990,9542900.901
Tuvalu,1991,10127313.91
Tuvalu,1992,10535028.14
Tuvalu,1993,10414399.96
Tuvalu,1994,11772610.66
Tuvalu,1995,11922614.2
Tuvalu,1996,13338597.33
Tuvalu,1997,13734210.1
Tuvalu,1998,13795146.21
Tuvalu,1999,14800503.26
Tuvalu,2000,15073975.53
Tuvalu,2001,13964732.33
Tuvalu,2002,16842672.6
Tuvalu,2003,19456338.03
Tuvalu,2004,22798274.98
Tuvalu,2005,22909979.82
Tuvalu,2006,24096875.46
Tuvalu,2007,28450168.69
Tuvalu,2008,31874434.86
Tuvalu,2009,28076983.97
Tuvalu,2010,32105408.48
Tuvalu,2011,39196957.49
Tuvalu,2012,39345579.47
Tuvalu,2013,38615890.63
Tuvalu,2014,38760982.65
Tuvalu,2015,36811936.08
Tuvalu,2016,41629064.22
Tuvalu,2017,45276595.35
Tuvalu,2018,48015259.88
Tuvalu,2019,54123198.57
Tuvalu,2020,51746594.31
Tuvalu,2021,60196405.71
Tuvalu,2022,59065982.09
Tuvalu,2023,62280311.59
Tanzania,1960,2651729807
Tanzania,1961,2826179031
Tanzania,1962,3101589993
Tanzania,1963,3456579293
Tanzania,1964,3748840925
Tanzania,1965,3817226546
Tanzania,1966,4377998825
Tanzania,1967,4565132048
Tanzania,1968,4895251824
Tanzania,1969,5142066811
Tanzania,1970,2851419386
Tanzania,1971,3050673517
Tanzania,1972,3472787266
Tanzania,1973,4144104535
Tanzania,1974,4977337978
Tanzania,1975,5729917840
Tanzania,1976,6472511988
Tanzania,1977,7732598995
Tanzania,1978,9261675710
Tanzania,1979,9804637491
Tanzania,1980,11409228087
Tanzania,1981,13161540378
Tanzania,1982,13927383240
Tanzania,1983,14049883809
Tanzania,1984,12906635133
Tanzania,1985,15328295175
Tanzania,1986,10840864521
Tanzania,1987,7824193222
Tanzania,1988,7406614407
Tanzania,1989,6418799007
Tanzania,1990,6184384225
Tanzania,1991,7197768159
Tanzania,1992,6681997469
Tanzania,1993,6182872708
Tanzania,1994,6550480484
Tanzania,1995,7631431840
Tanzania,1996,9433528150
Tanzania,1997,11158197942
Tanzania,1998,12172790056
Tanzania,1999,12704334196
Tanzania,2000,13371767082
Tanzania,2001,13563990022
Tanzania,2002,14129651896
Tanzania,2003,15211487709
Tanzania,2004,16673062473
Tanzania,2005,18395383647
Tanzania,2006,18619859795
Tanzania,2007,21860434823
Tanzania,2008,27947821398
Tanzania,2009,29400573554
Tanzania,2010,32012892919
Tanzania,2011,34657140096
Tanzania,2012,39650394363
Tanzania,2013,45648857242
Tanzania,2014,49986726461
Tanzania,2015,47413919817
Tanzania,2016,49774409374
Tanzania,2017,53274884533
Tanzania,2018,57003712892
Tanzania,2019,61026731926
Tanzania,2020,66068737786
Tanzania,2021,70655628148
Tanzania,2022,75749121843
Tanzania,2023,79030935627
Tanzania,2024,78844405385
Uganda,1960,423145605
Uganda,1961,441667334.6
Uganda,1962,449158233.4
Uganda,1963,516315231.4
Uganda,1964,589247687.3
Uganda,1965,884502310
Uganda,1966,925381492.4
Uganda,1967,967240655.2
Uganda,1968,1037379252
Uganda,1969,1168556629
Uganda,1970,1259554809
Uganda,1971,1417191656
Uganda,1972,1490970181
Uganda,1973,1701829789
Uganda,1974,2098944967
Uganda,1975,2359555556
Uganda,1976,2447300000
Uganda,1977,2936470588
Uganda,1978,2420260870
Uganda,1979,2139025000
Uganda,1980,1244610000
Uganda,1981,1337300000
Uganda,1982,2177500000
Uganda,1983,2240333333
Uganda,1984,3615647477
Uganda,1985,3519695444
Uganda,1986,3923244050
Uganda,1987,6269522042
Uganda,1988,6508931652
Uganda,1989,5276480799
Uganda,1990,4304399310
Uganda,1991,3321729160
Uganda,1992,2857457762
Uganda,1993,3220439044
Uganda,1994,3990430447
Uganda,1995,5755818842
Uganda,1996,6044585327
Uganda,1997,6269333313
Uganda,1998,6584815847
Uganda,1999,5998563258
Uganda,2000,6193246837
Uganda,2001,5840503869
Uganda,2002,6178563591
Uganda,2003,6606884275
Uganda,2004,7939487548
Uganda,2005,9239221763
Uganda,2006,9977647683
Uganda,2007,11902564495
Uganda,2008,14440404132
Uganda,2009,25127805567
Uganda,2010,26673441431
Uganda,2011,27871725241
Uganda,2012,27305915911
Uganda,2013,28915786517
Uganda,2014,32612397257
Uganda,2015,32387183730
Uganda,2016,29203988696
Uganda,2017,30744473841
Uganda,2018,32927025620
Uganda,2019,35353061003
Uganda,2020,37600368242
Uganda,2021,40529788749
Uganda,2022,45565333211
Uganda,2023,48768955863
Uganda,2024,53911907086
Ukraine,1987,64087694038
Ukraine,1988,74703517903
Ukraine,1989,82709161099
Ukraine,1990,81393558423
Ukraine,1991,77350733982
Ukraine,1992,73945908384
Ukraine,1993,65648559903
Ukraine,1994,52549580265
Ukraine,1995,48213856469
Ukraine,1996,44558831005
Ukraine,1997,50151531592
Ukraine,1998,41882523345
Ukraine,1999,31580639554
Ukraine,2000,32375083935
Ukraine,2001,39309580983
Ukraine,2002,43956163612
Ukraine,2003,52010355753
Ukraine,2004,67220154164
Ukraine,2005,89238865119
Ukraine,2006,1.11885E+11
Ukraine,2007,1.48734E+11
Ukraine,2008,1.8811E+11
Ukraine,2009,1.21552E+11
Ukraine,2010,1.41209E+11
Ukraine,2011,1.69334E+11
Ukraine,2012,1.82592E+11
Ukraine,2013,1.90499E+11
Ukraine,2014,1.33504E+11
Ukraine,2015,91030967789
Ukraine,2016,93355869404
Ukraine,2017,1.12091E+11
Ukraine,2018,1.30891E+11
Ukraine,2019,1.53883E+11
Ukraine,2020,1.56618E+11
Ukraine,2021,1.99766E+11
Ukraine,2022,1.6199E+11
Ukraine,2023,1.81222E+11
Ukraine,2024,1.90741E+11
Upper middle income,1960,1.68301E+11
Upper middle income,1961,1.65922E+11
Upper middle income,1962,1.6738E+11
Upper middle income,1963,1.83977E+11
Upper middle income,1964,2.10883E+11
Upper middle income,1965,2.35906E+11
Upper middle income,1966,2.60317E+11
Upper middle income,1967,2.63557E+11
Upper middle income,1968,2.78937E+11
Upper middle income,1969,3.13018E+11
Upper middle income,1970,3.43935E+11
Upper middle income,1971,3.74393E+11
Upper middle income,1972,4.29646E+11
Upper middle income,1973,5.66427E+11
Upper middle income,1974,7.28956E+11
Upper middle income,1975,8.06609E+11
Upper middle income,1976,8.73862E+11
Upper middle income,1977,9.79427E+11
Upper middle income,1978,1.07927E+12
Upper middle income,1979,1.25663E+12
Upper middle income,1980,1.47198E+12
Upper middle income,1981,1.59127E+12
Upper middle income,1982,1.56292E+12
Upper middle income,1983,1.52873E+12
Upper middle income,1984,1.6154E+12
Upper middle income,1985,1.66663E+12
Upper middle income,1986,1.71085E+12
Upper middle income,1987,1.72713E+12
Upper middle income,1988,1.86603E+12
Upper middle income,1989,2.0659E+12
Upper middle income,1990,2.41029E+12
Upper middle income,1991,2.33583E+12
Upper middle income,1992,2.49685E+12
Upper middle income,1993,2.75258E+12
Upper middle income,1994,3.10024E+12
Upper middle income,1995,3.59045E+12
Upper middle income,1996,3.96936E+12
Upper middle income,1997,4.22748E+12
Upper middle income,1998,4.10156E+12
Upper middle income,1999,3.99409E+12
Upper middle income,2000,4.36761E+12
Upper middle income,2001,4.37246E+12
Upper middle income,2002,4.40793E+12
Upper middle income,2003,4.91536E+12
Upper middle income,2004,5.80008E+12
Upper middle income,2005,6.89504E+12
Upper middle income,2006,8.13424E+12
Upper middle income,2007,1.00058E+13
Upper middle income,2008,1.21051E+13
Upper middle income,2009,1.20261E+13
Upper middle income,2010,1.46969E+13
Upper middle income,2011,1.75743E+13
Upper middle income,2012,1.87654E+13
Upper middle income,2013,1.99604E+13
Upper middle income,2014,2.07351E+13
Upper middle income,2015,1.99866E+13
Upper middle income,2016,2.00852E+13
Upper middle income,2017,2.20246E+13
Upper middle income,2018,2.35789E+13
Upper middle income,2019,2.39816E+13
Upper middle income,2020,2.32431E+13
Upper middle income,2021,2.77327E+13
Upper middle income,2022,2.89407E+13
Upper middle income,2023,2.99393E+13
Upper middle income,2024,3.09861E+13
Uruguay,1960,1242289239
Uruguay,1961,1547388781
Uruguay,1962,1710004407
Uruguay,1963,1539681491
Uruguay,1964,1975701816
Uruguay,1965,1890767156
Uruguay,1966,1809185094
Uruguay,1967,1597713469
Uruguay,1968,1593674185
Uruguay,1969,2004435484
Uruguay,1970,2137096774
Uruguay,1971,2807258065
Uruguay,1972,2189418689
Uruguay,1973,3964296443
Uruguay,1974,4090209682
Uruguay,1975,3538278047
Uruguay,1976,3667161241
Uruguay,1977,4114670014
Uruguay,1978,4910254566
Uruguay,1979,7181182224
Uruguay,1980,10163020116
Uruguay,1981,11048301421
Uruguay,1982,9178780077
Uruguay,1983,5102276308
Uruguay,1984,4850238550
Uruguay,1985,4732017873
Uruguay,1986,5880112788
Uruguay,1987,7367494080
Uruguay,1988,8213538369
Uruguay,1989,8438951476
Uruguay,1990,9298807850
Uruguay,1991,11206176651
Uruguay,1992,12878148791
Uruguay,1993,15002136971
Uruguay,1994,17474588896
Uruguay,1995,19297663097
Uruguay,1996,20515458114
Uruguay,1997,23969739234
Uruguay,1998,25385886978
Uruguay,1999,23983945191
Uruguay,2000,22823270892
Uruguay,2001,20898761742
Uruguay,2002,13606515723
Uruguay,2003,12045638352
Uruguay,2004,13686329890
Uruguay,2005,17362857684
Uruguay,2006,19741420740
Uruguay,2007,23797773024
Uruguay,2008,31119602539
Uruguay,2009,32708319078
Uruguay,2010,41950361212
Uruguay,2011,50342406067
Uruguay,2012,54232266359
Uruguay,2013,61337621934
Uruguay,2014,61496186974
Uruguay,2015,57680327999
Uruguay,2016,57480787465
Uruguay,2017,65005997963
Uruguay,2018,65344577416
Uruguay,2019,62222313619
Uruguay,2020,53559359262
Uruguay,2021,60739084241
Uruguay,2022,70594110920
Uruguay,2023,77991666838
Uruguay,2024,80961511074
United States,1960,5.41989E+11
United States,1961,5.6194E+11
United States,1962,6.03639E+11
United States,1963,6.37059E+11
United States,1964,6.84145E+11
United States,1965,7.41905E+11
United States,1966,8.13033E+11
United States,1967,8.5962E+11
United States,1968,9.40225E+11
United States,1969,1.01744E+12
United States,1970,1.0733E+12
United States,1971,1.16485E+12
United States,1972,1.27911E+12
United States,1973,1.42538E+12
United States,1974,1.54524E+12
United States,1975,1.6849E+12
United States,1976,1.87341E+12
United States,1977,2.08183E+12
United States,1978,2.3516E+12
United States,1979,2.62733E+12
United States,1980,2.85731E+12
United States,1981,3.20704E+12
United States,1982,3.34379E+12
United States,1983,3.63404E+12
United States,1984,4.03761E+12
United States,1985,4.33898E+12
United States,1986,4.57963E+12
United States,1987,4.85522E+12
United States,1988,5.23644E+12
United States,1989,5.64158E+12
United States,1990,5.96314E+12
United States,1991,6.15813E+12
United States,1992,6.52033E+12
United States,1993,6.85856E+12
United States,1994,7.28724E+12
United States,1995,7.63975E+12
United States,1996,8.07312E+12
United States,1997,8.57755E+12
United States,1998,9.06282E+12
United States,1999,9.63117E+12
United States,2000,1.02509E+13
United States,2001,1.05819E+13
United States,2002,1.09291E+13
United States,2003,1.14564E+13
United States,2004,1.22172E+13
United States,2005,1.30392E+13
United States,2006,1.38156E+13
United States,2007,1.44742E+13
United States,2008,1.47699E+13
United States,2009,1.44781E+13
United States,2010,1.5049E+13
United States,2011,1.55997E+13
United States,2012,1.6254E+13
United States,2013,1.68432E+13
United States,2014,1.75507E+13
United States,2015,1.8206E+13
United States,2016,1.86951E+13
United States,2017,1.94773E+13
United States,2018,2.05331E+13
United States,2019,2.1381E+13
United States,2020,2.10605E+13
United States,2021,2.33151E+13
United States,2022,2.56048E+13
United States,2023,2.72922E+13
United States,2024,2.8751E+13
Uzbekistan,1987,8523160593
Uzbekistan,1988,10722799639
Uzbekistan,1989,11948815258
Uzbekistan,1990,13362340338
Uzbekistan,1991,13800167712
Uzbekistan,1992,12953801760
Uzbekistan,1993,13099920056
Uzbekistan,1994,12899074922
Uzbekistan,1995,13350461265
Uzbekistan,1996,13948892216
Uzbekistan,1997,14744603774
Uzbekistan,1998,14988971211
Uzbekistan,1999,17078465982
Uzbekistan,2000,13760513969
Uzbekistan,2001,11401421329
Uzbekistan,2002,9687788513
Uzbekistan,2003,10134453435
Uzbekistan,2004,12030023548
Uzbekistan,2005,14307509839
Uzbekistan,2006,17330833853
Uzbekistan,2007,22311393928
Uzbekistan,2008,29549438884
Uzbekistan,2009,33689223673
Uzbekistan,2010,49765676402
Uzbekistan,2011,60178909297
Uzbekistan,2012,67517349212
Uzbekistan,2013,73180037915
Uzbekistan,2014,80845385809
Uzbekistan,2015,86196264755
Uzbekistan,2016,86138288644
Uzbekistan,2017,69703222283
Uzbekistan,2018,58695899092
Uzbekistan,2019,67293639798
Uzbekistan,2020,66443265418
Uzbekistan,2021,77340060003
Uzbekistan,2022,90095926567
Uzbekistan,2023,1.02642E+11
Uzbekistan,2024,1.14965E+11
St. Vincent and the Grenadines,1960,13066634
St. Vincent and the Grenadines,1961,13999965
St. Vincent and the Grenadines,1962,14524963.69
St. Vincent and the Grenadines,1963,13708299.06
St. Vincent and the Grenadines,1964,14758296.44
St. Vincent and the Grenadines,1965,15108295.56
St. Vincent and the Grenadines,1966,16099959.75
St. Vincent and the Grenadines,1967,15835106.03
St. Vincent and the Grenadines,1968,15350000
St. Vincent and the Grenadines,1969,16650000
St. Vincent and the Grenadines,1970,18450000
St. Vincent and the Grenadines,1971,20051922.33
St. Vincent and the Grenadines,1972,27585804.87
St. Vincent and the Grenadines,1973,30165081.09
St. Vincent and the Grenadines,1974,32923702.73
St. Vincent and the Grenadines,1975,33237225.99
St. Vincent and the Grenadines,1976,32792844.68
St. Vincent and the Grenadines,1977,49353161.85
St. Vincent and the Grenadines,1978,60844771.48
St. Vincent and the Grenadines,1979,71096359.63
St. Vincent and the Grenadines,1980,82340339.63
St. Vincent and the Grenadines,1981,102086539.3
St. Vincent and the Grenadines,1982,113759203.3
St. Vincent and the Grenadines,1983,122255349.6
St. Vincent and the Grenadines,1984,135024987.8
St. Vincent and the Grenadines,1985,145641705.2
St. Vincent and the Grenadines,1986,160846656.7
St. Vincent and the Grenadines,1987,175580647.4
St. Vincent and the Grenadines,1988,200726712.6
St. Vincent and the Grenadines,1989,214745002.2
St. Vincent and the Grenadines,1990,240366666.7
St. Vincent and the Grenadines,1991,254829629.6
St. Vincent and the Grenadines,1992,277955555.6
St. Vincent and the Grenadines,1993,286307407.4
St. Vincent and the Grenadines,1994,289437037
St. Vincent and the Grenadines,1995,316007407.4
St. Vincent and the Grenadines,1996,331488888.9
St. Vincent and the Grenadines,1997,347770370.4
St. Vincent and the Grenadines,1998,373618518.5
St. Vincent and the Grenadines,1999,390718518.5
St. Vincent and the Grenadines,2000,427946037
St. Vincent and the Grenadines,2001,462072333.3
St. Vincent and the Grenadines,2002,487763851.9
St. Vincent and the Grenadines,2003,509090888.9
St. Vincent and the Grenadines,2004,549900185.2
St. Vincent and the Grenadines,2005,579948925.9
St. Vincent and the Grenadines,2006,643501148.1
St. Vincent and the Grenadines,2007,713596666.7
St. Vincent and the Grenadines,2008,732663259.3
St. Vincent and the Grenadines,2009,714300259.3
St. Vincent and the Grenadines,2010,720447888.9
St. Vincent and the Grenadines,2011,713796370.4
St. Vincent and the Grenadines,2012,730032592.6
St. Vincent and the Grenadines,2013,764781259.3
St. Vincent and the Grenadines,2014,770900000
St. Vincent and the Grenadines,2015,786555555.6
St. Vincent and the Grenadines,2016,814303703.7
St. Vincent and the Grenadines,2017,844040740.7
St. Vincent and the Grenadines,2018,884329629.6
St. Vincent and the Grenadines,2019,910481481.5
St. Vincent and the Grenadines,2020,864566666.7
St. Vincent and the Grenadines,2021,888677777.8
St. Vincent and the Grenadines,2022,989188888.9
St. Vincent and the Grenadines,2023,1072237037
St. Vincent and the Grenadines,2024,1157207407
"Venezuela, RB",1960,7663938303
"Venezuela, RB",1961,8067267031
"Venezuela, RB",1962,8814309884
"Venezuela, RB",1963,9608717288
"Venezuela, RB",1964,8192413793
"Venezuela, RB",1965,8427777778
"Venezuela, RB",1966,8781333333
"Venezuela, RB",1967,9250000000
"Venezuela, RB",1968,10034444444
"Venezuela, RB",1969,10285111111
"Venezuela, RB",1970,11561111111
"Venezuela, RB",1971,12986590909
"Venezuela, RB",1972,13977727273
"Venezuela, RB",1973,17035581395
"Venezuela, RB",1974,26100930233
"Venezuela, RB",1975,27464651163
"Venezuela, RB",1976,31419534884
"Venezuela, RB",1977,36210697674
"Venezuela, RB",1978,39316279070
"Venezuela, RB",1979,48310930233
"Venezuela, RB",1980,59116511628
"Venezuela, RB",1981,66327441860
"Venezuela, RB",1982,67736744186
"Venezuela, RB",1983,67556279070
"Venezuela, RB",1984,59867743468
"Venezuela, RB",1985,61965466667
"Venezuela, RB",1986,60516123711
"Venezuela, RB",1987,48029034483
"Venezuela, RB",1988,60226413793
"Venezuela, RB",1989,43536709104
"Venezuela, RB",1990,48606952195
"Venezuela, RB",1991,53453444787
"Venezuela, RB",1992,60416519620
"Venezuela, RB",1993,60037460783
"Venezuela, RB",1994,58418666667
"Venezuela, RB",1995,77389487770
"Venezuela, RB",1996,70543211119
"Venezuela, RB",1997,85837678560
"Venezuela, RB",1998,91336763255
"Venezuela, RB",1999,97972842462
"Venezuela, RB",2000,1.17146E+11
"Venezuela, RB",2001,1.22911E+11
"Venezuela, RB",2002,92893587734
"Venezuela, RB",2003,83620628582
"Venezuela, RB",2004,1.12451E+11
"Venezuela, RB",2005,1.45513E+11
"Venezuela, RB",2006,1.83478E+11
"Venezuela, RB",2007,2.30364E+11
"Venezuela, RB",2008,3.15953E+11
"Venezuela, RB",2009,3.29788E+11
"Venezuela, RB",2010,3.93192E+11
"Venezuela, RB",2011,3.16482E+11
"Venezuela, RB",2012,3.72592E+11
"Venezuela, RB",2013,2.58931E+11
"Venezuela, RB",2014,2.1469E+11
"Venezuela, RB",2015,1.25449E+11
"Venezuela, RB",2016,1.12915E+11
"Venezuela, RB",2017,1.15883E+11
"Venezuela, RB",2018,1.02021E+11
"Venezuela, RB",2019,73014084091
"Venezuela, RB",2020,42838020721
"Venezuela, RB",2021,56614976855
"Venezuela, RB",2022,89013255585
"Venezuela, RB",2023,1.02377E+11
"Venezuela, RB",2024,1.19803E+11
Virgin Islands (U.S.),2002,3262000000
Virgin Islands (U.S.),2003,3443000000
Virgin Islands (U.S.),2004,3797000000
Virgin Islands (U.S.),2005,4428000000
Virgin Islands (U.S.),2006,4484000000
Virgin Islands (U.S.),2007,4784000000
Virgin Islands (U.S.),2008,4244000000
Virgin Islands (U.S.),2009,4201000000
Virgin Islands (U.S.),2010,4324000000
Virgin Islands (U.S.),2011,4223000000
Virgin Islands (U.S.),2012,4089000000
Virgin Islands (U.S.),2013,3738000000
Virgin Islands (U.S.),2014,3565000000
Virgin Islands (U.S.),2015,3663000000
Virgin Islands (U.S.),2016,3798000000
Virgin Islands (U.S.),2017,3794000000
Virgin Islands (U.S.),2018,3923000000
Virgin Islands (U.S.),2019,4121000000
Virgin Islands (U.S.),2020,4229000000
Virgin Islands (U.S.),2021,4507000000
Virgin Islands (U.S.),2022,4672000000
Viet Nam,1985,14094687821
Viet Nam,1986,26336616250
Viet Nam,1987,36658108850
Viet Nam,1988,25423812649
Viet Nam,1989,6293304975
Viet Nam,1990,6471740806
Viet Nam,1991,9613369520
Viet Nam,1992,9866990236
Viet Nam,1993,13180953598
Viet Nam,1994,16286433533
Viet Nam,1995,20736164459
Viet Nam,1996,24657470575
Viet Nam,1997,26843700442
Viet Nam,1998,27209602050
Viet Nam,1999,28683659007
Viet Nam,2000,31172518403
Viet Nam,2001,32685198809
Viet Nam,2002,35064105501
Viet Nam,2003,39552513232
Viet Nam,2004,45427854693
Viet Nam,2005,57633255738
Viet Nam,2006,66371664817
Viet Nam,2007,77414425532
Viet Nam,2008,99130304099
Viet Nam,2009,1.06015E+11
Viet Nam,2010,1.47201E+11
Viet Nam,2011,1.72595E+11
Viet Nam,2012,1.95591E+11
Viet Nam,2013,2.13709E+11
Viet Nam,2014,2.33451E+11
Viet Nam,2015,2.39258E+11
Viet Nam,2016,2.57096E+11
Viet Nam,2017,2.81354E+11
Viet Nam,2018,3.10106E+11
Viet Nam,2019,3.34365E+11
Viet Nam,2020,3.46616E+11
Viet Nam,2021,3.66475E+11
Viet Nam,2022,4.13445E+11
Viet Nam,2023,4.33858E+11
Viet Nam,2024,4.76388E+11
Vanuatu,1979,119258835.3
Vanuatu,1980,121185497.6
Vanuatu,1981,113781795.8
Vanuatu,1982,114501912.5
Vanuatu,1983,117389554.2
Vanuatu,1984,144482515.4
Vanuatu,1985,131856420.7
Vanuatu,1986,126498935.3
Vanuatu,1987,139464173.5
Vanuatu,1988,158351368.4
Vanuatu,1989,154013202.1
Vanuatu,1990,168879207.2
Vanuatu,1991,201334169.1
Vanuatu,1992,209088824.6
Vanuatu,1993,200491853.2
Vanuatu,1994,233701301.5
Vanuatu,1995,249333250.1
Vanuatu,1996,261370044.5
Vanuatu,1997,272771209.1
Vanuatu,1998,262293410.7
Vanuatu,1999,268006972.7
Vanuatu,2000,272014627.8
Vanuatu,2001,257926881.7
Vanuatu,2002,262596535.5
Vanuatu,2003,314471413
Vanuatu,2004,364996869.1
Vanuatu,2005,394962433
Vanuatu,2006,439358586.5
Vanuatu,2007,516392922.5
Vanuatu,2008,590748429.4
Vanuatu,2009,592622319.1
Vanuatu,2010,670712979.7
Vanuatu,2011,770153588.2
Vanuatu,2012,747839697.7
Vanuatu,2013,758304466.2
Vanuatu,2014,773717010.5
Vanuatu,2015,759690181
Vanuatu,2016,804323576.9
Vanuatu,2017,880043284.4
Vanuatu,2018,914727908.1
Vanuatu,2019,936526267.6
Vanuatu,2020,909421043.5
Vanuatu,2021,950394006.5
Vanuatu,2022,1055031361
Vanuatu,2023,1115861056
Vanuatu,2024,1117972034
World,1960,1.36649E+12
World,1961,1.44397E+12
World,1962,1.5449E+12
World,1963,1.67035E+12
World,1964,1.83103E+12
World,1965,1.99523E+12
World,1966,2.16271E+12
World,1967,2.29487E+12
World,1968,2.47982E+12
World,1969,2.73912E+12
World,1970,3.00426E+12
World,1971,3.3199E+12
World,1972,3.83421E+12
World,1973,4.68856E+12
World,1974,5.41951E+12
World,1975,6.03514E+12
World,1976,6.56017E+12
World,1977,7.41644E+12
World,1978,8.77966E+12
World,1979,1.01555E+13
World,1980,1.14528E+13
World,1981,1.18434E+13
World,1982,1.17193E+13
World,1983,1.1963E+13
World,1984,1.2428E+13
World,1985,1.3017E+13
World,1986,1.53484E+13
World,1987,1.74722E+13
World,1988,1.95248E+13
World,1989,2.03958E+13
World,1990,2.29228E+13
World,1991,2.39209E+13
World,1992,2.5547E+13
World,1993,2.59749E+13
World,1994,2.79614E+13
World,1995,3.12454E+13
World,1996,3.1969E+13
World,1997,3.18706E+13
World,1998,3.17337E+13
World,1999,3.27828E+13
World,2000,3.38982E+13
World,2001,3.36904E+13
World,2002,3.49915E+13
World,2003,3.92433E+13
World,2004,4.42254E+13
World,2005,4.79005E+13
World,2006,5.19235E+13
World,2007,5.85258E+13
World,2008,6.43117E+13
World,2009,6.09823E+13
World,2010,6.68112E+13
World,2011,7.43097E+13
World,2012,7.59606E+13
World,2013,7.80349E+13
World,2014,8.00549E+13
World,2015,7.56219E+13
World,2016,7.68317E+13
World,2017,8.18391E+13
World,2018,8.7051E+13
World,2019,8.84833E+13
World,2020,8.59128E+13
World,2021,9.81405E+13
World,2022,1.02252E+14
World,2023,1.06742E+14
World,2024,1.10983E+14
Samoa,1970,45208337.61
Samoa,1971,53719568.97
Samoa,1972,62566116.38
Samoa,1973,82452985.37
Samoa,1974,93549610.93
Samoa,1975,93489282.55
Samoa,1976,85003077.7
Samoa,1977,98295671.03
Samoa,1978,108223444.2
Samoa,1979,122257392.9
Samoa,1980,125747038
Samoa,1981,118190654.7
Samoa,1982,121221651.6
Samoa,1983,111862823.6
Samoa,1984,109200934.3
Samoa,1985,95572172.98
Samoa,1986,100947848.6
Samoa,1987,111713922.1
Samoa,1988,133016065.4
Samoa,1989,122888609.7
Samoa,1990,125766269.8
Samoa,1991,125597205.4
Samoa,1992,132303041.4
Samoa,1993,133122897.2
Samoa,1994,221098106.5
Samoa,1995,224865731.4
Samoa,1996,249907868.8
Samoa,1997,285475591.9
Samoa,1998,269485244.2
Samoa,1999,255408060.3
Samoa,2000,258856139.8
Samoa,2001,266299591.5
Samoa,2002,281790134.2
Samoa,2003,333426188.4
Samoa,2004,407747565.1
Samoa,2005,476801793.2
Samoa,2006,499923757.8
Samoa,2007,573548459.8
Samoa,2008,641346191.7
Samoa,2009,628006115.4
Samoa,2010,680260907.2
Samoa,2011,744097050.2
Samoa,2012,773141661.2
Samoa,2013,797736334.3
Samoa,2014,796683519.6
Samoa,2015,824150498.7
Samoa,2016,843924796.7
Samoa,2017,884844384.5
Samoa,2018,878448433.4
Samoa,2019,912950466.1
Samoa,2020,868884903
Samoa,2021,859724936.1
Samoa,2022,889554711.8
Samoa,2023,1044909500
Samoa,2024,1175749786
Kosovo,2008,5181776769
Kosovo,2009,5015894693
Kosovo,2010,5343950556
Kosovo,2011,6341613610
Kosovo,2012,6163484245
Kosovo,2013,6735328610
Kosovo,2014,7074394735
Kosovo,2015,6295848423
Kosovo,2016,6682677290
Kosovo,2017,7180768692
Kosovo,2018,7878762812
Kosovo,2019,7899741279
Kosovo,2020,7717143396
Kosovo,2021,9413408574
Kosovo,2022,9354907646
Kosovo,2023,10468224575
Kosovo,2024,11197246323
"Yemen, Rep.",1990,12643821569
"Yemen, Rep.",1991,14665445462
"Yemen, Rep.",1992,17959367194
"Yemen, Rep.",1993,21736802664
"Yemen, Rep.",1994,28019483764
"Yemen, Rep.",1995,12796345679
"Yemen, Rep.",1996,6496163616
"Yemen, Rep.",1997,6838298531
"Yemen, Rep.",1998,6322175566
"Yemen, Rep.",1999,7639325296
"Yemen, Rep.",2000,9679316770
"Yemen, Rep.",2001,9852990693
"Yemen, Rep.",2002,10693430511
"Yemen, Rep.",2003,11777532662
"Yemen, Rep.",2004,13867634371
"Yemen, Rep.",2005,16731566717
"Yemen, Rep.",2006,19063143370
"Yemen, Rep.",2007,21650528674
"Yemen, Rep.",2008,26910855807
"Yemen, Rep.",2009,25130278213
"Yemen, Rep.",2010,30906749533
"Yemen, Rep.",2011,32726417878
"Yemen, Rep.",2012,35401331610
"Yemen, Rep.",2013,40415233436
"Yemen, Rep.",2014,43228585321
"Yemen, Rep.",2015,42444490074
"Yemen, Rep.",2016,31317825274
"Yemen, Rep.",2017,26842229045
"Yemen, Rep.",2018,21606160663
South Africa,1960,8748596501
South Africa,1961,9225996310
South Africa,1962,9813996074
South Africa,1963,10854195658
South Africa,1964,11955995218
South Africa,1965,13068994772
South Africa,1966,14211394315
South Africa,1967,15821393671
South Africa,1968,17124793150
South Africa,1969,19256992297
South Africa,1970,21218391513
South Africa,1971,23411076638
South Africa,1972,24515919217
South Africa,1973,33262772008
South Africa,1974,41389186095
South Africa,1975,42906905672
South Africa,1976,41150460288
South Africa,1977,45328411332
South Africa,1978,51607412902
South Africa,1979,63038658089
South Africa,1980,89411864402
South Africa,1981,93141472164
South Africa,1982,85904057409
South Africa,1983,96204110942
South Africa,1984,84870163366
South Africa,1985,64459376087
South Africa,1986,73354771399
South Africa,1987,96535763418
South Africa,1988,1.03977E+11
South Africa,1989,1.08056E+11
South Africa,1990,1.26048E+11
South Africa,1991,1.35204E+11
South Africa,1992,1.46956E+11
South Africa,1993,1.47195E+11
South Africa,1994,1.53513E+11
South Africa,1995,1.71736E+11
South Africa,1996,1.63235E+11
South Africa,1997,1.68978E+11
South Africa,1998,1.52983E+11
South Africa,1999,1.51517E+11
South Africa,2000,1.51753E+11
South Africa,2001,1.3543E+11
South Africa,2002,1.29088E+11
South Africa,2003,1.97019E+11
South Africa,2004,2.55807E+11
South Africa,2005,2.88867E+11
South Africa,2006,3.03859E+11
South Africa,2007,3.33077E+11
South Africa,2008,3.16131E+11
South Africa,2009,3.29754E+11
South Africa,2010,4.17364E+11
South Africa,2011,4.58199E+11
South Africa,2012,4.34401E+11
South Africa,2013,4.00886E+11
South Africa,2014,3.81199E+11
South Africa,2015,3.4671E+11
South Africa,2016,3.23586E+11
South Africa,2017,3.81449E+11
South Africa,2018,4.05261E+11
South Africa,2019,3.8933E+11
South Africa,2020,3.37975E+11
South Africa,2021,4.19986E+11
South Africa,2022,4.07596E+11
South Africa,2023,3.81441E+11
South Africa,2024,4.01145E+11
Zambia,1960,698739720.8
Zambia,1961,682359727.3
Zambia,1962,679279728.6
Zambia,1963,704339718.5
Zambia,1964,822639671.3
Zambia,1965,1061199576
Zambia,1966,1238999505
Zambia,1967,1340639464
Zambia,1968,1573739371
Zambia,1969,1926399230
Zambia,1970,1788779285
Zambia,1971,1653259341
Zambia,1972,1872416680
Zambia,1973,2434255237
Zambia,1974,2910981262
Zambia,1975,2442672141
Zambia,1976,2742859263
Zambia,1977,2515296940
Zambia,1978,2811032473
Zambia,1979,3353445378
Zambia,1980,3884530854
Zambia,1981,4008126497
Zambia,1982,3871117093
Zambia,1983,3321048451
Zambia,1984,2719518933
Zambia,1985,2252454500
Zambia,1986,1664413508
Zambia,1987,2265250972
Zambia,1988,3728878149
Zambia,1989,3994673161
Zambia,1990,3288381797
Zambia,1991,3376806697
Zambia,1992,3182810841
Zambia,1993,3273505344
Zambia,1994,3656806166
Zambia,1995,3806983413
Zambia,1996,3597220962
Zambia,1997,4303288480
Zambia,1998,3537741942
Zambia,1999,3404284891
Zambia,2000,3600632111
Zambia,2001,4094441301
Zambia,2002,4193850445
Zambia,2003,4901869764
Zambia,2004,6221110219
Zambia,2005,8331870169
Zambia,2006,12756858899
Zambia,2007,14056957976
Zambia,2008,17910858638
Zambia,2009,15328342304
Zambia,2010,20265559484
Zambia,2011,23459515276
Zambia,2012,25503060420
Zambia,2013,28037239463
Zambia,2014,27141023558
Zambia,2015,21251216799
Zambia,2016,20958412538
Zambia,2017,25873601261
Zambia,2018,26311507274
Zambia,2019,23308667781
Zambia,2020,18137764931
Zambia,2021,22096416932
Zambia,2022,29163782140
Zambia,2023,27577956471
Zambia,2024,25303185342
Zimbabwe,1960,1053528036
Zimbabwe,1961,1097206526
Zimbabwe,1962,1118172226
Zimbabwe,1963,1160103724
Zimbabwe,1964,1217759447
Zimbabwe,1965,1312105394
Zimbabwe,1966,1282403936
Zimbabwe,1967,1397715282
Zimbabwe,1968,1480355355
Zimbabwe,1969,1748891294
Zimbabwe,1970,1885168339
Zimbabwe,1971,2179828710
Zimbabwe,1972,2679096597
Zimbabwe,1973,3311043292
Zimbabwe,1974,3984194614
Zimbabwe,1975,4373532601
Zimbabwe,1976,4320576877
Zimbabwe,1977,4366610469
Zimbabwe,1978,4353822343
Zimbabwe,1979,5180102910
Zimbabwe,1980,6682278300
Zimbabwe,1981,8015464252
Zimbabwe,1982,8544060905
Zimbabwe,1983,7768031182
Zimbabwe,1984,6355369172
Zimbabwe,1985,5640137575
Zimbabwe,1986,6220698247
Zimbabwe,1987,6744657033
Zimbabwe,1988,7818774177
Zimbabwe,1989,8290553535
Zimbabwe,1990,8788301546
Zimbabwe,1991,8646000000
Zimbabwe,1992,6755000000
Zimbabwe,1993,6567250000
Zimbabwe,1994,6894250000
Zimbabwe,1995,7115000000
Zimbabwe,1996,8557500000
Zimbabwe,1997,8534000000
Zimbabwe,1998,6405250000
Zimbabwe,1999,6861500000
Zimbabwe,2000,6693250000
Zimbabwe,2001,6780750000
Zimbabwe,2002,6345250000
Zimbabwe,2003,5730500000
Zimbabwe,2004,5808500000
Zimbabwe,2005,5758250000
Zimbabwe,2006,5446750000
Zimbabwe,2007,5294750000
Zimbabwe,2008,4418000000
Zimbabwe,2009,9670750000
Zimbabwe,2010,12047750000
Zimbabwe,2011,14109000000
Zimbabwe,2012,17123500000
Zimbabwe,2013,19100750000
Zimbabwe,2014,19505500000
Zimbabwe,2015,19973250000
Zimbabwe,2016,20559250000
Zimbabwe,2017,51035657371
Zimbabwe,2018,34141666667
Zimbabwe,2019,33357695635
Zimbabwe,2020,31980334561
Zimbabwe,2021,41287673690
Zimbabwe,2022,40757561709
Zimbabwe,2023,35871779681
Zimbabwe,2024,41539411516
